 /*
Script para la poblacion de la base de datos Zoologico 
*/

/* CAMBIOS HEHCHOS EN DDL:
 * LONGITUD DE a 12
 */
-----------------------------POBLANDO TABLAS------------------

--TABLA PROVEEDOR
--Proveedores Medicinas
insert into proveedor (RFC_Prov, Nombre, ApellidoPat, ApellidoMat, Calle, Colonia, Num_Ext, Num_Int, Estado, Fecha_Nac, FechaIn_Con, FechaFin_Con, Costo_Serv, Producto, Frecuencia, Genero) values ('MZSMEj7fZ2uH', 'Abigail', 'Barhems', 'MacAndrew', 'Dennis', 'Parkway', '71', '1', 'Pathum Thani', '4/27/1996', '3/10/2014', '10/12/2023', 14949.22, 'Vegetable - Base', 31, 'F');
insert into proveedor (RFC_Prov, Nombre, ApellidoPat, ApellidoMat, Calle, Colonia, Num_Ext, Num_Int, Estado, Fecha_Nac, FechaIn_Con, FechaFin_Con, Costo_Serv, Producto, Frecuencia, Genero) values ('Ugip20x9VT6g', 'Olly', 'Oldford', 'Curtin', 'Sutherland', 'Road', '89', '75', 'Clarines', '5/11/1992', '8/11/2013', '4/15/2024', 4887.11, 'Pie Shell - 5', 36, 'F');
insert into proveedor (RFC_Prov, Nombre, ApellidoPat, ApellidoMat, Calle, Colonia, Num_Ext, Num_Int, Estado, Fecha_Nac, FechaIn_Con, FechaFin_Con, Costo_Serv, Producto, Frecuencia, Genero) values ('Fa1PXQV3Q0D2', 'Alikee', 'Keyme', 'Savell', 'Carioca', 'Center', '316', '6885', 'Duraykīsh', '5/16/1996', '8/6/2020', '2/26/2024', 5076.99, 'Chocolate Bar - Oh Henry', 15, 'F');
insert into proveedor (RFC_Prov, Nombre, ApellidoPat, ApellidoMat, Calle, Colonia, Num_Ext, Num_Int, Estado, Fecha_Nac, FechaIn_Con, FechaFin_Con, Costo_Serv, Producto, Frecuencia, Genero) values ('4zHYs5HJ0UsV', 'Lynnell', 'Son', 'Barbour', 'Oneill', 'Plaza', '5674', '6', 'El Copey', '3/31/1976', '9/13/2020', '6/18/2023', 10618.0, 'Chicken - Soup Base', 55, 'F');
insert into proveedor (RFC_Prov, Nombre, ApellidoPat, ApellidoMat, Calle, Colonia, Num_Ext, Num_Int, Estado, Fecha_Nac, FechaIn_Con, FechaFin_Con, Costo_Serv, Producto, Frecuencia, Genero) values ('8LRxczWBMceH', 'Red', 'Pedler', 'Creane', 'Meadow Vale', 'Place', '733', '8335', 'Bordeaux', '12/20/2002', '1/7/2012', '11/16/2024', 2232.67, 'Taro Leaves', 26, 'M');
insert into proveedor (RFC_Prov, Nombre, ApellidoPat, ApellidoMat, Calle, Colonia, Num_Ext, Num_Int, Estado, Fecha_Nac, FechaIn_Con, FechaFin_Con, Costo_Serv, Producto, Frecuencia, Genero) values ('4y9wc49wci4r', 'Meryl', 'Rodolfi', 'Gossop', 'Basil', 'Pass', '5446', '82271', 'Khalīlābād', '1/29/1975', '9/10/2014', '4/5/2023', 14446.4, 'Steam Pan - Half Size Deep', 49, 'M');
insert into proveedor (RFC_Prov, Nombre, ApellidoPat, ApellidoMat, Calle, Colonia, Num_Ext, Num_Int, Estado, Fecha_Nac, FechaIn_Con, FechaFin_Con, Costo_Serv, Producto, Frecuencia, Genero) values ('fz9KHEbEtey5', 'Olia', 'Bever', 'Matushevich', 'Iowa', 'Trail', '00', '13', 'Peimei', '6/19/2002', '2/26/2013', '7/23/2023', 12333.06, 'Carrots - Mini Red Organic', 14, 'F');
insert into proveedor (RFC_Prov, Nombre, ApellidoPat, ApellidoMat, Calle, Colonia, Num_Ext, Num_Int, Estado, Fecha_Nac, FechaIn_Con, FechaFin_Con, Costo_Serv, Producto, Frecuencia, Genero) values ('YDgBe62NOz8A', 'Davine', 'Stucksbury', 'Checkley', 'Walton', 'Circle', '5', '95', 'Komletinci', '2/23/1992', '6/12/2019', '11/9/2023', 19514.65, 'Bread - Raisin Walnut Oval', 75, 'F');
insert into proveedor (RFC_Prov, Nombre, ApellidoPat, ApellidoMat, Calle, Colonia, Num_Ext, Num_Int, Estado, Fecha_Nac, FechaIn_Con, FechaFin_Con, Costo_Serv, Producto, Frecuencia, Genero) values ('290S2mMcOBcz', 'Rivy', 'Ingleton', 'Staniland', 'Marquette', 'Avenue', '497', '1015', 'Zhukeng', '1/23/1978', '11/15/2015', '5/24/2024', 11686.03, 'Mountain Dew', 38, 'F');
insert into proveedor (RFC_Prov, Nombre, ApellidoPat, ApellidoMat, Calle, Colonia, Num_Ext, Num_Int, Estado, Fecha_Nac, FechaIn_Con, FechaFin_Con, Costo_Serv, Producto, Frecuencia, Genero) values ('514DcPWL3527', 'Leeland', 'Coetzee', 'Foort', 'Amoth', 'Point', '2048', '3', 'Saint-Denis', '3/17/1972', '10/22/2012', '3/11/2024', 8717.12, 'Coffee - Flavoured', 43, 'M');
insert into proveedor (RFC_Prov, Nombre, ApellidoPat, ApellidoMat, Calle, Colonia, Num_Ext, Num_Int, Estado, Fecha_Nac, FechaIn_Con, FechaFin_Con, Costo_Serv, Producto, Frecuencia, Genero) values ('4GR3J7528834', 'Carolus', 'Syrie', 'Issit', 'Shoshone', 'Street', '4', '4880', 'Binlod', '5/3/1991', '11/6/2015', '4/6/2023', 767.87, 'Flour - Strong Pizza', 47, 'M');
insert into proveedor (RFC_Prov, Nombre, ApellidoPat, ApellidoMat, Calle, Colonia, Num_Ext, Num_Int, Estado, Fecha_Nac, FechaIn_Con, FechaFin_Con, Costo_Serv, Producto, Frecuencia, Genero) values ('LFh5kcCk7Yk7', 'Wildon', 'Calltone', 'Wiltsher', 'Larry', 'Pass', '10597', '8881', 'Korhogo', '3/1/1977', '5/6/2015', '9/13/2023', 802.21, 'Beets - Pickled', 76, 'M');
insert into proveedor (RFC_Prov, Nombre, ApellidoPat, ApellidoMat, Calle, Colonia, Num_Ext, Num_Int, Estado, Fecha_Nac, FechaIn_Con, FechaFin_Con, Costo_Serv, Producto, Frecuencia, Genero) values ('gTCN1cJUyTRc', 'Shel', 'Sangster', 'Raffels', 'Loeprich', 'Lane', '7', '25', 'Keboireng', '7/1/2001', '3/4/2016', '1/24/2023', 2476.64, 'Orange - Tangerine', 3, 'F');
insert into proveedor (RFC_Prov, Nombre, ApellidoPat, ApellidoMat, Calle, Colonia, Num_Ext, Num_Int, Estado, Fecha_Nac, FechaIn_Con, FechaFin_Con, Costo_Serv, Producto, Frecuencia, Genero) values ('76uE0ku2u51U', 'Nevile', 'Kibblewhite', 'Greed', 'Butternut', 'Street', '161', '81933', 'Åhus', '1/19/1983', '7/28/2014', '5/18/2023', 14803.64, 'Cookie Dough - Chunky', 27, 'M');
insert into proveedor (RFC_Prov, Nombre, ApellidoPat, ApellidoMat, Calle, Colonia, Num_Ext, Num_Int, Estado, Fecha_Nac, FechaIn_Con, FechaFin_Con, Costo_Serv, Producto, Frecuencia, Genero) values ('XY2pI303lexZ', 'Donny', 'Dawe', 'Turle', 'Manitowish', 'Court', '043', '049', 'Castlebellingham', '8/17/1989', '6/9/2012', '5/25/2023', 2394.56, 'Beer - Muskoka Cream Ale', 23, 'M');
insert into proveedor (RFC_Prov, Nombre, ApellidoPat, ApellidoMat, Calle, Colonia, Num_Ext, Num_Int, Estado, Fecha_Nac, FechaIn_Con, FechaFin_Con, Costo_Serv, Producto, Frecuencia, Genero) values ('72iBgwLYv1jz', 'Emmalee', 'Spurnier', 'Jandl', 'Sunfield', 'Center', '7364', '158', 'Porsgrunn', '7/28/1985', '2/25/2017', '10/8/2024', 9818.82, 'Cheese - Gorgonzola', 74, 'F');
insert into proveedor (RFC_Prov, Nombre, ApellidoPat, ApellidoMat, Calle, Colonia, Num_Ext, Num_Int, Estado, Fecha_Nac, FechaIn_Con, FechaFin_Con, Costo_Serv, Producto, Frecuencia, Genero) values ('dBfy1961g7p0', 'Dian', 'Caillou', 'Button', 'Lerdahl', 'Drive', '8704', '260', 'Tornio', '9/1/2002', '1/16/2019', '1/12/2024', 16707.85, 'Bread - Roll, Canadian Dinner', 16, 'F');
insert into proveedor (RFC_Prov, Nombre, ApellidoPat, ApellidoMat, Calle, Colonia, Num_Ext, Num_Int, Estado, Fecha_Nac, FechaIn_Con, FechaFin_Con, Costo_Serv, Producto, Frecuencia, Genero) values ('pZ29012E643N', 'Gawen', 'Bonnesen', 'Shrimptone', 'Rieder', 'Point', '5', '47056', 'Pantalowice', '4/3/1986', '2/2/2010', '6/3/2024', 17578.03, 'Chocolate - Dark Callets', 10, 'M');
insert into proveedor (RFC_Prov, Nombre, ApellidoPat, ApellidoMat, Calle, Colonia, Num_Ext, Num_Int, Estado, Fecha_Nac, FechaIn_Con, FechaFin_Con, Costo_Serv, Producto, Frecuencia, Genero) values ('7Ux6UK30Q76U', 'Tommy', 'Degoix', 'Donativo', 'Starling', 'Crossing', '138', '2', 'Kouvola', '12/26/1990', '9/8/2013', '12/28/2024', 2805.14, 'Veal - Provimi Inside', 57, 'M');
insert into proveedor (RFC_Prov, Nombre, ApellidoPat, ApellidoMat, Calle, Colonia, Num_Ext, Num_Int, Estado, Fecha_Nac, FechaIn_Con, FechaFin_Con, Costo_Serv, Producto, Frecuencia, Genero) values ('v6x1gUo5hU9R', 'Sharity', 'Dunston', 'Latehouse', 'Bultman', 'Drive', '22530', '0048', 'Bairro dos Marinheiros', '10/13/1970', '9/14/2022', '4/6/2023', 8815.89, 'Bread - Pain Au Liat X12', 39, 'F');
insert into proveedor (RFC_Prov, Nombre, ApellidoPat, ApellidoMat, Calle, Colonia, Num_Ext, Num_Int, Estado, Fecha_Nac, FechaIn_Con, FechaFin_Con, Costo_Serv, Producto, Frecuencia, Genero) values ('cfE98W7lOAsz', 'Jed', 'Bamb', 'Kapelhof', '2nd', 'Road', '6475', '5', 'Dampol', '11/27/1970', '3/11/2014', '8/28/2023', 11318.63, 'Cheese - Comte', 98, 'M');
insert into proveedor (RFC_Prov, Nombre, ApellidoPat, ApellidoMat, Calle, Colonia, Num_Ext, Num_Int, Estado, Fecha_Nac, FechaIn_Con, FechaFin_Con, Costo_Serv, Producto, Frecuencia, Genero) values ('I0nPrPv1QGKu', 'Jan', 'Faulconer', 'Esh', 'Algoma', 'Trail', '1', '397', 'Bayan Gol', '11/17/1995', '8/5/2018', '5/2/2024', 11888.46, 'Wine - Cahors Ac 2000, Clos', 13, 'F');
insert into proveedor (RFC_Prov, Nombre, ApellidoPat, ApellidoMat, Calle, Colonia, Num_Ext, Num_Int, Estado, Fecha_Nac, FechaIn_Con, FechaFin_Con, Costo_Serv, Producto, Frecuencia, Genero) values ('y9OiO32Fum4U', 'Randy', 'Otter', 'Lutman', 'Pleasure', 'Terrace', '4676', '51', 'Loma Bonita', '6/30/1998', '12/18/2015', '11/19/2024', 260.28, 'Flower - Carnations', 2, 'F');
insert into proveedor (RFC_Prov, Nombre, ApellidoPat, ApellidoMat, Calle, Colonia, Num_Ext, Num_Int, Estado, Fecha_Nac, FechaIn_Con, FechaFin_Con, Costo_Serv, Producto, Frecuencia, Genero) values ('I6Jv0z0rO308', 'Nikolaus', 'Nares', 'Bruniges', 'Warrior', 'Lane', '172', '83378', 'Sebasang', '3/22/1979', '6/4/2014', '1/31/2023', 5944.16, 'Capers - Ox Eye Daisy', 47, 'M');
insert into proveedor (RFC_Prov, Nombre, ApellidoPat, ApellidoMat, Calle, Colonia, Num_Ext, Num_Int, Estado, Fecha_Nac, FechaIn_Con, FechaFin_Con, Costo_Serv, Producto, Frecuencia, Genero) values ('9USh49N82Ayc', 'Herve', 'Keane', 'Degenhardt', 'Spohn', 'Drive', '12', '60', 'Norton', '11/10/1977', '6/22/2010', '12/20/2023', 1665.29, 'Wine - Kwv Chenin Blanc South', 47, 'M');
insert into proveedor (RFC_Prov, Nombre, ApellidoPat, ApellidoMat, Calle, Colonia, Num_Ext, Num_Int, Estado, Fecha_Nac, FechaIn_Con, FechaFin_Con, Costo_Serv, Producto, Frecuencia, Genero) values ('jj7lh3N29Q4D', 'Jdavie', 'Gavin', 'Ffrench', 'Bartillon', 'Parkway', '50017', '52148', 'Abhar', '7/4/1993', '6/4/2011', '5/15/2024', 2687.72, 'Wine - Blue Nun Qualitatswein', 2, 'M');
insert into proveedor (RFC_Prov, Nombre, ApellidoPat, ApellidoMat, Calle, Colonia, Num_Ext, Num_Int, Estado, Fecha_Nac, FechaIn_Con, FechaFin_Con, Costo_Serv, Producto, Frecuencia, Genero) values ('wOs37q041N1X', 'Tynan', 'Scarsbrick', 'Wynett', 'Sugar', 'Drive', '1874', '5192', 'Badrah', '5/12/2000', '4/11/2014', '3/4/2024', 6438.66, 'Sprouts - Pea', 13, 'M');
insert into proveedor (RFC_Prov, Nombre, ApellidoPat, ApellidoMat, Calle, Colonia, Num_Ext, Num_Int, Estado, Fecha_Nac, FechaIn_Con, FechaFin_Con, Costo_Serv, Producto, Frecuencia, Genero) values ('Bml0Euciljp7', 'Angus', 'Kemmett', 'Halsey', 'Transport', 'Alley', '952', '43', 'Paris 12', '11/12/1986', '11/12/2012', '3/24/2023', 19798.13, 'Hersey Shakes', 41, 'M');
insert into proveedor (RFC_Prov, Nombre, ApellidoPat, ApellidoMat, Calle, Colonia, Num_Ext, Num_Int, Estado, Fecha_Nac, FechaIn_Con, FechaFin_Con, Costo_Serv, Producto, Frecuencia, Genero) values ('Qur2Q7YK4FhL', 'Rosalynd', 'Scimone', 'Bigglestone', 'Springs', 'Avenue', '8', '22', 'Kokhanava', '9/13/1992', '5/29/2019', '2/19/2023', 18507.97, 'Table Cloth 54x54 White', 41, 'F');
insert into proveedor (RFC_Prov, Nombre, ApellidoPat, ApellidoMat, Calle, Colonia, Num_Ext, Num_Int, Estado, Fecha_Nac, FechaIn_Con, FechaFin_Con, Costo_Serv, Producto, Frecuencia, Genero) values ('eYcv2Z4CSvlG', 'Vito', 'Bende', 'Stanton', 'Dryden', 'Way', '5', '4', 'Rayside-Balfour', '2/26/1985', '12/16/2011', '4/23/2024', 16095.44, 'Sugar - Sweet N Low, Individual', 42, 'M');
insert into proveedor (RFC_Prov, Nombre, ApellidoPat, ApellidoMat, Calle, Colonia, Num_Ext, Num_Int, Estado, Fecha_Nac, FechaIn_Con, FechaFin_Con, Costo_Serv, Producto, Frecuencia, Genero) values ('1225IStHo6T8', 'Arlena', 'Connold', 'Ansell', 'Helena', 'Way', '82892', '8896', 'Uppsala', '6/4/1982', '5/29/2010', '1/10/2024', 18696.58, 'Wine - White, Ej', 78, 'F');
insert into proveedor (RFC_Prov, Nombre, ApellidoPat, ApellidoMat, Calle, Colonia, Num_Ext, Num_Int, Estado, Fecha_Nac, FechaIn_Con, FechaFin_Con, Costo_Serv, Producto, Frecuencia, Genero) values ('JO22PAByxda0', 'Gaston', 'Mathie', 'Glassman', 'Nelson', 'Parkway', '153', '449', 'Montecristi', '2/6/1996', '12/1/2015', '8/2/2024', 3701.02, 'Wine - Chablis 2003 Champs', 41, 'M');
insert into proveedor (RFC_Prov, Nombre, ApellidoPat, ApellidoMat, Calle, Colonia, Num_Ext, Num_Int, Estado, Fecha_Nac, FechaIn_Con, FechaFin_Con, Costo_Serv, Producto, Frecuencia, Genero) values ('bw1UYcl1vw54', 'Tamma', 'Dunderdale', 'Forkan', 'Dunning', 'Plaza', '8353', '3166', 'Clearwater', '5/23/1989', '8/24/2021', '4/13/2023', 17716.43, 'Chick Peas - Dried', 66, 'F');
insert into proveedor (RFC_Prov, Nombre, ApellidoPat, ApellidoMat, Calle, Colonia, Num_Ext, Num_Int, Estado, Fecha_Nac, FechaIn_Con, FechaFin_Con, Costo_Serv, Producto, Frecuencia, Genero) values ('IP5oOfVVvx49', 'Waldemar', 'Lippitt', 'Lowfill', 'Morning', 'Center', '34', '2509', 'Raleigh', '2/18/1987', '5/6/2013', '12/4/2023', 5598.22, 'Sauce - Cranberry', 84, 'M');
insert into proveedor (RFC_Prov, Nombre, ApellidoPat, ApellidoMat, Calle, Colonia, Num_Ext, Num_Int, Estado, Fecha_Nac, FechaIn_Con, FechaFin_Con, Costo_Serv, Producto, Frecuencia, Genero) values ('8u4X10G23h42', 'Anson', 'Flade', 'Ullyatt', 'Stone Corner', 'Way', '5734', '394', 'San Antonio Suchitepéquez', '7/14/1978', '7/25/2020', '2/20/2024', 15426.28, 'Table Cloth 90x90 Colour', 1, 'M');
insert into proveedor (RFC_Prov, Nombre, ApellidoPat, ApellidoMat, Calle, Colonia, Num_Ext, Num_Int, Estado, Fecha_Nac, FechaIn_Con, FechaFin_Con, Costo_Serv, Producto, Frecuencia, Genero) values ('WNt2rNRl8Zn4', 'Zerk', 'Skeermer', 'Weiser', 'Declaration', 'Avenue', '36', '837', 'Nizhniy Chir', '10/22/1993', '11/4/2012', '2/25/2024', 13246.5, 'Rice - 7 Grain Blend', 9, 'M');
insert into proveedor (RFC_Prov, Nombre, ApellidoPat, ApellidoMat, Calle, Colonia, Num_Ext, Num_Int, Estado, Fecha_Nac, FechaIn_Con, FechaFin_Con, Costo_Serv, Producto, Frecuencia, Genero) values ('3Id8kyF9n7IK', 'Kanya', 'Overbury', 'Gummory', 'Jenna', 'Lane', '4498', '1', 'Skanör', '12/27/1972', '6/8/2012', '9/17/2024', 19633.62, 'Cotton Wet Mop 16 Oz', 85, 'F');
insert into proveedor (RFC_Prov, Nombre, ApellidoPat, ApellidoMat, Calle, Colonia, Num_Ext, Num_Int, Estado, Fecha_Nac, FechaIn_Con, FechaFin_Con, Costo_Serv, Producto, Frecuencia, Genero) values ('LOOjrpW1H9TH', 'Tamiko', 'Waszkiewicz', 'Keeping', 'Bayside', 'Junction', '12509', '59', 'Rebrikha', '4/19/1975', '3/9/2012', '9/16/2024', 6822.51, 'Soup - Campbells - Chicken Noodle', 57, 'F');
insert into proveedor (RFC_Prov, Nombre, ApellidoPat, ApellidoMat, Calle, Colonia, Num_Ext, Num_Int, Estado, Fecha_Nac, FechaIn_Con, FechaFin_Con, Costo_Serv, Producto, Frecuencia, Genero) values ('NGM35fif4r5F', 'Evie', 'Gowler', 'Pethybridge', 'Elmside', 'Alley', '66', '69', 'Norton', '10/31/1971', '7/7/2014', '4/12/2024', 13720.65, 'Cheese Cloth No 60', 35, 'F');
insert into proveedor (RFC_Prov, Nombre, ApellidoPat, ApellidoMat, Calle, Colonia, Num_Ext, Num_Int, Estado, Fecha_Nac, FechaIn_Con, FechaFin_Con, Costo_Serv, Producto, Frecuencia, Genero) values ('P9cekbCx6MsV', 'Ekaterina', 'Weller', 'Brands', 'Anniversary', 'Street', '9', '572', 'Mapiri', '3/30/2002', '1/8/2013', '2/23/2024', 540.08, 'Spic And Span All Purpose', 93, 'F');
insert into proveedor (RFC_Prov, Nombre, ApellidoPat, ApellidoMat, Calle, Colonia, Num_Ext, Num_Int, Estado, Fecha_Nac, FechaIn_Con, FechaFin_Con, Costo_Serv, Producto, Frecuencia, Genero) values ('Yg8k92gzCQeH', 'Harlie', 'Lloyd', 'Vowles', 'Hintze', 'Trail', '0831', '2981', 'Tinambac', '7/2/1970', '1/27/2011', '8/22/2023', 4466.9, 'Juice - Happy Planet', 80, 'F');
insert into proveedor (RFC_Prov, Nombre, ApellidoPat, ApellidoMat, Calle, Colonia, Num_Ext, Num_Int, Estado, Fecha_Nac, FechaIn_Con, FechaFin_Con, Costo_Serv, Producto, Frecuencia, Genero) values ('Wup4lolB3mPT', 'Daphna', 'Alliban', 'Noke', 'Melrose', 'Junction', '742', '446', 'Broumov', '5/11/1993', '3/25/2021', '11/11/2023', 14652.28, 'Cheese - Marble', 86, 'F');
insert into proveedor (RFC_Prov, Nombre, ApellidoPat, ApellidoMat, Calle, Colonia, Num_Ext, Num_Int, Estado, Fecha_Nac, FechaIn_Con, FechaFin_Con, Costo_Serv, Producto, Frecuencia, Genero) values ('1h918Tx8y2y5', 'Lyndell', 'Prew', 'Sheaf', 'Elmside', 'Alley', '8652', '4451', 'Jönköping', '9/15/1999', '4/3/2022', '10/22/2023', 7438.34, 'Appetizer - Mango Chevre', 64, 'F');
insert into proveedor (RFC_Prov, Nombre, ApellidoPat, ApellidoMat, Calle, Colonia, Num_Ext, Num_Int, Estado, Fecha_Nac, FechaIn_Con, FechaFin_Con, Costo_Serv, Producto, Frecuencia, Genero) values ('2rin3S59Yr5Y', 'Gan', 'Birrane', 'Sayer', 'Fulton', 'Crossing', '1702', '4503', 'Duzhou', '5/23/1981', '10/18/2016', '7/3/2023', 9898.82, 'Wine - Red, Mosaic Zweigelt', 2, 'M');
insert into proveedor (RFC_Prov, Nombre, ApellidoPat, ApellidoMat, Calle, Colonia, Num_Ext, Num_Int, Estado, Fecha_Nac, FechaIn_Con, FechaFin_Con, Costo_Serv, Producto, Frecuencia, Genero) values ('6yj1smYrCahd', 'Rosalinda', 'Tours', 'Neller', 'Independence', 'Way', '8854', '1277', 'Uryupinsk', '9/20/1984', '7/25/2022', '1/13/2024', 18404.94, 'Tray - Foam, Square 4 - S', 46, 'F');
insert into proveedor (RFC_Prov, Nombre, ApellidoPat, ApellidoMat, Calle, Colonia, Num_Ext, Num_Int, Estado, Fecha_Nac, FechaIn_Con, FechaFin_Con, Costo_Serv, Producto, Frecuencia, Genero) values ('p9a3xlPiW0P5', 'Corny', 'Saundercock', 'Burton', 'Armistice', 'Terrace', '682', '4524', 'Fontem', '11/24/1996', '9/12/2011', '7/10/2023', 1318.44, 'Venison - Ground', 92, 'F');
insert into proveedor (RFC_Prov, Nombre, ApellidoPat, ApellidoMat, Calle, Colonia, Num_Ext, Num_Int, Estado, Fecha_Nac, FechaIn_Con, FechaFin_Con, Costo_Serv, Producto, Frecuencia, Genero) values ('55WdUR1SF3pl', 'Ola', 'Waywell', 'Wickwarth', 'Saint Paul', 'Circle', '008', '9136', 'Miastko', '3/4/1996', '1/2/2017', '10/13/2023', 6715.07, 'Rye Special Old', 42, 'F');
insert into proveedor (RFC_Prov, Nombre, ApellidoPat, ApellidoMat, Calle, Colonia, Num_Ext, Num_Int, Estado, Fecha_Nac, FechaIn_Con, FechaFin_Con, Costo_Serv, Producto, Frecuencia, Genero) values ('3dh3pJZ3QVEk', 'Luigi', 'Corbet', 'Prahl', 'Hoffman', 'Way', '41824', '53', 'Ambelón', '5/13/2002', '12/22/2011', '11/10/2023', 5960.5, 'Cotton Wet Mop 16 Oz', 61, 'M');
insert into proveedor (RFC_Prov, Nombre, ApellidoPat, ApellidoMat, Calle, Colonia, Num_Ext, Num_Int, Estado, Fecha_Nac, FechaIn_Con, FechaFin_Con, Costo_Serv, Producto, Frecuencia, Genero) values ('VXgPF7iQzgns', 'Fidole', 'Berthelet', 'Breem', 'Hintze', 'Street', '71390', '3', 'Coté-Lai', '2/3/1991', '6/21/2022', '1/10/2024', 1237.03, 'Lettuce - Lambs Mash', 34, 'M');
insert into proveedor (RFC_Prov, Nombre, ApellidoPat, ApellidoMat, Calle, Colonia, Num_Ext, Num_Int, Estado, Fecha_Nac, FechaIn_Con, FechaFin_Con, Costo_Serv, Producto, Frecuencia, Genero) values ('b851V60k3Teo', 'Lyn', 'Surplice', 'Doag', 'South', 'Lane', '7769', '8', 'Aş Şafaqayn', '1/26/1997', '2/2/2019', '1/23/2024', 2411.4, 'Wine - Champagne Brut Veuve', 65, 'F');
insert into proveedor (RFC_Prov, Nombre, ApellidoPat, ApellidoMat, Calle, Colonia, Num_Ext, Num_Int, Estado, Fecha_Nac, FechaIn_Con, FechaFin_Con, Costo_Serv, Producto, Frecuencia, Genero) values ('0vuNMmsZr006', 'Mahmud', 'Covely', 'Kilbourn', 'Brown', 'Terrace', '43069', '8', 'Yuyao', '4/27/1987', '3/19/2011', '1/15/2024', 12123.59, 'Pastry - Trippleberry Muffin - Mini', 47, 'M');
insert into proveedor (RFC_Prov, Nombre, ApellidoPat, ApellidoMat, Calle, Colonia, Num_Ext, Num_Int, Estado, Fecha_Nac, FechaIn_Con, FechaFin_Con, Costo_Serv, Producto, Frecuencia, Genero) values ('4FTH3nnb91i2', 'Malcolm', 'Haysar', 'Plomer', 'Harbort', 'Plaza', '09', '4', 'Karasuyama', '12/21/1986', '9/16/2010', '8/12/2024', 9043.65, 'Mousse - Passion Fruit', 64, 'M');
insert into proveedor (RFC_Prov, Nombre, ApellidoPat, ApellidoMat, Calle, Colonia, Num_Ext, Num_Int, Estado, Fecha_Nac, FechaIn_Con, FechaFin_Con, Costo_Serv, Producto, Frecuencia, Genero) values ('YpedH3iCEbWj', 'Hinze', 'Challen', 'Bonhome', 'Brentwood', 'Court', '69', '69980', 'Silikatnyy', '11/5/1979', '11/27/2010', '3/17/2023', 5750.38, 'Crab - Dungeness, Whole, live', 4, 'M');
insert into proveedor (RFC_Prov, Nombre, ApellidoPat, ApellidoMat, Calle, Colonia, Num_Ext, Num_Int, Estado, Fecha_Nac, FechaIn_Con, FechaFin_Con, Costo_Serv, Producto, Frecuencia, Genero) values ('a34Qv1aW59d1', 'Krystal', 'Mougin', 'Oldknow', 'Monica', 'Park', '425', '5', 'Gucheng', '5/6/1984', '9/7/2017', '2/24/2024', 6636.61, 'Asparagus - Frozen', 47, 'F');
insert into proveedor (RFC_Prov, Nombre, ApellidoPat, ApellidoMat, Calle, Colonia, Num_Ext, Num_Int, Estado, Fecha_Nac, FechaIn_Con, FechaFin_Con, Costo_Serv, Producto, Frecuencia, Genero) values ('3tbUoubCMl98', 'Barnaby', 'Joiner', 'Pessler', 'Chive', 'Alley', '855', '0886', 'Nanshao', '6/27/1975', '2/26/2016', '12/19/2024', 19057.2, 'Bread - White Mini Epi', 39, 'M');
insert into proveedor (RFC_Prov, Nombre, ApellidoPat, ApellidoMat, Calle, Colonia, Num_Ext, Num_Int, Estado, Fecha_Nac, FechaIn_Con, FechaFin_Con, Costo_Serv, Producto, Frecuencia, Genero) values ('i5k88Sbi6FYB', 'Spense', 'Munnings', 'Dauncey', 'Holmberg', 'Center', '9', '1', 'Soubré', '3/14/1989', '2/27/2022', '12/25/2024', 8642.69, 'Chicken - Leg / Back Attach', 76, 'M');
insert into proveedor (RFC_Prov, Nombre, ApellidoPat, ApellidoMat, Calle, Colonia, Num_Ext, Num_Int, Estado, Fecha_Nac, FechaIn_Con, FechaFin_Con, Costo_Serv, Producto, Frecuencia, Genero) values ('GB21GhE6Qbl7', 'Pembroke', 'Gartrell', 'Bassingden', 'Gina', 'Circle', '9101', '573', 'Cantaura', '1/3/2002', '10/30/2010', '12/22/2024', 19452.9, 'Orange Roughy 6/8 Oz', 76, 'M');
insert into proveedor (RFC_Prov, Nombre, ApellidoPat, ApellidoMat, Calle, Colonia, Num_Ext, Num_Int, Estado, Fecha_Nac, FechaIn_Con, FechaFin_Con, Costo_Serv, Producto, Frecuencia, Genero) values ('8D3zOSt4bzUI', 'Bo', 'Lowery', 'Aspenlon', 'Vera', 'Trail', '146', '954', 'Muyi', '10/30/1988', '8/30/2019', '8/15/2024', 5355.98, 'Squash - Pepper', 100, 'M');
insert into proveedor (RFC_Prov, Nombre, ApellidoPat, ApellidoMat, Calle, Colonia, Num_Ext, Num_Int, Estado, Fecha_Nac, FechaIn_Con, FechaFin_Con, Costo_Serv, Producto, Frecuencia, Genero) values ('a5hAaYACUe6r', 'Scott', 'Elrick', 'Casiroli', 'Menomonie', 'Center', '5', '16849', 'Dumingag', '8/6/1990', '10/20/2015', '2/4/2023', 2627.86, 'Beans - Yellow', 3, 'M');
insert into proveedor (RFC_Prov, Nombre, ApellidoPat, ApellidoMat, Calle, Colonia, Num_Ext, Num_Int, Estado, Fecha_Nac, FechaIn_Con, FechaFin_Con, Costo_Serv, Producto, Frecuencia, Genero) values ('LLYyQ7SiF7tT', 'Carena', 'Moncey', 'Ojeda', 'Bellgrove', 'Way', '972', '71075', 'Narbonne', '1/17/1993', '11/13/2015', '1/5/2024', 12286.82, 'Island Oasis - Lemonade', 36, 'F');
insert into proveedor (RFC_Prov, Nombre, ApellidoPat, ApellidoMat, Calle, Colonia, Num_Ext, Num_Int, Estado, Fecha_Nac, FechaIn_Con, FechaFin_Con, Costo_Serv, Producto, Frecuencia, Genero) values ('85TP5hr44deh', 'Dewitt', 'Dummett', 'Pooly', 'Briar Crest', 'Terrace', '61', '882', 'Krajan Alastengah', '6/26/1989', '5/7/2011', '7/10/2024', 13110.1, 'Turkey - Breast, Smoked', 64, 'M');
insert into proveedor (RFC_Prov, Nombre, ApellidoPat, ApellidoMat, Calle, Colonia, Num_Ext, Num_Int, Estado, Fecha_Nac, FechaIn_Con, FechaFin_Con, Costo_Serv, Producto, Frecuencia, Genero) values ('V3cac096s5Ia', 'Tris', 'Kift', 'O''Hern', 'Oriole', 'Court', '9', '28368', 'Trzin', '12/11/1982', '5/11/2019', '1/27/2024', 16545.93, 'Apricots Fresh', 8, 'M');
insert into proveedor (RFC_Prov, Nombre, ApellidoPat, ApellidoMat, Calle, Colonia, Num_Ext, Num_Int, Estado, Fecha_Nac, FechaIn_Con, FechaFin_Con, Costo_Serv, Producto, Frecuencia, Genero) values ('56vS3vjVI3ex', 'Arther', 'Biggs', 'Beatson', 'Tomscot', 'Park', '68362', '54', 'Kyaukse', '5/23/1996', '11/18/2019', '4/25/2024', 5270.52, 'Dr. Pepper - 355ml', 100, 'M');
insert into proveedor (RFC_Prov, Nombre, ApellidoPat, ApellidoMat, Calle, Colonia, Num_Ext, Num_Int, Estado, Fecha_Nac, FechaIn_Con, FechaFin_Con, Costo_Serv, Producto, Frecuencia, Genero) values ('p8Zql1v12ij5', 'Cathyleen', 'Abendroth', 'Dreigher', 'Delaware', 'Parkway', '686', '62420', 'Lorengau', '10/4/2002', '9/18/2022', '11/7/2023', 9610.16, 'Guava', 99, 'F');
insert into proveedor (RFC_Prov, Nombre, ApellidoPat, ApellidoMat, Calle, Colonia, Num_Ext, Num_Int, Estado, Fecha_Nac, FechaIn_Con, FechaFin_Con, Costo_Serv, Producto, Frecuencia, Genero) values ('OhIx6o5Ac1qU', 'Goran', 'Rontree', 'Keward', 'Grim', 'Alley', '8', '59508', 'Progër', '5/31/1997', '1/17/2019', '1/8/2024', 10533.35, 'Oranges', 77, 'M');
insert into proveedor (RFC_Prov, Nombre, ApellidoPat, ApellidoMat, Calle, Colonia, Num_Ext, Num_Int, Estado, Fecha_Nac, FechaIn_Con, FechaFin_Con, Costo_Serv, Producto, Frecuencia, Genero) values ('N6Bl1Z054hKe', 'Carma', 'Coysh', 'Climpson', 'Springview', 'Place', '17', '9165', 'Sorinomo', '7/6/1977', '11/8/2012', '8/16/2023', 3105.32, 'Cookie - Dough Variety', 57, 'F');
insert into proveedor (RFC_Prov, Nombre, ApellidoPat, ApellidoMat, Calle, Colonia, Num_Ext, Num_Int, Estado, Fecha_Nac, FechaIn_Con, FechaFin_Con, Costo_Serv, Producto, Frecuencia, Genero) values ('Z1aaQdEWO1ir', 'Carlen', 'Pirnie', 'Booi', 'Mariners Cove', 'Circle', '0303', '7', 'Zangbawa', '4/3/2000', '5/24/2011', '9/11/2024', 6284.56, 'Chicken - Livers', 86, 'F');
insert into proveedor (RFC_Prov, Nombre, ApellidoPat, ApellidoMat, Calle, Colonia, Num_Ext, Num_Int, Estado, Fecha_Nac, FechaIn_Con, FechaFin_Con, Costo_Serv, Producto, Frecuencia, Genero) values ('v6O2CE3s11K7', 'Corny', 'Van den Dael', 'Accum', 'Spenser', 'Street', '1959', '1769', 'Hanam', '8/18/1987', '11/22/2015', '10/16/2023', 12349.86, 'Pepper - Scotch Bonnet', 10, 'M');
insert into proveedor (RFC_Prov, Nombre, ApellidoPat, ApellidoMat, Calle, Colonia, Num_Ext, Num_Int, Estado, Fecha_Nac, FechaIn_Con, FechaFin_Con, Costo_Serv, Producto, Frecuencia, Genero) values ('885asPHeoR5B', 'Benetta', 'Jiru', 'Bradder', 'Red Cloud', 'Terrace', '284', '65749', 'Thanh Khê', '2/19/1997', '9/2/2019', '2/4/2023', 14748.13, 'Rye Special Old', 98, 'F');
insert into proveedor (RFC_Prov, Nombre, ApellidoPat, ApellidoMat, Calle, Colonia, Num_Ext, Num_Int, Estado, Fecha_Nac, FechaIn_Con, FechaFin_Con, Costo_Serv, Producto, Frecuencia, Genero) values ('UYga06ic0V3E', 'Nevil', 'Arthur', 'Gammie', 'Nevada', 'Junction', '271', '241', 'Ituzaingó', '9/23/1995', '11/10/2013', '10/22/2023', 1250.84, 'Wine - Red, Lurton Merlot De', 98, 'M');
insert into proveedor (RFC_Prov, Nombre, ApellidoPat, ApellidoMat, Calle, Colonia, Num_Ext, Num_Int, Estado, Fecha_Nac, FechaIn_Con, FechaFin_Con, Costo_Serv, Producto, Frecuencia, Genero) values ('NRw5uu6S5K9q', 'Boone', 'Luisetti', 'Snedker', 'Pierstorff', 'Court', '1234', '7', 'Nāgarpur', '8/17/1974', '11/29/2015', '6/4/2024', 18949.04, 'Chicken - Soup Base', 41, 'M');
insert into proveedor (RFC_Prov, Nombre, ApellidoPat, ApellidoMat, Calle, Colonia, Num_Ext, Num_Int, Estado, Fecha_Nac, FechaIn_Con, FechaFin_Con, Costo_Serv, Producto, Frecuencia, Genero) values ('cxvPWtfd0AfL', 'Jorgan', 'Bradnick', 'McMenamie', 'Merry', 'Center', '65180', '068', 'Oświęcim', '6/4/1994', '8/17/2017', '2/9/2024', 9401.1, 'Rum - Cream, Amarula', 94, 'M');
insert into proveedor (RFC_Prov, Nombre, ApellidoPat, ApellidoMat, Calle, Colonia, Num_Ext, Num_Int, Estado, Fecha_Nac, FechaIn_Con, FechaFin_Con, Costo_Serv, Producto, Frecuencia, Genero) values ('Bt5yyi1V6Rk6', 'Nilson', 'Philipsen', 'Roof', 'Crest Line', 'Place', '15', '877', 'Dianwan', '5/20/1987', '9/18/2019', '1/26/2023', 12635.01, 'Chinese Foods - Pepper Beef', 87, 'M');
insert into proveedor (RFC_Prov, Nombre, ApellidoPat, ApellidoMat, Calle, Colonia, Num_Ext, Num_Int, Estado, Fecha_Nac, FechaIn_Con, FechaFin_Con, Costo_Serv, Producto, Frecuencia, Genero) values ('Gb92T3Jw9TYY', 'Waiter', 'Leggitt', 'Pullen', 'Mayfield', 'Lane', '169', '726', 'Zhigulevsk', '6/17/2002', '10/17/2021', '10/18/2024', 19802.85, 'Appetiser - Bought', 93, 'M');
insert into proveedor (RFC_Prov, Nombre, ApellidoPat, ApellidoMat, Calle, Colonia, Num_Ext, Num_Int, Estado, Fecha_Nac, FechaIn_Con, FechaFin_Con, Costo_Serv, Producto, Frecuencia, Genero) values ('8AfhV0IA0JDR', 'Dalis', 'Cheevers', 'Talloe', 'Lakewood', 'Point', '140', '57577', 'Yongdeng Chengguanzhen', '1/21/1981', '11/11/2013', '3/5/2023', 14860.22, 'Tamarind Paste', 91, 'M');
insert into proveedor (RFC_Prov, Nombre, ApellidoPat, ApellidoMat, Calle, Colonia, Num_Ext, Num_Int, Estado, Fecha_Nac, FechaIn_Con, FechaFin_Con, Costo_Serv, Producto, Frecuencia, Genero) values ('KggmZ832j6Un', 'Archer', 'Benterman', 'Agiolfinger', '4th', 'Parkway', '3', '409', 'Ban Houayxay', '5/26/1997', '12/1/2021', '3/11/2024', 13871.55, 'Seabream Whole Farmed', 81, 'M');
insert into proveedor (RFC_Prov, Nombre, ApellidoPat, ApellidoMat, Calle, Colonia, Num_Ext, Num_Int, Estado, Fecha_Nac, FechaIn_Con, FechaFin_Con, Costo_Serv, Producto, Frecuencia, Genero) values ('lkVQybu4Wo6n', 'Appolonia', 'Hafford', 'Kornousek', 'Magdeline', 'Place', '53', '693', 'Przelewice', '3/9/1985', '10/9/2015', '5/20/2024', 9208.24, 'Rhubarb', 46, 'F');
insert into proveedor (RFC_Prov, Nombre, ApellidoPat, ApellidoMat, Calle, Colonia, Num_Ext, Num_Int, Estado, Fecha_Nac, FechaIn_Con, FechaFin_Con, Costo_Serv, Producto, Frecuencia, Genero) values ('0O7aKGzzEPRb', 'Garnette', 'Driuzzi', 'Labin', 'Fair Oaks', 'Crossing', '5', '48', 'Cisaro', '4/14/1980', '12/24/2014', '12/14/2023', 15215.61, 'Tomatoes - Vine Ripe, Red', 10, 'F');
insert into proveedor (RFC_Prov, Nombre, ApellidoPat, ApellidoMat, Calle, Colonia, Num_Ext, Num_Int, Estado, Fecha_Nac, FechaIn_Con, FechaFin_Con, Costo_Serv, Producto, Frecuencia, Genero) values ('0XikWevqT0y0', 'Jeramie', 'Fray', 'Krolik', 'Mendota', 'Terrace', '4', '35', 'Tougan', '3/19/1997', '12/1/2013', '2/20/2023', 9066.89, 'Fond - Neutral', 72, 'M');
insert into proveedor (RFC_Prov, Nombre, ApellidoPat, ApellidoMat, Calle, Colonia, Num_Ext, Num_Int, Estado, Fecha_Nac, FechaIn_Con, FechaFin_Con, Costo_Serv, Producto, Frecuencia, Genero) values ('t25F845K6VdQ', 'Carmita', 'Asche', 'Mettrick', 'Victoria', 'Point', '2', '16', 'Jarada', '9/28/1996', '7/8/2021', '10/20/2024', 18362.97, 'Split Peas - Green, Dry', 7, 'F');
insert into proveedor (RFC_Prov, Nombre, ApellidoPat, ApellidoMat, Calle, Colonia, Num_Ext, Num_Int, Estado, Fecha_Nac, FechaIn_Con, FechaFin_Con, Costo_Serv, Producto, Frecuencia, Genero) values ('3XpGp0dY0XwX', 'Bibby', 'Cavill', 'Quelch', 'Hollow Ridge', 'Avenue', '642', '34283', 'Frolovo', '4/1/1978', '2/17/2020', '5/23/2023', 17072.63, 'Shrimp, Dried, Small / Lb', 10, 'F');
insert into proveedor (RFC_Prov, Nombre, ApellidoPat, ApellidoMat, Calle, Colonia, Num_Ext, Num_Int, Estado, Fecha_Nac, FechaIn_Con, FechaFin_Con, Costo_Serv, Producto, Frecuencia, Genero) values ('XjO2slMO3KvM', 'Eliot', 'Culp', 'Robbie', 'Hermina', 'Terrace', '4737', '5719', 'Karvia', '2/19/1977', '5/4/2018', '9/15/2023', 3996.89, 'Lychee - Canned', 82, 'M');
insert into proveedor (RFC_Prov, Nombre, ApellidoPat, ApellidoMat, Calle, Colonia, Num_Ext, Num_Int, Estado, Fecha_Nac, FechaIn_Con, FechaFin_Con, Costo_Serv, Producto, Frecuencia, Genero) values ('08Iq30z40OPo', 'Grannie', 'McCafferty', 'Flight', 'Walton', 'Circle', '10', '73202', 'Doksy', '9/1/2001', '12/1/2022', '8/27/2024', 6937.74, 'Zucchini - Mini, Green', 97, 'M');
insert into proveedor (RFC_Prov, Nombre, ApellidoPat, ApellidoMat, Calle, Colonia, Num_Ext, Num_Int, Estado, Fecha_Nac, FechaIn_Con, FechaFin_Con, Costo_Serv, Producto, Frecuencia, Genero) values ('6wKq8JTv8ASo', 'Lara', 'Jannasch', 'Ungaretti', 'Monterey', 'Court', '9', '65', 'Tandag', '4/3/1974', '6/11/2011', '2/29/2024', 8532.94, 'Bread Ww Cluster', 15, 'F');
insert into proveedor (RFC_Prov, Nombre, ApellidoPat, ApellidoMat, Calle, Colonia, Num_Ext, Num_Int, Estado, Fecha_Nac, FechaIn_Con, FechaFin_Con, Costo_Serv, Producto, Frecuencia, Genero) values ('1fz9x82vgeOF', 'Wilek', 'Ong', 'Shiers', 'Novick', 'Circle', '86', '11052', 'Zheleznogorsk', '6/11/1978', '10/29/2010', '5/11/2023', 12810.68, 'Cup - 8oz Coffee Perforated', 52, 'M');
insert into proveedor (RFC_Prov, Nombre, ApellidoPat, ApellidoMat, Calle, Colonia, Num_Ext, Num_Int, Estado, Fecha_Nac, FechaIn_Con, FechaFin_Con, Costo_Serv, Producto, Frecuencia, Genero) values ('kruPPaJ0Ikqd', 'Errol', 'Styan', 'Pottie', 'Summer Ridge', 'Trail', '94', '03', 'Veiga', '4/6/1985', '7/16/2012', '2/26/2024', 4543.31, 'Sugar - Palm', 100, 'M');
insert into proveedor (RFC_Prov, Nombre, ApellidoPat, ApellidoMat, Calle, Colonia, Num_Ext, Num_Int, Estado, Fecha_Nac, FechaIn_Con, FechaFin_Con, Costo_Serv, Producto, Frecuencia, Genero) values ('q40IRnmUj28L', 'Leeanne', 'Merwood', 'Fane', 'Harbort', 'Plaza', '0', '2178', 'Storuman', '5/29/1985', '1/10/2018', '2/13/2023', 11110.35, 'Soup - Knorr, Classic Can. Chili', 98, 'F');
insert into proveedor (RFC_Prov, Nombre, ApellidoPat, ApellidoMat, Calle, Colonia, Num_Ext, Num_Int, Estado, Fecha_Nac, FechaIn_Con, FechaFin_Con, Costo_Serv, Producto, Frecuencia, Genero) values ('1oWSgjRCPHKG', 'Herta', 'MacFie', 'Jikovsky', 'Dunning', 'Crossing', '74', '68178', 'Watuagung', '11/17/1977', '9/24/2012', '2/18/2024', 5965.21, 'Lemonade - Strawberry, 591 Ml', 19, 'F');
insert into proveedor (RFC_Prov, Nombre, ApellidoPat, ApellidoMat, Calle, Colonia, Num_Ext, Num_Int, Estado, Fecha_Nac, FechaIn_Con, FechaFin_Con, Costo_Serv, Producto, Frecuencia, Genero) values ('SOA77ebhSgC8', 'Devy', 'Vennart', 'Lapides', 'Troy', 'Street', '8653', '33', 'Dushang', '3/8/1974', '3/12/2011', '2/21/2024', 3929.8, 'Bread - Crumbs, Bulk', 5, 'M');
insert into proveedor (RFC_Prov, Nombre, ApellidoPat, ApellidoMat, Calle, Colonia, Num_Ext, Num_Int, Estado, Fecha_Nac, FechaIn_Con, FechaFin_Con, Costo_Serv, Producto, Frecuencia, Genero) values ('5q0C60eBk9Q1', 'Luella', 'Wayte', 'Gyrgorwicx', '1st', 'Trail', '993', '27995', 'Sangesi', '8/14/1981', '9/7/2017', '9/27/2024', 3124.0, 'Veal - Brisket, Provimi,bnls', 17, 'F');
insert into proveedor (RFC_Prov, Nombre, ApellidoPat, ApellidoMat, Calle, Colonia, Num_Ext, Num_Int, Estado, Fecha_Nac, FechaIn_Con, FechaFin_Con, Costo_Serv, Producto, Frecuencia, Genero) values ('qr1AwJu0xhB3', 'Mil', 'Dottridge', 'Van T''Hoog', 'Oriole', 'Circle', '2', '96', 'Lianghe', '6/17/1970', '3/7/2019', '2/27/2024', 9095.14, 'Bread - Italian Sesame Poly', 17, 'F');
insert into proveedor (RFC_Prov, Nombre, ApellidoPat, ApellidoMat, Calle, Colonia, Num_Ext, Num_Int, Estado, Fecha_Nac, FechaIn_Con, FechaFin_Con, Costo_Serv, Producto, Frecuencia, Genero) values ('4y698t83IMzT', 'Lia', 'Riggoll', 'Stripp', 'Hooker', 'Park', '545', '719', 'Banī Suhaylā', '1/15/1979', '10/11/2017', '7/8/2023', 8928.69, 'Wine - Tio Pepe Sherry Fino', 45, 'F');
insert into proveedor (RFC_Prov, Nombre, ApellidoPat, ApellidoMat, Calle, Colonia, Num_Ext, Num_Int, Estado, Fecha_Nac, FechaIn_Con, FechaFin_Con, Costo_Serv, Producto, Frecuencia, Genero) values ('DGn9cYOp11B3', 'Jecho', 'Dahlborg', 'Whitebread', 'Carioca', 'Avenue', '6', '1524', 'Furudate', '5/26/1986', '4/23/2020', '1/15/2024', 3577.72, 'Beans - Navy, Dry', 40, 'M');
insert into proveedor (RFC_Prov, Nombre, ApellidoPat, ApellidoMat, Calle, Colonia, Num_Ext, Num_Int, Estado, Fecha_Nac, FechaIn_Con, FechaFin_Con, Costo_Serv, Producto, Frecuencia, Genero) values ('95I87727CwpT', 'Kristina', 'Wigsell', 'Pedron', 'Karstens', 'Plaza', '3752', '50611', 'Turbo', '12/25/2001', '4/2/2017', '1/31/2023', 15745.67, 'Cardamon Seed / Pod', 68, 'F');
insert into proveedor (RFC_Prov, Nombre, ApellidoPat, ApellidoMat, Calle, Colonia, Num_Ext, Num_Int, Estado, Fecha_Nac, FechaIn_Con, FechaFin_Con, Costo_Serv, Producto, Frecuencia, Genero) values ('f4OvHhG4fqwY', 'Frankie', 'Enns', 'Powlesland', 'Pennsylvania', 'Park', '2653', '09096', 'Shangma', '1/27/1990', '6/1/2021', '8/11/2023', 4988.67, 'Table Cloth 62x114 Colour', 69, 'M');
insert into proveedor (RFC_Prov, Nombre, ApellidoPat, ApellidoMat, Calle, Colonia, Num_Ext, Num_Int, Estado, Fecha_Nac, FechaIn_Con, FechaFin_Con, Costo_Serv, Producto, Frecuencia, Genero) values ('4d8jiSPu0F7B', 'Anya', 'Sego', 'Harker', 'Aberg', 'Junction', '6483', '292', 'Aubervilliers', '4/25/1997', '3/26/2017', '1/17/2023', 4747.76, 'Grapefruit - White', 92, 'F');
insert into proveedor (RFC_Prov, Nombre, ApellidoPat, ApellidoMat, Calle, Colonia, Num_Ext, Num_Int, Estado, Fecha_Nac, FechaIn_Con, FechaFin_Con, Costo_Serv, Producto, Frecuencia, Genero) values ('n7juGBoYClG9', 'Kassie', 'MacKaig', 'Hadleigh', 'Loeprich', 'Alley', '4383', '7705', 'Kumba', '3/2/1989', '10/15/2019', '3/30/2024', 11994.6, 'Wine - Ruffino Chianti', 3, 'F');
insert into proveedor (RFC_Prov, Nombre, ApellidoPat, ApellidoMat, Calle, Colonia, Num_Ext, Num_Int, Estado, Fecha_Nac, FechaIn_Con, FechaFin_Con, Costo_Serv, Producto, Frecuencia, Genero) values ('MEJ1t1JP2uHG', 'Jolynn', 'Yallop', 'Bergin', 'Northview', 'Way', '18997', '91800', 'Lupak', '6/1/1979', '2/9/2010', '2/17/2023', 8747.16, 'Lobster - Tail 6 Oz', 20, 'F');
insert into proveedor (RFC_Prov, Nombre, ApellidoPat, ApellidoMat, Calle, Colonia, Num_Ext, Num_Int, Estado, Fecha_Nac, FechaIn_Con, FechaFin_Con, Costo_Serv, Producto, Frecuencia, Genero) values ('4WogXhM877R4', 'Ofelia', 'Caddy', 'Tretwell', 'Northview', 'Junction', '0', '51061', 'Lidoríki', '1/22/1974', '6/26/2019', '6/15/2024', 9454.37, 'Brandy Cherry - Mcguinness', 70, 'F');
insert into proveedor (RFC_Prov, Nombre, ApellidoPat, ApellidoMat, Calle, Colonia, Num_Ext, Num_Int, Estado, Fecha_Nac, FechaIn_Con, FechaFin_Con, Costo_Serv, Producto, Frecuencia, Genero) values ('B7yOd8o1e266', 'Linus', 'Leale', 'Wreakes', 'Bellgrove', 'Way', '23658', '750', 'Tupesy', '3/3/1974', '4/24/2022', '11/4/2023', 18070.89, 'Shrimp - Black Tiger 13/15', 89, 'M');
--Proveedores Servicios
INSERT INTO proveedor(RFC_Prov,Nombre,ApellidoPat,ApellidoMat,Calle,Colonia,Num_Ext,Num_Int,Estado,Fecha_Nac,FechaIn_Con,FechaFin_Con,Costo_Serv,Producto,Frecuencia,Genero) VALUES ('75HUUQw7xjcT','Lynett','Sawforde','Welbrock','5th','Road',41029,8949,'Distrito Federal','1/24/1993','3/5/2016','5/30/2024',8441.53,'Blueberries',81,'F');
INSERT INTO proveedor(RFC_Prov,Nombre,ApellidoPat,ApellidoMat,Calle,Colonia,Num_Ext,Num_Int,Estado,Fecha_Nac,FechaIn_Con,FechaFin_Con,Costo_Serv,Producto,Frecuencia,Genero) VALUES ('MpTUN9OB7CP8','Brietta','Mitchenson','Kidman','Brentwood','Pass',49,84221,'Chiapas','1/26/1967','7/21/2020','9/16/2024',125.28,'Bread - French Baquette',28,'F');
INSERT INTO proveedor(RFC_Prov,Nombre,ApellidoPat,ApellidoMat,Calle,Colonia,Num_Ext,Num_Int,Estado,Fecha_Nac,FechaIn_Con,FechaFin_Con,Costo_Serv,Producto,Frecuencia,Genero) VALUES ('tvyWZZ4OWW4Y','Kissiah','Kimbrey','Rains','Shasta','Drive',533,657,'Mexico','12/2/1964','3/21/2022','1/19/2024',3717.94,'Cheese - Mozzarella',58,'F');
INSERT INTO proveedor(RFC_Prov,Nombre,ApellidoPat,ApellidoMat,Calle,Colonia,Num_Ext,Num_Int,Estado,Fecha_Nac,FechaIn_Con,FechaFin_Con,Costo_Serv,Producto,Frecuencia,Genero) VALUES ('f8IlVH5ErrUV','Pierrette','Wills','Bewlay','Rusk','Drive',3,01,'Chihuahua','2/13/1968','3/28/2018','11/28/2024',519.71,'Lamb Leg - Bone - In Nz',67,'F');
INSERT INTO proveedor(RFC_Prov,Nombre,ApellidoPat,ApellidoMat,Calle,Colonia,Num_Ext,Num_Int,Estado,Fecha_Nac,FechaIn_Con,FechaFin_Con,Costo_Serv,Producto,Frecuencia,Genero) VALUES ('JHWjfuyUVkcB','Giff','Toope','Raspison','Mockingbird','Trail',509,50,'Veracruz Llave','8/3/1966','2/6/2022','12/11/2023',5397.01,'Vinegar - Sherry',55,'M');
INSERT INTO proveedor(RFC_Prov,Nombre,ApellidoPat,ApellidoMat,Calle,Colonia,Num_Ext,Num_Int,Estado,Fecha_Nac,FechaIn_Con,FechaFin_Con,Costo_Serv,Producto,Frecuencia,Genero) VALUES ('JUq6H1GQ3oMU','Juliane','Hutcheons','Barnett','Thierer','Way',084,1,'Oaxaca','3/8/1981','7/29/2022','7/23/2024',5383.66,'Muffin Mix - Banana Nut',37,'F');
INSERT INTO proveedor(RFC_Prov,Nombre,ApellidoPat,ApellidoMat,Calle,Colonia,Num_Ext,Num_Int,Estado,Fecha_Nac,FechaIn_Con,FechaFin_Con,Costo_Serv,Producto,Frecuencia,Genero) VALUES ('4Xr1IUCbjcRs','Daisi','Kneal','Butten','Springview','Trail',8,8861,'Yucatan','9/25/1976','9/1/2021','9/22/2024',1204.48,'Coffee Beans - Chocolate',79,'F');
INSERT INTO proveedor(RFC_Prov,Nombre,ApellidoPat,ApellidoMat,Calle,Colonia,Num_Ext,Num_Int,Estado,Fecha_Nac,FechaIn_Con,FechaFin_Con,Costo_Serv,Producto,Frecuencia,Genero) VALUES ('BB2pM2ZBTCBN','Sophi','Perulli','Grisdale','Paget','Point',597,129,'Veracruz Llave','1/19/1954','4/12/2019','3/14/2024',11381.28,'Ecolab - Hobart Washarm End Cap',59,'F');
INSERT INTO proveedor(RFC_Prov,Nombre,ApellidoPat,ApellidoMat,Calle,Colonia,Num_Ext,Num_Int,Estado,Fecha_Nac,FechaIn_Con,FechaFin_Con,Costo_Serv,Producto,Frecuencia,Genero) VALUES ('rtoGEzgaTR8y','Engracia','Colhoun','Padly','Barnett','Pass',94,5476,'Guerrero','4/13/2001','12/25/2015','6/8/2024',6259.39,'Water - Tonic',49,'F');
INSERT INTO proveedor(RFC_Prov,Nombre,ApellidoPat,ApellidoMat,Calle,Colonia,Num_Ext,Num_Int,Estado,Fecha_Nac,FechaIn_Con,FechaFin_Con,Costo_Serv,Producto,Frecuencia,Genero) VALUES ('K4yTXMvHz545','Madlen','Pybworth','Levee','Anthes','Terrace',00619,767,'Veracruz Llave','6/18/1976','6/3/2016','9/28/2024',8716.26,'Cookies - Fortune',28,'F');
INSERT INTO proveedor(RFC_Prov,Nombre,ApellidoPat,ApellidoMat,Calle,Colonia,Num_Ext,Num_Int,Estado,Fecha_Nac,FechaIn_Con,FechaFin_Con,Costo_Serv,Producto,Frecuencia,Genero) VALUES ('j00F1aUfuZKX','Artemus','Pipet','Gonnelly','Arrowood','Hill',187,160,'Mexico','6/26/2002','9/29/2018','12/30/2023',16211.9,'Mudslide',20,'M');
INSERT INTO proveedor(RFC_Prov,Nombre,ApellidoPat,ApellidoMat,Calle,Colonia,Num_Ext,Num_Int,Estado,Fecha_Nac,FechaIn_Con,FechaFin_Con,Costo_Serv,Producto,Frecuencia,Genero) VALUES ('wh73Ww0d8BFq','Lev','Ferreri','Ricardot','Granby','Park',93436,00559,'Jalisco','10/17/1964','6/20/2018','6/2/2024',15308.36,'Cherries - Maraschino,jar',86,'M');
INSERT INTO proveedor(RFC_Prov,Nombre,ApellidoPat,ApellidoMat,Calle,Colonia,Num_Ext,Num_Int,Estado,Fecha_Nac,FechaIn_Con,FechaFin_Con,Costo_Serv,Producto,Frecuencia,Genero) VALUES ('inQ7TyifVUWF','Eve','Pittford','Lambertazzi','Aberg','Trail',723,33335,'Veracruz Llave','8/4/1991','6/20/2018','4/7/2024',9245.39,'Flour - Semolina',33,'F');
INSERT INTO proveedor(RFC_Prov,Nombre,ApellidoPat,ApellidoMat,Calle,Colonia,Num_Ext,Num_Int,Estado,Fecha_Nac,FechaIn_Con,FechaFin_Con,Costo_Serv,Producto,Frecuencia,Genero) VALUES ('3xyWCRZ8V0MP','Brok','Stallion','Kissack','Tennessee','Court',6,2737,'Veracruz Llave','3/3/1996','7/26/2015','7/21/2024',17504.55,'Tobasco Sauce',68,'M');
INSERT INTO proveedor(RFC_Prov,Nombre,ApellidoPat,ApellidoMat,Calle,Colonia,Num_Ext,Num_Int,Estado,Fecha_Nac,FechaIn_Con,FechaFin_Con,Costo_Serv,Producto,Frecuencia,Genero) VALUES ('gveFqcrsr4mR','Neilla','McGeorge','MacGow','Evergreen','Lane',78057,48,'Chiapas','5/1/1986','9/6/2019','5/5/2024',4053.44,'Fish - Bones',11,'F');
INSERT INTO proveedor(RFC_Prov,Nombre,ApellidoPat,ApellidoMat,Calle,Colonia,Num_Ext,Num_Int,Estado,Fecha_Nac,FechaIn_Con,FechaFin_Con,Costo_Serv,Producto,Frecuencia,Genero) VALUES ('J4SUUjPZpctR','Maggy','Lund','Di Pietro','Quincy','Avenue',7059,88216,'Zacatecas','1/20/1972','3/11/2023','8/6/2024',10659.16,'Pickle - Dill',25,'F');
INSERT INTO proveedor(RFC_Prov,Nombre,ApellidoPat,ApellidoMat,Calle,Colonia,Num_Ext,Num_Int,Estado,Fecha_Nac,FechaIn_Con,FechaFin_Con,Costo_Serv,Producto,Frecuencia,Genero) VALUES ('1DUgPqj8RsII','Marlon','Huison','Willers','Melody','Terrace',0,53,'Jalisco','8/22/1957','12/13/2019','1/5/2024',5224.46,'Spice - Montreal Steak Spice',16,'M');
INSERT INTO proveedor(RFC_Prov,Nombre,ApellidoPat,ApellidoMat,Calle,Colonia,Num_Ext,Num_Int,Estado,Fecha_Nac,FechaIn_Con,FechaFin_Con,Costo_Serv,Producto,Frecuencia,Genero) VALUES ('QH2hh0n8H4wn','Norman','Worsalls','Maudsley','Esch','Road',3600,8140,'Chiapas','2/6/1980','10/21/2019','7/1/2024',8364.63,'Longos - Chicken Wings',32,'M');
INSERT INTO proveedor(RFC_Prov,Nombre,ApellidoPat,ApellidoMat,Calle,Colonia,Num_Ext,Num_Int,Estado,Fecha_Nac,FechaIn_Con,FechaFin_Con,Costo_Serv,Producto,Frecuencia,Genero) VALUES ('Gs8LmPzXiOlr','Fulvia','Dach','Sayles','Scofield','Terrace',6342,3715,'Veracruz Llave','10/21/1951','12/5/2017','11/20/2024',13443.61,'Butter - Pod',86,'F');
INSERT INTO proveedor(RFC_Prov,Nombre,ApellidoPat,ApellidoMat,Calle,Colonia,Num_Ext,Num_Int,Estado,Fecha_Nac,FechaIn_Con,FechaFin_Con,Costo_Serv,Producto,Frecuencia,Genero) VALUES ('CXW9CmwMBwAl','Evelina','Orrom','Domoney','Hoffman','Point',3980,2,'Veracruz Llave','9/15/1984','9/17/2022','9/6/2024',9454.82,'Monkfish - Fresh',61,'F');
INSERT INTO proveedor(RFC_Prov,Nombre,ApellidoPat,ApellidoMat,Calle,Colonia,Num_Ext,Num_Int,Estado,Fecha_Nac,FechaIn_Con,FechaFin_Con,Costo_Serv,Producto,Frecuencia,Genero) VALUES ('rdjdcedPzDNS','Thomasine','Halpine','Girodier','Mariners Cove','Park',24,46,'Veracruz Llave','3/2/1990','12/10/2016','9/24/2024',11188.84,'Pork - Backs - Boneless',61,'F');
INSERT INTO proveedor(RFC_Prov,Nombre,ApellidoPat,ApellidoMat,Calle,Colonia,Num_Ext,Num_Int,Estado,Fecha_Nac,FechaIn_Con,FechaFin_Con,Costo_Serv,Producto,Frecuencia,Genero) VALUES ('tokbtZrKeBHE','Alexander','Ghilardi','Mulholland','Crest Line','Point',7412,0,'Mexico','1/1/1958','11/11/2020','10/9/2024',19762.95,'Pheasants - Whole',17,'M');
INSERT INTO proveedor(RFC_Prov,Nombre,ApellidoPat,ApellidoMat,Calle,Colonia,Num_Ext,Num_Int,Estado,Fecha_Nac,FechaIn_Con,FechaFin_Con,Costo_Serv,Producto,Frecuencia,Genero) VALUES ('z4ZXPTZlxX1W','Orion','Scamp','Morfield','Golf','Crossing',69260,5,'Oaxaca','4/14/1996','1/26/2022','9/5/2024',18760.68,'Trout - Hot Smkd, Dbl Fillet',63,'M');
INSERT INTO proveedor(RFC_Prov,Nombre,ApellidoPat,ApellidoMat,Calle,Colonia,Num_Ext,Num_Int,Estado,Fecha_Nac,FechaIn_Con,FechaFin_Con,Costo_Serv,Producto,Frecuencia,Genero) VALUES ('vrs5HGcKx43Z','Shel','Wytchard','Costerd','Monument','Place',51,12716,'Veracruz Llave','2/28/1986','7/1/2022','8/3/2024',10785.31,'Pepper - Red Thai',33,'F');
INSERT INTO proveedor(RFC_Prov,Nombre,ApellidoPat,ApellidoMat,Calle,Colonia,Num_Ext,Num_Int,Estado,Fecha_Nac,FechaIn_Con,FechaFin_Con,Costo_Serv,Producto,Frecuencia,Genero) VALUES ('cgvzR2DNQJO7','Vladimir','Marron','Davidou','Talisman','Drive',591,1,'Veracruz Llave','12/10/1961','10/7/2021','9/8/2024',17385.05,'Bread - Multigrain',100,'M');
INSERT INTO proveedor(RFC_Prov,Nombre,ApellidoPat,ApellidoMat,Calle,Colonia,Num_Ext,Num_Int,Estado,Fecha_Nac,FechaIn_Con,FechaFin_Con,Costo_Serv,Producto,Frecuencia,Genero) VALUES ('jXQckuHNOnsd','Doyle','Boissier','Scannell','Veith','Crossing',6,74,'Chiapas','3/13/1969','7/14/2018','8/13/2024',838.52,'Apple - Delicious, Red',28,'M');
INSERT INTO proveedor(RFC_Prov,Nombre,ApellidoPat,ApellidoMat,Calle,Colonia,Num_Ext,Num_Int,Estado,Fecha_Nac,FechaIn_Con,FechaFin_Con,Costo_Serv,Producto,Frecuencia,Genero) VALUES ('gaQjlkhO7n3Z','Der','Dorran','Minichi','Longview','Lane',277,591,'Veracruz Llave','9/19/2000','7/20/2021','3/6/2024',6015.95,'Pepper - Orange',75,'M');
INSERT INTO proveedor(RFC_Prov,Nombre,ApellidoPat,ApellidoMat,Calle,Colonia,Num_Ext,Num_Int,Estado,Fecha_Nac,FechaIn_Con,FechaFin_Con,Costo_Serv,Producto,Frecuencia,Genero) VALUES ('vi19MIL6aa4N','Kala','Whitney','Foley','Grim','Center',14855,83,'Coahuila De Zaragoza','11/11/1997','3/12/2015','6/24/2024',10028.81,'Cabbage Roll',25,'F');
INSERT INTO proveedor(RFC_Prov,Nombre,ApellidoPat,ApellidoMat,Calle,Colonia,Num_Ext,Num_Int,Estado,Fecha_Nac,FechaIn_Con,FechaFin_Con,Costo_Serv,Producto,Frecuencia,Genero) VALUES ('BK8j9dqFdWNm','Neila','Carrett','Handke','Westerfield','Place',30,36,'Puebla','12/15/1978','6/14/2023','12/3/2024',4671.57,'Bagelers',59,'F');
INSERT INTO proveedor(RFC_Prov,Nombre,ApellidoPat,ApellidoMat,Calle,Colonia,Num_Ext,Num_Int,Estado,Fecha_Nac,FechaIn_Con,FechaFin_Con,Costo_Serv,Producto,Frecuencia,Genero) VALUES ('UaeujLxJlS7O','Gallagher','Rugieri','Sanja','Independence','Pass',14,59,'Mexico','11/16/1973','7/26/2018','1/5/2024',4497.36,'Basil - Pesto Sauce',80,'M');
INSERT INTO proveedor(RFC_Prov,Nombre,ApellidoPat,ApellidoMat,Calle,Colonia,Num_Ext,Num_Int,Estado,Fecha_Nac,FechaIn_Con,FechaFin_Con,Costo_Serv,Producto,Frecuencia,Genero) VALUES ('oucpnim8hUUd','Levon','Buxsy','Goodhand','Hagan','Parkway',4,2880,'Veracruz Llave','9/5/1958','8/23/2021','7/17/2024',8342.74,'Bread - 10 Grain',5,'M');
INSERT INTO proveedor(RFC_Prov,Nombre,ApellidoPat,ApellidoMat,Calle,Colonia,Num_Ext,Num_Int,Estado,Fecha_Nac,FechaIn_Con,FechaFin_Con,Costo_Serv,Producto,Frecuencia,Genero) VALUES ('SWBfzjQlIKlE','Berrie','Rippen','Nuttey','Butterfield','Point',63,1,'Chihuahua','8/30/1980','1/24/2023','10/15/2024',5031.85,'Liqueur Banana, Ramazzotti',12,'F');
INSERT INTO proveedor(RFC_Prov,Nombre,ApellidoPat,ApellidoMat,Calle,Colonia,Num_Ext,Num_Int,Estado,Fecha_Nac,FechaIn_Con,FechaFin_Con,Costo_Serv,Producto,Frecuencia,Genero) VALUES ('QrwQgTxKFHIF','Tyrus','Pickles','Kristiansen','Bunting','Circle',76,6,'Guerrero','9/2/2000','9/7/2016','5/8/2024',15605.48,'Longos - Penne With Pesto',5,'M');
INSERT INTO proveedor(RFC_Prov,Nombre,ApellidoPat,ApellidoMat,Calle,Colonia,Num_Ext,Num_Int,Estado,Fecha_Nac,FechaIn_Con,FechaFin_Con,Costo_Serv,Producto,Frecuencia,Genero) VALUES ('2EUCcF84O5rc','Isak','Tregoning','Darbon','Haas','Center',70220,94941,'Chiapas','7/2/1977','6/22/2023','2/29/2024',12076.74,'Olives - Nicoise',7,'M');
INSERT INTO proveedor(RFC_Prov,Nombre,ApellidoPat,ApellidoMat,Calle,Colonia,Num_Ext,Num_Int,Estado,Fecha_Nac,FechaIn_Con,FechaFin_Con,Costo_Serv,Producto,Frecuencia,Genero) VALUES ('zcUKJ3TGOctR','Salli','Guntrip','Roskell','Pine View','Parkway',0,447,'Veracruz Llave','4/29/1964','3/4/2020','2/14/2024',18828.98,'Butter Ripple - Phillips',44,'F');
INSERT INTO proveedor(RFC_Prov,Nombre,ApellidoPat,ApellidoMat,Calle,Colonia,Num_Ext,Num_Int,Estado,Fecha_Nac,FechaIn_Con,FechaFin_Con,Costo_Serv,Producto,Frecuencia,Genero) VALUES ('jOvhfPXEyyF9','Ceil','Rentalll','McGee','Lukken','Way',10,47541,'Nuevo Leon','3/4/1959','11/24/2015','4/1/2024',15628.43,'Coffee - Cafe Moreno',42,'F');
INSERT INTO proveedor(RFC_Prov,Nombre,ApellidoPat,ApellidoMat,Calle,Colonia,Num_Ext,Num_Int,Estado,Fecha_Nac,FechaIn_Con,FechaFin_Con,Costo_Serv,Producto,Frecuencia,Genero) VALUES ('RXAgaCAfNJcv','Fabien','Chapelle','Eberlein','Monica','Avenue',11228,42235,'Guerrero','6/2/1996','11/1/2019','12/2/2023',5287.21,'Chocolate Bar - Oh Henry',95,'M');
INSERT INTO proveedor(RFC_Prov,Nombre,ApellidoPat,ApellidoMat,Calle,Colonia,Num_Ext,Num_Int,Estado,Fecha_Nac,FechaIn_Con,FechaFin_Con,Costo_Serv,Producto,Frecuencia,Genero) VALUES ('vBuT4aAtEcjB','Brew','Bartoszewicz','Creber','Burrows','Junction',143,5790,'Veracruz Llave','3/18/1988','5/26/2020','10/9/2024',6011.12,'Mushroom - Chanterelle Frozen',97,'M');
INSERT INTO proveedor(RFC_Prov,Nombre,ApellidoPat,ApellidoMat,Calle,Colonia,Num_Ext,Num_Int,Estado,Fecha_Nac,FechaIn_Con,FechaFin_Con,Costo_Serv,Producto,Frecuencia,Genero) VALUES ('6eYLYHAj2ojU','Ronnie','Brooke','Ramelet','Scott','Lane',9,2430,'Mexico','4/4/1963','9/17/2021','1/24/2024',7264.96,'Corn Kernels - Frozen',37,'M');
INSERT INTO proveedor(RFC_Prov,Nombre,ApellidoPat,ApellidoMat,Calle,Colonia,Num_Ext,Num_Int,Estado,Fecha_Nac,FechaIn_Con,FechaFin_Con,Costo_Serv,Producto,Frecuencia,Genero) VALUES ('HyYrQTvZEOSo','Ronald','Illidge','Thornally','High Crossing','Road',3,083,'Oaxaca','5/21/1970','5/5/2022','12/14/2024',6977.22,'Wine - White, Riesling, Semi - Dry',33,'M');
INSERT INTO proveedor(RFC_Prov,Nombre,ApellidoPat,ApellidoMat,Calle,Colonia,Num_Ext,Num_Int,Estado,Fecha_Nac,FechaIn_Con,FechaFin_Con,Costo_Serv,Producto,Frecuencia,Genero) VALUES ('nQu7CzCyI5KH','Farra','Akers','Ben-Aharon','Pepper Wood','Junction',492,70,'Tamaulipas','1/19/1956','5/11/2016','10/17/2024',9183.97,'Vinegar - White Wine',25,'F');
INSERT INTO proveedor(RFC_Prov,Nombre,ApellidoPat,ApellidoMat,Calle,Colonia,Num_Ext,Num_Int,Estado,Fecha_Nac,FechaIn_Con,FechaFin_Con,Costo_Serv,Producto,Frecuencia,Genero) VALUES ('LHLdxZDw9jIY','Corrie','Vergo','Wearn','Dakota','Street',85,49883,'Chihuahua','1/24/1977','12/24/2022','5/20/2024',16851.82,'Pear - Packum',49,'F');
INSERT INTO proveedor(RFC_Prov,Nombre,ApellidoPat,ApellidoMat,Calle,Colonia,Num_Ext,Num_Int,Estado,Fecha_Nac,FechaIn_Con,FechaFin_Con,Costo_Serv,Producto,Frecuencia,Genero) VALUES ('U80It268CjV8','Nicolle','Charke','Fewell','Clarendon','Plaza',213,580,'Chiapas','10/18/1981','3/25/2018','8/19/2024',18056.5,'Peas - Frozen',31,'F');
INSERT INTO proveedor(RFC_Prov,Nombre,ApellidoPat,ApellidoMat,Calle,Colonia,Num_Ext,Num_Int,Estado,Fecha_Nac,FechaIn_Con,FechaFin_Con,Costo_Serv,Producto,Frecuencia,Genero) VALUES ('r0GhHpndXZVV','Ettie','Marlor','Ballantine','Truax','Hill',0013,36758,'Veracruz Llave','10/9/1979','7/25/2019','12/25/2024',1056.34,'Salt - Sea',27,'F');
INSERT INTO proveedor(RFC_Prov,Nombre,ApellidoPat,ApellidoMat,Calle,Colonia,Num_Ext,Num_Int,Estado,Fecha_Nac,FechaIn_Con,FechaFin_Con,Costo_Serv,Producto,Frecuencia,Genero) VALUES ('6W5efiibYlaV','Isobel','Tallquist','Brannigan','Bultman','Junction',3038,86,'Tamaulipas','9/14/1978','12/15/2021','7/15/2024',6357.26,'Muffin - Bran Ind Wrpd',63,'F');
INSERT INTO proveedor(RFC_Prov,Nombre,ApellidoPat,ApellidoMat,Calle,Colonia,Num_Ext,Num_Int,Estado,Fecha_Nac,FechaIn_Con,FechaFin_Con,Costo_Serv,Producto,Frecuencia,Genero) VALUES ('oM459tH5oMYu','Gibb','Spadari','Diffley','Pawling','Alley',1402,55177,'Veracruz Llave','3/10/1978','11/6/2015','4/28/2024',18803.18,'Wine - Red, Concha Y Toro',19,'M');
INSERT INTO proveedor(RFC_Prov,Nombre,ApellidoPat,ApellidoMat,Calle,Colonia,Num_Ext,Num_Int,Estado,Fecha_Nac,FechaIn_Con,FechaFin_Con,Costo_Serv,Producto,Frecuencia,Genero) VALUES ('LMYHnQa9fo83','Myrtie','Fance','Turnbull','Ramsey','Trail',751,265,'Mexico','3/18/1954','11/18/2016','7/8/2024',5639.23,'Garlic Powder',30,'F');
INSERT INTO proveedor(RFC_Prov,Nombre,ApellidoPat,ApellidoMat,Calle,Colonia,Num_Ext,Num_Int,Estado,Fecha_Nac,FechaIn_Con,FechaFin_Con,Costo_Serv,Producto,Frecuencia,Genero) VALUES ('BGGnPa4Hhu9Q','Thomasina','Woolmington','Garnul','Cody','Parkway',34918,634,'Coahuila De Zaragoza','11/22/1982','10/7/2018','2/19/2024',9775.29,'Soap - Hand Soap',30,'F');
INSERT INTO proveedor(RFC_Prov,Nombre,ApellidoPat,ApellidoMat,Calle,Colonia,Num_Ext,Num_Int,Estado,Fecha_Nac,FechaIn_Con,FechaFin_Con,Costo_Serv,Producto,Frecuencia,Genero) VALUES ('Q2OuNq2H8xTN','Waylan','Cliffe','Nurse','Coleman','Lane',42,5,'Tamaulipas','11/29/1963','5/13/2017','9/15/2024',8512.74,'Ezy Change Mophandle',60,'M');
INSERT INTO proveedor(RFC_Prov,Nombre,ApellidoPat,ApellidoMat,Calle,Colonia,Num_Ext,Num_Int,Estado,Fecha_Nac,FechaIn_Con,FechaFin_Con,Costo_Serv,Producto,Frecuencia,Genero) VALUES ('h0Qe4djSeE3B','Lia','Pindar','Tremouille','Muir','Lane',2243,60727,'Veracruz Llave','11/17/1974','1/24/2016','4/6/2024',17709.09,'Chips Potato Reg 43g',95,'F');
INSERT INTO proveedor(RFC_Prov,Nombre,ApellidoPat,ApellidoMat,Calle,Colonia,Num_Ext,Num_Int,Estado,Fecha_Nac,FechaIn_Con,FechaFin_Con,Costo_Serv,Producto,Frecuencia,Genero) VALUES ('F8XG57cmYZuZ','Janos','Bolwell','Silverwood','Bonner','Way',93949,1272,'Michoacan De Ocampo','7/23/1985','5/13/2021','2/8/2024',13322.2,'Salmon - Sockeye Raw',62,'M');
INSERT INTO proveedor(RFC_Prov,Nombre,ApellidoPat,ApellidoMat,Calle,Colonia,Num_Ext,Num_Int,Estado,Fecha_Nac,FechaIn_Con,FechaFin_Con,Costo_Serv,Producto,Frecuencia,Genero) VALUES ('D4pNxbuVcBbZ','Poul','Aiskrigg','Josifovitz','Hauk','Avenue',962,46,'Tamaulipas','7/18/1984','4/22/2018','11/21/2024',9737.38,'Rabbit - Whole',62,'M');
INSERT INTO proveedor(RFC_Prov,Nombre,ApellidoPat,ApellidoMat,Calle,Colonia,Num_Ext,Num_Int,Estado,Fecha_Nac,FechaIn_Con,FechaFin_Con,Costo_Serv,Producto,Frecuencia,Genero) VALUES ('Usrc9T4354g3','Kelly','Stracey','Trengrove','Tennessee','Way',3122,6245,'Chiapas','10/2/1996','8/22/2019','11/25/2024',3612.66,'Bread - Bagels, Mini',58,'M');
INSERT INTO proveedor(RFC_Prov,Nombre,ApellidoPat,ApellidoMat,Calle,Colonia,Num_Ext,Num_Int,Estado,Fecha_Nac,FechaIn_Con,FechaFin_Con,Costo_Serv,Producto,Frecuencia,Genero) VALUES ('LSAko2xooSCA','Cleon','Harler','Colleck','Pawling','Way',48,7377,'Mexico','5/29/1957','10/25/2021','12/25/2023',6980.18,'Pop - Club Soda Can',93,'M');
INSERT INTO proveedor(RFC_Prov,Nombre,ApellidoPat,ApellidoMat,Calle,Colonia,Num_Ext,Num_Int,Estado,Fecha_Nac,FechaIn_Con,FechaFin_Con,Costo_Serv,Producto,Frecuencia,Genero) VALUES ('wDkSKO5znmhk','Raven','Chilton','Spottswood','Erie','Road',0,94,'Veracruz Llave','12/19/1957','7/26/2018','2/3/2024',7070.23,'Steam Pan - Half Size Deep',11,'F');
INSERT INTO proveedor(RFC_Prov,Nombre,ApellidoPat,ApellidoMat,Calle,Colonia,Num_Ext,Num_Int,Estado,Fecha_Nac,FechaIn_Con,FechaFin_Con,Costo_Serv,Producto,Frecuencia,Genero) VALUES ('njlsRfaaLgHK','Frances','Kalderon','Margram','Florence','Alley',9,8651,'Veracruz Llave','11/4/1974','12/31/2020','6/9/2024',7804.42,'Tea - Herbal Sweet Dreams',87,'F');
INSERT INTO proveedor(RFC_Prov,Nombre,ApellidoPat,ApellidoMat,Calle,Colonia,Num_Ext,Num_Int,Estado,Fecha_Nac,FechaIn_Con,FechaFin_Con,Costo_Serv,Producto,Frecuencia,Genero) VALUES ('98qAE43IunRq','Welsh','Alchin','De Freitas','Vera','Park',9619,8,'Mexico','5/4/2000','12/31/2022','7/2/2024',14249.16,'Tuna - Yellowfin',21,'M');
INSERT INTO proveedor(RFC_Prov,Nombre,ApellidoPat,ApellidoMat,Calle,Colonia,Num_Ext,Num_Int,Estado,Fecha_Nac,FechaIn_Con,FechaFin_Con,Costo_Serv,Producto,Frecuencia,Genero) VALUES ('QAhnhaYPe3tf','Desiri','Douglass','Muir','Miller','Alley',8,7,'Guerrero','4/12/1968','7/10/2021','6/9/2024',10722.99,'Guava',8,'F');
INSERT INTO proveedor(RFC_Prov,Nombre,ApellidoPat,ApellidoMat,Calle,Colonia,Num_Ext,Num_Int,Estado,Fecha_Nac,FechaIn_Con,FechaFin_Con,Costo_Serv,Producto,Frecuencia,Genero) VALUES ('3qD5ZXF2h9jd','Birk','Stratten','Stolli','Jenna','Hill',78217,366,'Oaxaca','12/20/1971','5/5/2017','7/22/2024',19586.93,'Nougat - Paste / Cream',58,'M');
INSERT INTO proveedor(RFC_Prov,Nombre,ApellidoPat,ApellidoMat,Calle,Colonia,Num_Ext,Num_Int,Estado,Fecha_Nac,FechaIn_Con,FechaFin_Con,Costo_Serv,Producto,Frecuencia,Genero) VALUES ('JnWCmlzWXF9F','Conn','Attarge','Jurczyk','Surrey','Junction',344,48263,'Chihuahua','3/13/1955','2/5/2021','9/13/2024',10150.47,'Cookies Cereal Nut',52,'M');
INSERT INTO proveedor(RFC_Prov,Nombre,ApellidoPat,ApellidoMat,Calle,Colonia,Num_Ext,Num_Int,Estado,Fecha_Nac,FechaIn_Con,FechaFin_Con,Costo_Serv,Producto,Frecuencia,Genero) VALUES ('z8HYtMXZroX5','Sonny','Furney','Kinforth','Steensland','Place',81,522,'Veracruz Llave','2/18/1961','3/23/2022','7/29/2024',9434.72,'Cranberries - Frozen',75,'F');
INSERT INTO proveedor(RFC_Prov,Nombre,ApellidoPat,ApellidoMat,Calle,Colonia,Num_Ext,Num_Int,Estado,Fecha_Nac,FechaIn_Con,FechaFin_Con,Costo_Serv,Producto,Frecuencia,Genero) VALUES ('YjmwCd2aagAx','Beulah','Cornils','Isakovic','Anniversary','Avenue',4,13341,'Chiapas','8/9/1965','11/18/2016','1/26/2024',17104.94,'Lamb - Loin, Trimmed, Boneless',5,'F');
INSERT INTO proveedor(RFC_Prov,Nombre,ApellidoPat,ApellidoMat,Calle,Colonia,Num_Ext,Num_Int,Estado,Fecha_Nac,FechaIn_Con,FechaFin_Con,Costo_Serv,Producto,Frecuencia,Genero) VALUES ('829UCo5NG2ry','Kalil','Peedell','Legges','West','Hill',66902,73742,'Veracruz Llave','10/12/1982','8/25/2016','6/18/2024',15337.88,'Pate Pans Yellow',52,'M');
INSERT INTO proveedor(RFC_Prov,Nombre,ApellidoPat,ApellidoMat,Calle,Colonia,Num_Ext,Num_Int,Estado,Fecha_Nac,FechaIn_Con,FechaFin_Con,Costo_Serv,Producto,Frecuencia,Genero) VALUES ('zvIprMiN9eaj','Koralle','Wollen','Brownjohn','Anderson','Alley',416,644,'Oaxaca','2/21/1990','6/7/2017','4/16/2024',17338.16,'Mountain Dew',93,'F');
INSERT INTO proveedor(RFC_Prov,Nombre,ApellidoPat,ApellidoMat,Calle,Colonia,Num_Ext,Num_Int,Estado,Fecha_Nac,FechaIn_Con,FechaFin_Con,Costo_Serv,Producto,Frecuencia,Genero) VALUES ('zO45Bwrt9HvA','Shari','Wibberley','Fynan','Armistice','Place',5932,041,'Oaxaca','1/29/1985','7/19/2018','5/5/2024',18189.62,'Kellogs Raisan Bran Bars',74,'F');
INSERT INTO proveedor(RFC_Prov,Nombre,ApellidoPat,ApellidoMat,Calle,Colonia,Num_Ext,Num_Int,Estado,Fecha_Nac,FechaIn_Con,FechaFin_Con,Costo_Serv,Producto,Frecuencia,Genero) VALUES ('GacewIEUe9uc','Catharine','Danks','Moodycliffe','Novick','Drive',0,82603,'Veracruz Llave','1/20/1962','6/17/2015','1/31/2024',9966.65,'Veal - Inside',53,'F');
INSERT INTO proveedor(RFC_Prov,Nombre,ApellidoPat,ApellidoMat,Calle,Colonia,Num_Ext,Num_Int,Estado,Fecha_Nac,FechaIn_Con,FechaFin_Con,Costo_Serv,Producto,Frecuencia,Genero) VALUES ('MvqobBYSbyGB','Keriann','Gorghetto','Stolberg','Sullivan','Crossing',29,4449,'Sinaloa','9/28/1967','5/10/2016','12/10/2023',18669.58,'Daikon Radish',35,'F');
INSERT INTO proveedor(RFC_Prov,Nombre,ApellidoPat,ApellidoMat,Calle,Colonia,Num_Ext,Num_Int,Estado,Fecha_Nac,FechaIn_Con,FechaFin_Con,Costo_Serv,Producto,Frecuencia,Genero) VALUES ('7kZoCUHuZwgH','Darlleen','Stapley','Dennidge','Mandrake','Pass',97,5,'Guerrero','3/13/2002','12/1/2017','12/17/2024',6324.29,'Mussels - Cultivated',13,'F');
INSERT INTO proveedor(RFC_Prov,Nombre,ApellidoPat,ApellidoMat,Calle,Colonia,Num_Ext,Num_Int,Estado,Fecha_Nac,FechaIn_Con,FechaFin_Con,Costo_Serv,Producto,Frecuencia,Genero) VALUES ('yCBBGY2NVQpD','Felic','Gwyn','Gianasi','South','Junction',14,21756,'Nuevo Leon','3/6/1950','4/2/2017','11/20/2024',4538.54,'Beef - Tenderloin Tails',90,'M');
INSERT INTO proveedor(RFC_Prov,Nombre,ApellidoPat,ApellidoMat,Calle,Colonia,Num_Ext,Num_Int,Estado,Fecha_Nac,FechaIn_Con,FechaFin_Con,Costo_Serv,Producto,Frecuencia,Genero) VALUES ('tvFAhx1k1Wbl','Tobe','Blackster','Haslehurst','Marcy','Point',045,4469,'Guanajuato','11/13/1951','5/6/2017','5/3/2024',13551.14,'Wine - Shiraz Wolf Blass Premium',28,'F');
INSERT INTO proveedor(RFC_Prov,Nombre,ApellidoPat,ApellidoMat,Calle,Colonia,Num_Ext,Num_Int,Estado,Fecha_Nac,FechaIn_Con,FechaFin_Con,Costo_Serv,Producto,Frecuencia,Genero) VALUES ('AVyQLltkkT5b','Ellswerth','Guilliatt','Adelberg','Ramsey','Park',859,67,'Chihuahua','11/20/1978','4/14/2015','8/29/2024',16179.29,'Milk - Skim',63,'M');
INSERT INTO proveedor(RFC_Prov,Nombre,ApellidoPat,ApellidoMat,Calle,Colonia,Num_Ext,Num_Int,Estado,Fecha_Nac,FechaIn_Con,FechaFin_Con,Costo_Serv,Producto,Frecuencia,Genero) VALUES ('AwgTPyIrzed7','Merrick','Renfrew','Perocci','Sachtjen','Lane',330,7724,'Veracruz Llave','6/12/1983','5/1/2018','4/10/2024',1418.98,'Caviar - Salmon',75,'M');
INSERT INTO proveedor(RFC_Prov,Nombre,ApellidoPat,ApellidoMat,Calle,Colonia,Num_Ext,Num_Int,Estado,Fecha_Nac,FechaIn_Con,FechaFin_Con,Costo_Serv,Producto,Frecuencia,Genero) VALUES ('G7NjzerMAy4j','Dode','Siggs','Janman','Village','Street',8452,29,'Tamaulipas','5/1/2002','1/9/2017','2/26/2024',9386.91,'Flavouring - Orange',67,'F');
INSERT INTO proveedor(RFC_Prov,Nombre,ApellidoPat,ApellidoMat,Calle,Colonia,Num_Ext,Num_Int,Estado,Fecha_Nac,FechaIn_Con,FechaFin_Con,Costo_Serv,Producto,Frecuencia,Genero) VALUES ('vowUXhxQMHva','Doretta','Otson','Raith','Goodland','Center',0,4138,'Chiapas','10/25/1979','9/20/2017','5/12/2024',14104.88,'Bread - Bagels, Mini',27,'F');
INSERT INTO proveedor(RFC_Prov,Nombre,ApellidoPat,ApellidoMat,Calle,Colonia,Num_Ext,Num_Int,Estado,Fecha_Nac,FechaIn_Con,FechaFin_Con,Costo_Serv,Producto,Frecuencia,Genero) VALUES ('BHjlmDkgu71E','Sayre','Baigrie','Gilogly','East','Crossing',058,1159,'Guerrero','4/21/1951','10/27/2015','3/8/2024',3996.05,'Napkin White - Starched',61,'F');
INSERT INTO proveedor(RFC_Prov,Nombre,ApellidoPat,ApellidoMat,Calle,Colonia,Num_Ext,Num_Int,Estado,Fecha_Nac,FechaIn_Con,FechaFin_Con,Costo_Serv,Producto,Frecuencia,Genero) VALUES ('c4llv0fW7GG7','Carmella','Gebby','Doby','Corry','Place',55,09354,'Oaxaca','10/26/1996','11/3/2023','7/27/2024',2772.83,'Cup Translucent 9 Oz',51,'F');
INSERT INTO proveedor(RFC_Prov,Nombre,ApellidoPat,ApellidoMat,Calle,Colonia,Num_Ext,Num_Int,Estado,Fecha_Nac,FechaIn_Con,FechaFin_Con,Costo_Serv,Producto,Frecuencia,Genero) VALUES ('JHCwblmgX3CF','Page','Freschi','Pendre','Prentice','Parkway',13102,791,'Veracruz Llave','9/1/1960','3/2/2023','10/18/2024',6412.94,'Lamb - Bones',50,'F');
INSERT INTO proveedor(RFC_Prov,Nombre,ApellidoPat,ApellidoMat,Calle,Colonia,Num_Ext,Num_Int,Estado,Fecha_Nac,FechaIn_Con,FechaFin_Con,Costo_Serv,Producto,Frecuencia,Genero) VALUES ('Rhj4ikInUMJr','Fernando','Glasspool','Alfonsini','Trailsway','Center',324,1556,'Veracruz Llave','3/4/1976','12/27/2018','6/26/2024',4966.95,'Veal - Brisket, Provimi, Bone - In',8,'M');
INSERT INTO proveedor(RFC_Prov,Nombre,ApellidoPat,ApellidoMat,Calle,Colonia,Num_Ext,Num_Int,Estado,Fecha_Nac,FechaIn_Con,FechaFin_Con,Costo_Serv,Producto,Frecuencia,Genero) VALUES ('7bq9S2KgqA0u','Kimball','Greenroa','Radnage','Fuller','Alley',28,5619,'Puebla','4/26/1992','1/3/2019','7/28/2024',5344.06,'Sprouts - Peppercress',74,'M');
INSERT INTO proveedor(RFC_Prov,Nombre,ApellidoPat,ApellidoMat,Calle,Colonia,Num_Ext,Num_Int,Estado,Fecha_Nac,FechaIn_Con,FechaFin_Con,Costo_Serv,Producto,Frecuencia,Genero) VALUES ('HbYFRK28D1KI','Fons','Semeniuk','Beetles','North','Avenue',864,7,'Veracruz Llave','6/16/1999','6/12/2022','10/8/2024',5845.18,'Lemonade - Kiwi, 591 Ml',46,'M');
INSERT INTO proveedor(RFC_Prov,Nombre,ApellidoPat,ApellidoMat,Calle,Colonia,Num_Ext,Num_Int,Estado,Fecha_Nac,FechaIn_Con,FechaFin_Con,Costo_Serv,Producto,Frecuencia,Genero) VALUES ('FYmxImm2OjqO','Constancia','Inchan','Lewins','Mandrake','Circle',3,9,'Jalisco','11/15/1991','3/19/2022','7/28/2024',4273.39,'Cheese Cloth',30,'F');
INSERT INTO proveedor(RFC_Prov,Nombre,ApellidoPat,ApellidoMat,Calle,Colonia,Num_Ext,Num_Int,Estado,Fecha_Nac,FechaIn_Con,FechaFin_Con,Costo_Serv,Producto,Frecuencia,Genero) VALUES ('SxMfAbXCXOw9','Wade','Retchford','Newsome','Graceland','Hill',0,3,'Puebla','3/12/1960','1/29/2017','5/30/2024',4747.93,'Pork Casing',4,'M');
INSERT INTO proveedor(RFC_Prov,Nombre,ApellidoPat,ApellidoMat,Calle,Colonia,Num_Ext,Num_Int,Estado,Fecha_Nac,FechaIn_Con,FechaFin_Con,Costo_Serv,Producto,Frecuencia,Genero) VALUES ('tRGkEVWtv3Ls','Abbey','Priestnall','Rediers','Monica','Park',216,43798,'Oaxaca','12/7/1989','11/18/2017','8/31/2024',18700.96,'Cocoa Powder - Dutched',95,'M');
INSERT INTO proveedor(RFC_Prov,Nombre,ApellidoPat,ApellidoMat,Calle,Colonia,Num_Ext,Num_Int,Estado,Fecha_Nac,FechaIn_Con,FechaFin_Con,Costo_Serv,Producto,Frecuencia,Genero) VALUES ('aWRn7D5Wd5li','Bobbee','Abraham','Gissing','Russell','Parkway',6915,464,'Michoacan De Ocampo','12/22/1985','1/19/2020','4/13/2024',18091.52,'Eggs - Extra Large',81,'F');
INSERT INTO proveedor(RFC_Prov,Nombre,ApellidoPat,ApellidoMat,Calle,Colonia,Num_Ext,Num_Int,Estado,Fecha_Nac,FechaIn_Con,FechaFin_Con,Costo_Serv,Producto,Frecuencia,Genero) VALUES ('SCOThdR7Xmk9','Nathanael','Grishinov','Seedhouse','Kennedy','Point',98329,925,'Michoacan De Ocampo','1/23/1965','10/9/2021','2/20/2024',4886.48,'Thermometer Digital',81,'M');
INSERT INTO proveedor(RFC_Prov,Nombre,ApellidoPat,ApellidoMat,Calle,Colonia,Num_Ext,Num_Int,Estado,Fecha_Nac,FechaIn_Con,FechaFin_Con,Costo_Serv,Producto,Frecuencia,Genero) VALUES ('IZpH7nGD2eqC','Vaclav','Muff','Laterza','Katie','Parkway',0,8268,'Guerrero','11/5/1962','9/26/2020','7/5/2024',4429.48,'Cookie Dough - Oatmeal Rasin',32,'M');
INSERT INTO proveedor(RFC_Prov,Nombre,ApellidoPat,ApellidoMat,Calle,Colonia,Num_Ext,Num_Int,Estado,Fecha_Nac,FechaIn_Con,FechaFin_Con,Costo_Serv,Producto,Frecuencia,Genero) VALUES ('PlTxU1y2P7l1','Luciano','Clues','Tames','Burrows','Pass',926,2886,'Chiapas','8/27/1967','11/6/2019','12/5/2023',10061.44,'Wine - Red, Colio Cabernet',97,'M');
INSERT INTO proveedor(RFC_Prov,Nombre,ApellidoPat,ApellidoMat,Calle,Colonia,Num_Ext,Num_Int,Estado,Fecha_Nac,FechaIn_Con,FechaFin_Con,Costo_Serv,Producto,Frecuencia,Genero) VALUES ('krBtNZ4CHWQU','Putnam','Ledrane','Laherty','Mcbride','Circle',5,1431,'Guerrero','7/28/2002','2/9/2017','8/28/2024',9280.94,'Leeks - Baby, White',75,'M');
INSERT INTO proveedor(RFC_Prov,Nombre,ApellidoPat,ApellidoMat,Calle,Colonia,Num_Ext,Num_Int,Estado,Fecha_Nac,FechaIn_Con,FechaFin_Con,Costo_Serv,Producto,Frecuencia,Genero) VALUES ('mJLxNPr0LOEm','Robinette','Moreno','Schonfelder','Burrows','Point',7844,17,'Hidalgo','12/22/1960','12/20/2022','7/26/2024',6159.17,'Danishes - Mini Raspberry',85,'F');
INSERT INTO proveedor(RFC_Prov,Nombre,ApellidoPat,ApellidoMat,Calle,Colonia,Num_Ext,Num_Int,Estado,Fecha_Nac,FechaIn_Con,FechaFin_Con,Costo_Serv,Producto,Frecuencia,Genero) VALUES ('NEimpcCDoxPp','Marris','Roper','Gorick','Anniversary','Place',977,84962,'Mexico','10/25/1990','3/17/2023','9/21/2024',10573.57,'Poppy Seed',82,'F');
INSERT INTO proveedor(RFC_Prov,Nombre,ApellidoPat,ApellidoMat,Calle,Colonia,Num_Ext,Num_Int,Estado,Fecha_Nac,FechaIn_Con,FechaFin_Con,Costo_Serv,Producto,Frecuencia,Genero) VALUES ('AzGt3X69KiYB','Jenelle','Brasted','Trazzi','Claremont','Terrace',323,9227,'Tamaulipas','12/31/1992','11/1/2018','12/16/2023',18551.21,'Cheese - Marble',3,'F');
INSERT INTO proveedor(RFC_Prov,Nombre,ApellidoPat,ApellidoMat,Calle,Colonia,Num_Ext,Num_Int,Estado,Fecha_Nac,FechaIn_Con,FechaFin_Con,Costo_Serv,Producto,Frecuencia,Genero) VALUES ('TRHwhU945fxZ','Dwayne','Priestnall','Tal','Heath','Pass',2947,33062,'Michoacan De Ocampo','10/6/1992','1/23/2016','3/2/2024',15939.96,'Lemons',83,'M');
INSERT INTO proveedor(RFC_Prov,Nombre,ApellidoPat,ApellidoMat,Calle,Colonia,Num_Ext,Num_Int,Estado,Fecha_Nac,FechaIn_Con,FechaFin_Con,Costo_Serv,Producto,Frecuencia,Genero) VALUES ('eTvApDbN7Q6m','Kurt','Duesberry','Swift','Anniversary','Circle',3,27089,'Veracruz Llave','8/14/2001','5/16/2023','12/8/2023',12360.83,'Water - Tonic',93,'M');
INSERT INTO proveedor(RFC_Prov,Nombre,ApellidoPat,ApellidoMat,Calle,Colonia,Num_Ext,Num_Int,Estado,Fecha_Nac,FechaIn_Con,FechaFin_Con,Costo_Serv,Producto,Frecuencia,Genero) VALUES ('udEipZbtrn92','Gussy','Heikkinen','Gounot','Welch','Center',76201,4,'Guerrero','12/25/1989','7/23/2016','12/25/2024',19613.27,'Puree - Passion Fruit',72,'F');
INSERT INTO proveedor(RFC_Prov,Nombre,ApellidoPat,ApellidoMat,Calle,Colonia,Num_Ext,Num_Int,Estado,Fecha_Nac,FechaIn_Con,FechaFin_Con,Costo_Serv,Producto,Frecuencia,Genero) VALUES ('8BZv5FFFpNmt','Norby','Byart','McGrudder','Troy','Park',78492,73683,'Jalisco','8/3/2001','1/13/2017','10/14/2024',3099.2,'Lid - 0090 Clear',44,'M');
INSERT INTO proveedor(RFC_Prov,Nombre,ApellidoPat,ApellidoMat,Calle,Colonia,Num_Ext,Num_Int,Estado,Fecha_Nac,FechaIn_Con,FechaFin_Con,Costo_Serv,Producto,Frecuencia,Genero) VALUES ('rqiu0rM0fXKa','Marcela','McGrudder','Giraudat','Prairie Rose','Point',76796,5,'Jalisco','4/20/1983','1/7/2022','4/9/2024',8722.51,'Pepper - Chipotle, Canned',35,'F');
INSERT INTO proveedor(RFC_Prov,Nombre,ApellidoPat,ApellidoMat,Calle,Colonia,Num_Ext,Num_Int,Estado,Fecha_Nac,FechaIn_Con,FechaFin_Con,Costo_Serv,Producto,Frecuencia,Genero) VALUES ('nU1QQ1AjsKAr','Candida','Upham','Danilovic','Nevada','Pass',4,4514,'Guanajuato','4/8/1971','1/17/2022','1/21/2024',10305.43,'Appetizer - Southwestern',55,'F');
INSERT INTO proveedor(RFC_Prov,Nombre,ApellidoPat,ApellidoMat,Calle,Colonia,Num_Ext,Num_Int,Estado,Fecha_Nac,FechaIn_Con,FechaFin_Con,Costo_Serv,Producto,Frecuencia,Genero) VALUES ('JN6atjwHTqO6','Engelbert','Whelan','Soeiro','Shoshone','Circle',9,62512,'Guerrero','6/18/1957','10/11/2022','1/23/2024',1420.05,'Beef Flat Iron Steak',86,'M');
INSERT INTO proveedor(RFC_Prov,Nombre,ApellidoPat,ApellidoMat,Calle,Colonia,Num_Ext,Num_Int,Estado,Fecha_Nac,FechaIn_Con,FechaFin_Con,Costo_Serv,Producto,Frecuencia,Genero) VALUES ('nX8bBVhDM1ep','Shanon','Manntschke','Philpin','Lakewood Gardens','Trail',5,66,'Michoacan De Ocampo','1/2/1994','12/7/2022','1/10/2024',6842.19,'Milk - Chocolate 250 Ml',63,'F');
INSERT INTO proveedor(RFC_Prov,Nombre,ApellidoPat,ApellidoMat,Calle,Colonia,Num_Ext,Num_Int,Estado,Fecha_Nac,FechaIn_Con,FechaFin_Con,Costo_Serv,Producto,Frecuencia,Genero) VALUES ('bYrpa35NK95u','Raddy','Southey','Snelson','Calypso','Crossing',28,7,'Nuevo Leon','6/1/1985','2/25/2016','5/25/2024',9427.51,'Lemonade - Black Cherry, 591 Ml',74,'M');
--Proveedores Articulos
INSERT INTO proveedor(RFC_Prov,Nombre,ApellidoPat,ApellidoMat,Calle,Colonia,Num_Ext,Num_Int,Estado,Fecha_Nac,FechaIn_Con,FechaFin_Con,Costo_Serv,Producto,Frecuencia,Genero) VALUES ('vJiFZCTVB4P5','Hernando','Gillet','Rigate','Maywood','Lane',974,42,'Guanajuato','6/27/1954','11/10/2023','3/30/2024',7587.97,'Wanton Wrap',99,'M');
INSERT INTO proveedor(RFC_Prov,Nombre,ApellidoPat,ApellidoMat,Calle,Colonia,Num_Ext,Num_Int,Estado,Fecha_Nac,FechaIn_Con,FechaFin_Con,Costo_Serv,Producto,Frecuencia,Genero) VALUES ('qbcnpFlQwGv0','Gilemette','Folbig','Bechley','Ronald Regan','Terrace',9,95458,'Baja California','6/26/1957','8/21/2023','10/11/2024',14217.91,'Shrimp - Black Tiger 13/15',76,'F');
INSERT INTO proveedor(RFC_Prov,Nombre,ApellidoPat,ApellidoMat,Calle,Colonia,Num_Ext,Num_Int,Estado,Fecha_Nac,FechaIn_Con,FechaFin_Con,Costo_Serv,Producto,Frecuencia,Genero) VALUES ('QXCIvRy5Onu9','Alane','Szach','Deery','Pierstorff','Parkway',2630,6,'Guerrero','11/11/1997','9/20/2023','7/7/2024',17834.55,'Onions - Cooking',37,'F');
INSERT INTO proveedor(RFC_Prov,Nombre,ApellidoPat,ApellidoMat,Calle,Colonia,Num_Ext,Num_Int,Estado,Fecha_Nac,FechaIn_Con,FechaFin_Con,Costo_Serv,Producto,Frecuencia,Genero) VALUES ('RWEVu73UygQ2','Augustin','Hallowes','Turneaux','Manufacturers','Court',06790,7,'Oaxaca','6/17/1970','6/15/2023','12/14/2023',19784.58,'Venison - Striploin',98,'M');
INSERT INTO proveedor(RFC_Prov,Nombre,ApellidoPat,ApellidoMat,Calle,Colonia,Num_Ext,Num_Int,Estado,Fecha_Nac,FechaIn_Con,FechaFin_Con,Costo_Serv,Producto,Frecuencia,Genero) VALUES ('AOsr0aSdOI4Y','Wyatan','Greenan','Panichelli','Clarendon','Way',59386,6370,'Veracruz Llave','8/5/1980','11/9/2023','12/9/2024',11068.58,'Beef - Tongue, Fresh',32,'M');
INSERT INTO proveedor(RFC_Prov,Nombre,ApellidoPat,ApellidoMat,Calle,Colonia,Num_Ext,Num_Int,Estado,Fecha_Nac,FechaIn_Con,FechaFin_Con,Costo_Serv,Producto,Frecuencia,Genero) VALUES ('Tm8B3muxXdnb','Arv','Dachs','Bartram','Bayside','Point',76032,85,'Veracruz Llave','1/21/1989','1/18/2019','8/9/2024',5616.13,'Bread - Burger',53,'M');
INSERT INTO proveedor(RFC_Prov,Nombre,ApellidoPat,ApellidoMat,Calle,Colonia,Num_Ext,Num_Int,Estado,Fecha_Nac,FechaIn_Con,FechaFin_Con,Costo_Serv,Producto,Frecuencia,Genero) VALUES ('LitzzHWqBIus','Lola','Bennetto','Dowyer','Sauthoff','Place',86,6051,'Michoacan De Ocampo','10/29/1971','5/24/2023','2/27/2024',12357.97,'Tea - Herbal Orange Spice',77,'F');
INSERT INTO proveedor(RFC_Prov,Nombre,ApellidoPat,ApellidoMat,Calle,Colonia,Num_Ext,Num_Int,Estado,Fecha_Nac,FechaIn_Con,FechaFin_Con,Costo_Serv,Producto,Frecuencia,Genero) VALUES ('JlcdcWfmusU6','Piper','Bettridge','Tevelov','Mccormick','Road',8571,22,'Jalisco','9/30/1995','5/23/2018','12/30/2023',14808.86,'Pork - Tenderloin, Frozen',21,'F');
INSERT INTO proveedor(RFC_Prov,Nombre,ApellidoPat,ApellidoMat,Calle,Colonia,Num_Ext,Num_Int,Estado,Fecha_Nac,FechaIn_Con,FechaFin_Con,Costo_Serv,Producto,Frecuencia,Genero) VALUES ('XRZbEtS9Gp6b','Ryun','Kear','Menauteau','Anniversary','Plaza',68,8,'Coahuila De Zaragoza','6/13/1954','6/22/2020','3/15/2024',18658.95,'Lettuce - Curly Endive',58,'M');
INSERT INTO proveedor(RFC_Prov,Nombre,ApellidoPat,ApellidoMat,Calle,Colonia,Num_Ext,Num_Int,Estado,Fecha_Nac,FechaIn_Con,FechaFin_Con,Costo_Serv,Producto,Frecuencia,Genero) VALUES ('w0BPd1g4TBvP','Gerri','Luard','Lantry','Anthes','Place',952,23,'Guanajuato','8/5/1983','1/17/2021','10/3/2024',5749.72,'Bread - Focaccia Quarter',6,'M');
INSERT INTO proveedor(RFC_Prov,Nombre,ApellidoPat,ApellidoMat,Calle,Colonia,Num_Ext,Num_Int,Estado,Fecha_Nac,FechaIn_Con,FechaFin_Con,Costo_Serv,Producto,Frecuencia,Genero) VALUES ('FDVl9flJHS48','Jacky','Sterman','Btham','Granby','Place',1513,4,'Michoacan De Ocampo','7/13/1993','6/26/2019','1/23/2024',1852.6,'Juice - Orange 1.89l',62,'M');
INSERT INTO proveedor(RFC_Prov,Nombre,ApellidoPat,ApellidoMat,Calle,Colonia,Num_Ext,Num_Int,Estado,Fecha_Nac,FechaIn_Con,FechaFin_Con,Costo_Serv,Producto,Frecuencia,Genero) VALUES ('0afpYEiAYVI8','Quint','Dalgetty','Alsford','Maywood','Road',7,9168,'Guanajuato','5/8/2001','7/8/2023','8/26/2024',11589.28,'Flour - Bran, Red',76,'M');
INSERT INTO proveedor(RFC_Prov,Nombre,ApellidoPat,ApellidoMat,Calle,Colonia,Num_Ext,Num_Int,Estado,Fecha_Nac,FechaIn_Con,FechaFin_Con,Costo_Serv,Producto,Frecuencia,Genero) VALUES ('szAk1IWN34DR','Cullen','Austwick','Blore','Northland','Parkway',60398,62,'Jalisco','4/9/1962','5/3/2021','8/6/2024',7541.28,'Puff Pastry - Slab',37,'M');
INSERT INTO proveedor(RFC_Prov,Nombre,ApellidoPat,ApellidoMat,Calle,Colonia,Num_Ext,Num_Int,Estado,Fecha_Nac,FechaIn_Con,FechaFin_Con,Costo_Serv,Producto,Frecuencia,Genero) VALUES ('F2DhD9bF81Wf','Drucy','Wild','Blackburne','Washington','Lane',3,39,'Sinaloa','6/30/1995','3/10/2017','6/2/2024',9468.58,'Five Alive Citrus',86,'F');
INSERT INTO proveedor(RFC_Prov,Nombre,ApellidoPat,ApellidoMat,Calle,Colonia,Num_Ext,Num_Int,Estado,Fecha_Nac,FechaIn_Con,FechaFin_Con,Costo_Serv,Producto,Frecuencia,Genero) VALUES ('TKHaOW1m6dUA','Gertrudis','Graybeal','Armell','Lerdahl','Road',202,39,'Guerrero','3/12/1969','1/16/2019','3/8/2024',5648.68,'Pork Salted Bellies',33,'F');
INSERT INTO proveedor(RFC_Prov,Nombre,ApellidoPat,ApellidoMat,Calle,Colonia,Num_Ext,Num_Int,Estado,Fecha_Nac,FechaIn_Con,FechaFin_Con,Costo_Serv,Producto,Frecuencia,Genero) VALUES ('hlbYhWxEVOyI','Kalindi','Yurlov','Edlestone','Stang','Point',05514,12,'Sinaloa','11/22/1993','11/8/2017','4/11/2024',1534.15,'Cheese - Perron Cheddar',20,'F');
INSERT INTO proveedor(RFC_Prov,Nombre,ApellidoPat,ApellidoMat,Calle,Colonia,Num_Ext,Num_Int,Estado,Fecha_Nac,FechaIn_Con,FechaFin_Con,Costo_Serv,Producto,Frecuencia,Genero) VALUES ('PgI6aLFUJR6o','Vittoria','Ahrend','Jesson','Kropf','Center',5,887,'Tamaulipas','10/1/2003','3/18/2021','1/2/2024',10218.71,'Radish',47,'F');
INSERT INTO proveedor(RFC_Prov,Nombre,ApellidoPat,ApellidoMat,Calle,Colonia,Num_Ext,Num_Int,Estado,Fecha_Nac,FechaIn_Con,FechaFin_Con,Costo_Serv,Producto,Frecuencia,Genero) VALUES ('hMMnbYlrWpe8','Maude','Stanmer','Cobbledick','Elka','Avenue',30,2699,'Veracruz Llave','3/30/1975','4/27/2019','10/25/2024',19976.58,'Lamb - Sausage Casings',32,'F');
INSERT INTO proveedor(RFC_Prov,Nombre,ApellidoPat,ApellidoMat,Calle,Colonia,Num_Ext,Num_Int,Estado,Fecha_Nac,FechaIn_Con,FechaFin_Con,Costo_Serv,Producto,Frecuencia,Genero) VALUES ('ynRjgRhKm5kU','Caryl','Lauxmann','California','Carioca','Pass',27003,5862,'Mexico','7/24/1997','5/2/2017','5/3/2024',16961.06,'Pheasants - Whole',35,'M');
INSERT INTO proveedor(RFC_Prov,Nombre,ApellidoPat,ApellidoMat,Calle,Colonia,Num_Ext,Num_Int,Estado,Fecha_Nac,FechaIn_Con,FechaFin_Con,Costo_Serv,Producto,Frecuencia,Genero) VALUES ('WHLBN7iBv65D','Howard','Bareham','Sibbald','Mcbride','Trail',82,2,'Jalisco','3/8/1988','10/6/2023','7/14/2024',9170.4,'Trout Rainbow Whole',17,'M');
INSERT INTO proveedor(RFC_Prov,Nombre,ApellidoPat,ApellidoMat,Calle,Colonia,Num_Ext,Num_Int,Estado,Fecha_Nac,FechaIn_Con,FechaFin_Con,Costo_Serv,Producto,Frecuencia,Genero) VALUES ('prj9AGRHf2zm','Vally','Clouter','Hulle','Carberry','Alley',1791,29,'Michoacan De Ocampo','12/22/1992','9/7/2021','9/13/2024',7073.5,'Lettuce - Boston Bib - Organic',97,'F');
INSERT INTO proveedor(RFC_Prov,Nombre,ApellidoPat,ApellidoMat,Calle,Colonia,Num_Ext,Num_Int,Estado,Fecha_Nac,FechaIn_Con,FechaFin_Con,Costo_Serv,Producto,Frecuencia,Genero) VALUES ('V8rJyoqV4yzL','Babs','Stanlick','Menichelli','Pond','Crossing',817,28585,'Veracruz Llave','8/31/1960','7/29/2015','4/21/2024',13273.48,'Pork - Bacon, Sliced',7,'F');
INSERT INTO proveedor(RFC_Prov,Nombre,ApellidoPat,ApellidoMat,Calle,Colonia,Num_Ext,Num_Int,Estado,Fecha_Nac,FechaIn_Con,FechaFin_Con,Costo_Serv,Producto,Frecuencia,Genero) VALUES ('jHRSjfDXrZpu','Haleigh','Middler','Limeburner','Westridge','Point',62,32578,'Veracruz Llave','3/29/1959','7/18/2023','5/5/2024',10127.59,'Aspic - Clear',42,'M');
INSERT INTO proveedor(RFC_Prov,Nombre,ApellidoPat,ApellidoMat,Calle,Colonia,Num_Ext,Num_Int,Estado,Fecha_Nac,FechaIn_Con,FechaFin_Con,Costo_Serv,Producto,Frecuencia,Genero) VALUES ('ErMjKOrY2AQZ','Mavra','Silverwood','Seiffert','Elka','Crossing',156,99204,'Jalisco','8/18/1985','9/19/2018','2/4/2024',580.01,'Asparagus - Frozen',45,'F');
INSERT INTO proveedor(RFC_Prov,Nombre,ApellidoPat,ApellidoMat,Calle,Colonia,Num_Ext,Num_Int,Estado,Fecha_Nac,FechaIn_Con,FechaFin_Con,Costo_Serv,Producto,Frecuencia,Genero) VALUES ('rCJ6IApFgzgX','Ansell','Flook','Daniau','Anthes','Park',4862,9,'Puebla','4/30/2003','10/25/2021','3/20/2024',11230.92,'Pepsi, 355 Ml',9,'M');
INSERT INTO proveedor(RFC_Prov,Nombre,ApellidoPat,ApellidoMat,Calle,Colonia,Num_Ext,Num_Int,Estado,Fecha_Nac,FechaIn_Con,FechaFin_Con,Costo_Serv,Producto,Frecuencia,Genero) VALUES ('dKxhG8cugn8Q','Amalia','Lumber','Westwood','Burrows','Alley',55054,5569,'Guanajuato','7/18/1999','3/19/2021','8/20/2024',15080.42,'Chivas Regal - 12 Year Old',38,'F');
INSERT INTO proveedor(RFC_Prov,Nombre,ApellidoPat,ApellidoMat,Calle,Colonia,Num_Ext,Num_Int,Estado,Fecha_Nac,FechaIn_Con,FechaFin_Con,Costo_Serv,Producto,Frecuencia,Genero) VALUES ('UhEs1lwlUbvr','Rivi','Daniel','Yerrall','Scott','Drive',17,0,'Veracruz Llave','6/26/1964','11/17/2018','11/16/2024',16516.84,'Melon - Honey Dew',69,'F');
INSERT INTO proveedor(RFC_Prov,Nombre,ApellidoPat,ApellidoMat,Calle,Colonia,Num_Ext,Num_Int,Estado,Fecha_Nac,FechaIn_Con,FechaFin_Con,Costo_Serv,Producto,Frecuencia,Genero) VALUES ('N2bz8lUGELyM','Wally','Greally','Eilhertsen','Hazelcrest','Point',2,1,'Guanajuato','7/27/1954','8/1/2017','7/16/2024',16072.93,'Asparagus - Mexican',15,'M');
INSERT INTO proveedor(RFC_Prov,Nombre,ApellidoPat,ApellidoMat,Calle,Colonia,Num_Ext,Num_Int,Estado,Fecha_Nac,FechaIn_Con,FechaFin_Con,Costo_Serv,Producto,Frecuencia,Genero) VALUES ('Z2xBIRV8IvR7','Natalie','Shillum','Kinghorn','Utah','Pass',08093,05706,'Mexico','7/30/2003','9/13/2017','6/30/2024',14672.42,'Roe - Lump Fish, Red',50,'F');
INSERT INTO proveedor(RFC_Prov,Nombre,ApellidoPat,ApellidoMat,Calle,Colonia,Num_Ext,Num_Int,Estado,Fecha_Nac,FechaIn_Con,FechaFin_Con,Costo_Serv,Producto,Frecuencia,Genero) VALUES ('n9EUQiwr0hww','Nollie','Callaghan','Noad','Calypso','Junction',511,66195,'Coahuila De Zaragoza','2/26/1965','10/20/2015','6/15/2024',5022.13,'Cookies - Amaretto',44,'F');
INSERT INTO proveedor(RFC_Prov,Nombre,ApellidoPat,ApellidoMat,Calle,Colonia,Num_Ext,Num_Int,Estado,Fecha_Nac,FechaIn_Con,FechaFin_Con,Costo_Serv,Producto,Frecuencia,Genero) VALUES ('eIOCjUhMyEvd','Rebeka','O''Hear','Areles','North','Point',53246,49,'Coahuila De Zaragoza','8/26/1983','5/1/2022','4/19/2024',19437.73,'Hand Towel',90,'F');
INSERT INTO proveedor(RFC_Prov,Nombre,ApellidoPat,ApellidoMat,Calle,Colonia,Num_Ext,Num_Int,Estado,Fecha_Nac,FechaIn_Con,FechaFin_Con,Costo_Serv,Producto,Frecuencia,Genero) VALUES ('5aAe2ATCaHFd','Celinka','Greenhall','Cartmel','Eggendart','Point',271,633,'Veracruz Llave','2/29/1984','6/20/2020','11/15/2024',9826.17,'Jolt Cola - Electric Blue',37,'F');
INSERT INTO proveedor(RFC_Prov,Nombre,ApellidoPat,ApellidoMat,Calle,Colonia,Num_Ext,Num_Int,Estado,Fecha_Nac,FechaIn_Con,FechaFin_Con,Costo_Serv,Producto,Frecuencia,Genero) VALUES ('wwN2qmhCqdkc','Merrili','Schwant','Damper','Lunder','Way',69931,00653,'Michoacan De Ocampo','2/16/1972','1/24/2018','7/29/2024',13121.19,'Muffin - Zero Transfat',64,'F');
INSERT INTO proveedor(RFC_Prov,Nombre,ApellidoPat,ApellidoMat,Calle,Colonia,Num_Ext,Num_Int,Estado,Fecha_Nac,FechaIn_Con,FechaFin_Con,Costo_Serv,Producto,Frecuencia,Genero) VALUES ('Ug62bGj6oQYl','Em','Gudgeon','Haberjam','Summit','Junction',107,13,'Veracruz Llave','7/15/1958','8/11/2023','12/21/2024',110.99,'Beef - Cow Feet Split',15,'F');
INSERT INTO proveedor(RFC_Prov,Nombre,ApellidoPat,ApellidoMat,Calle,Colonia,Num_Ext,Num_Int,Estado,Fecha_Nac,FechaIn_Con,FechaFin_Con,Costo_Serv,Producto,Frecuencia,Genero) VALUES ('MC60NayP0lRS','Georgina','Wheelhouse','Mangan','Towne','Park',45009,788,'Oaxaca','12/1/1983','8/8/2023','6/24/2024',5050.16,'Beer - Sleeman Fine Porter',38,'F');
INSERT INTO proveedor(RFC_Prov,Nombre,ApellidoPat,ApellidoMat,Calle,Colonia,Num_Ext,Num_Int,Estado,Fecha_Nac,FechaIn_Con,FechaFin_Con,Costo_Serv,Producto,Frecuencia,Genero) VALUES ('sLnGAkedgEdg','Maggy','Brodhead','Dorset','Ohio','Circle',14,0502,'Veracruz Llave','9/20/1959','11/4/2022','1/16/2024',15630.54,'Beef - Short Loin',11,'F');
INSERT INTO proveedor(RFC_Prov,Nombre,ApellidoPat,ApellidoMat,Calle,Colonia,Num_Ext,Num_Int,Estado,Fecha_Nac,FechaIn_Con,FechaFin_Con,Costo_Serv,Producto,Frecuencia,Genero) VALUES ('IDjo45dkKFgc','Cris','Vickerstaff','Paulig','Waubesa','Park',70,55,'Michoacan De Ocampo','9/19/1999','9/14/2017','9/4/2024',4377.16,'Cake - Dulce De Leche',69,'F');
INSERT INTO proveedor(RFC_Prov,Nombre,ApellidoPat,ApellidoMat,Calle,Colonia,Num_Ext,Num_Int,Estado,Fecha_Nac,FechaIn_Con,FechaFin_Con,Costo_Serv,Producto,Frecuencia,Genero) VALUES ('rUVhxOynCkMu','Noland','Dring','Mallindine','Mcguire','Way',9,8,'Tabasco','10/9/1960','8/10/2019','4/14/2024',2185.5,'Oil - Hazelnut',6,'M');
INSERT INTO proveedor(RFC_Prov,Nombre,ApellidoPat,ApellidoMat,Calle,Colonia,Num_Ext,Num_Int,Estado,Fecha_Nac,FechaIn_Con,FechaFin_Con,Costo_Serv,Producto,Frecuencia,Genero) VALUES ('rLRGrt9VwKEk','Andros','Cloney','Andrey','Cottonwood','Court',2,51,'Puebla','12/12/1981','2/11/2019','8/9/2024',19037.07,'Steam Pan - Half Size Deep',35,'M');
INSERT INTO proveedor(RFC_Prov,Nombre,ApellidoPat,ApellidoMat,Calle,Colonia,Num_Ext,Num_Int,Estado,Fecha_Nac,FechaIn_Con,FechaFin_Con,Costo_Serv,Producto,Frecuencia,Genero) VALUES ('VbmBZnq0TPTq','Feliks','Ruppert','Kirkebye','Darwin','Center',36837,2,'Chihuahua','11/9/1993','9/9/2020','9/20/2024',2733.42,'Hagen Daza - Dk Choocolate',61,'M');
INSERT INTO proveedor(RFC_Prov,Nombre,ApellidoPat,ApellidoMat,Calle,Colonia,Num_Ext,Num_Int,Estado,Fecha_Nac,FechaIn_Con,FechaFin_Con,Costo_Serv,Producto,Frecuencia,Genero) VALUES ('qF7j2IpcNe66','Beverley','Luff','Idale','Alpine','Lane',54228,932,'Mexico','10/7/1967','2/9/2018','12/9/2023',11074.78,'Extract - Vanilla,artificial',82,'F');
INSERT INTO proveedor(RFC_Prov,Nombre,ApellidoPat,ApellidoMat,Calle,Colonia,Num_Ext,Num_Int,Estado,Fecha_Nac,FechaIn_Con,FechaFin_Con,Costo_Serv,Producto,Frecuencia,Genero) VALUES ('dZJCVINUMxxp','Anabella','Arnet','Bille','2nd','Center',095,795,'Mexico','9/18/1961','1/18/2016','1/29/2024',9597.72,'Wine - Maipo Valle Cabernet',99,'F');
INSERT INTO proveedor(RFC_Prov,Nombre,ApellidoPat,ApellidoMat,Calle,Colonia,Num_Ext,Num_Int,Estado,Fecha_Nac,FechaIn_Con,FechaFin_Con,Costo_Serv,Producto,Frecuencia,Genero) VALUES ('lukGKFZ5Yppy','Caye','Stannah','Ondrich','Mallard','Court',0139,00,'Veracruz Llave','8/18/1974','1/17/2017','8/11/2024',16578.14,'Beef - Ox Tongue, Pickled',51,'F');
INSERT INTO proveedor(RFC_Prov,Nombre,ApellidoPat,ApellidoMat,Calle,Colonia,Num_Ext,Num_Int,Estado,Fecha_Nac,FechaIn_Con,FechaFin_Con,Costo_Serv,Producto,Frecuencia,Genero) VALUES ('L5ZCZeRPMGux','Hugo','Izat','Vinau','8th','Road',02,71020,'Veracruz Llave','11/4/1959','9/30/2016','7/5/2024',10336.13,'Cranberries - Dry',70,'M');
INSERT INTO proveedor(RFC_Prov,Nombre,ApellidoPat,ApellidoMat,Calle,Colonia,Num_Ext,Num_Int,Estado,Fecha_Nac,FechaIn_Con,FechaFin_Con,Costo_Serv,Producto,Frecuencia,Genero) VALUES ('auIyfUgmV3wy','Neill','Cartwight','Krolak','Onsgard','Plaza',32,0,'Veracruz Llave','5/12/1964','5/11/2020','2/2/2024',13769.48,'Quinoa',23,'M');
INSERT INTO proveedor(RFC_Prov,Nombre,ApellidoPat,ApellidoMat,Calle,Colonia,Num_Ext,Num_Int,Estado,Fecha_Nac,FechaIn_Con,FechaFin_Con,Costo_Serv,Producto,Frecuencia,Genero) VALUES ('ukZmtHvB25lv','Amil','Chatwood','Marti','Dwight','Pass',2589,4322,'Puebla','2/25/1981','6/7/2015','10/31/2024',10973.93,'Scallops - U - 10',7,'F');
INSERT INTO proveedor(RFC_Prov,Nombre,ApellidoPat,ApellidoMat,Calle,Colonia,Num_Ext,Num_Int,Estado,Fecha_Nac,FechaIn_Con,FechaFin_Con,Costo_Serv,Producto,Frecuencia,Genero) VALUES ('suzXzxD9YRug','Kellina','Behneke','Duffitt','Mockingbird','Place',2575,86,'Veracruz Llave','10/25/1977','2/1/2018','1/16/2024',12618.63,'Vermouth - Sweet, Cinzano',55,'F');
INSERT INTO proveedor(RFC_Prov,Nombre,ApellidoPat,ApellidoMat,Calle,Colonia,Num_Ext,Num_Int,Estado,Fecha_Nac,FechaIn_Con,FechaFin_Con,Costo_Serv,Producto,Frecuencia,Genero) VALUES ('qh82HJcUTNsX','Heall','Kinnerley','Canero','Colorado','Street',4628,1,'Tamaulipas','8/3/1957','10/10/2020','4/13/2024',2148.07,'Wine - Alsace Gewurztraminer',53,'M');
INSERT INTO proveedor(RFC_Prov,Nombre,ApellidoPat,ApellidoMat,Calle,Colonia,Num_Ext,Num_Int,Estado,Fecha_Nac,FechaIn_Con,FechaFin_Con,Costo_Serv,Producto,Frecuencia,Genero) VALUES ('Eyk7rsOv12lt','Cchaddie','Cronchey','Winterton','Calypso','Hill',1796,1,'Mexico','7/2/1971','6/13/2017','11/26/2024',17136.47,'Wine - Clavet Saint Emilion',90,'M');
INSERT INTO proveedor(RFC_Prov,Nombre,ApellidoPat,ApellidoMat,Calle,Colonia,Num_Ext,Num_Int,Estado,Fecha_Nac,FechaIn_Con,FechaFin_Con,Costo_Serv,Producto,Frecuencia,Genero) VALUES ('tHi8Tfda9rLB','Gal','Taunton.','Smeeth','Fallview','Place',8748,92,'Oaxaca','8/20/1991','1/31/2021','7/17/2024',16678.82,'Maple Syrup',56,'M');
INSERT INTO proveedor(RFC_Prov,Nombre,ApellidoPat,ApellidoMat,Calle,Colonia,Num_Ext,Num_Int,Estado,Fecha_Nac,FechaIn_Con,FechaFin_Con,Costo_Serv,Producto,Frecuencia,Genero) VALUES ('JIlTZtusZdix','Bertina','Philippart','Handlin','Canary','Terrace',5,55,'Sinaloa','4/7/1994','2/12/2016','10/13/2024',10324.17,'Energy Drink - Franks Pineapple',65,'F');
INSERT INTO proveedor(RFC_Prov,Nombre,ApellidoPat,ApellidoMat,Calle,Colonia,Num_Ext,Num_Int,Estado,Fecha_Nac,FechaIn_Con,FechaFin_Con,Costo_Serv,Producto,Frecuencia,Genero) VALUES ('5IyVIOoXJEkv','Bronson','Tick','Flower','6th','Crossing',2732,8,'Chihuahua','11/11/1961','10/28/2019','9/8/2024',528.25,'Pork - Back Ribs',13,'M');
INSERT INTO proveedor(RFC_Prov,Nombre,ApellidoPat,ApellidoMat,Calle,Colonia,Num_Ext,Num_Int,Estado,Fecha_Nac,FechaIn_Con,FechaFin_Con,Costo_Serv,Producto,Frecuencia,Genero) VALUES ('WmjcL25vXzRD','Arabelle','Gyles','Smalley','Lukken','Circle',47,28093,'Mexico','8/22/1998','4/5/2015','2/13/2024',12680.43,'Veal - Tenderloin, Untrimmed',78,'F');
INSERT INTO proveedor(RFC_Prov,Nombre,ApellidoPat,ApellidoMat,Calle,Colonia,Num_Ext,Num_Int,Estado,Fecha_Nac,FechaIn_Con,FechaFin_Con,Costo_Serv,Producto,Frecuencia,Genero) VALUES ('p6PXG6AKMex0','Marcus','Gunson','Chiddy','Scott','Pass',5283,02267,'Tamaulipas','7/28/1952','12/6/2015','3/13/2024',12247.24,'Appetizer - Asian Shrimp Roll',37,'M');
INSERT INTO proveedor(RFC_Prov,Nombre,ApellidoPat,ApellidoMat,Calle,Colonia,Num_Ext,Num_Int,Estado,Fecha_Nac,FechaIn_Con,FechaFin_Con,Costo_Serv,Producto,Frecuencia,Genero) VALUES ('hPEUjr96DHAt','Egbert','Simonaitis','MacGiolla','Packers','Alley',33266,73897,'Tamaulipas','1/25/1964','7/18/2020','5/7/2024',1938.6,'Soup - Campbells, Cream Of',2,'M');
INSERT INTO proveedor(RFC_Prov,Nombre,ApellidoPat,ApellidoMat,Calle,Colonia,Num_Ext,Num_Int,Estado,Fecha_Nac,FechaIn_Con,FechaFin_Con,Costo_Serv,Producto,Frecuencia,Genero) VALUES ('ZLSrgR9LZPYE','Robinia','McLellan','Woodwin','Becker','Trail',8,321,'Guanajuato','3/11/2003','1/24/2019','2/11/2024',18792.73,'Doilies - 7, Paper',31,'F');
INSERT INTO proveedor(RFC_Prov,Nombre,ApellidoPat,ApellidoMat,Calle,Colonia,Num_Ext,Num_Int,Estado,Fecha_Nac,FechaIn_Con,FechaFin_Con,Costo_Serv,Producto,Frecuencia,Genero) VALUES ('uj3dSVghaVuk','Coletta','Woodes','Wrightham','Village Green','Street',3,4,'Morelos','9/13/1967','11/6/2023','11/1/2024',1651.45,'Pepper - Red, Finger Hot',57,'F');
INSERT INTO proveedor(RFC_Prov,Nombre,ApellidoPat,ApellidoMat,Calle,Colonia,Num_Ext,Num_Int,Estado,Fecha_Nac,FechaIn_Con,FechaFin_Con,Costo_Serv,Producto,Frecuencia,Genero) VALUES ('JUvynVPtzBVE','Jilli','Tours','Chancelier','Melvin','Alley',53,9378,'Hidalgo','9/20/1989','8/9/2015','4/8/2024',2701.39,'Clam - Cherrystone',44,'F');
INSERT INTO proveedor(RFC_Prov,Nombre,ApellidoPat,ApellidoMat,Calle,Colonia,Num_Ext,Num_Int,Estado,Fecha_Nac,FechaIn_Con,FechaFin_Con,Costo_Serv,Producto,Frecuencia,Genero) VALUES ('moWc6UL2rAyV','Humbert','Inseal','O''Currine','Ryan','Avenue',71,97845,'Coahuila De Zaragoza','7/17/1996','10/16/2018','2/7/2024',8039.0,'Soup - French Onion, Dry',29,'M');
INSERT INTO proveedor(RFC_Prov,Nombre,ApellidoPat,ApellidoMat,Calle,Colonia,Num_Ext,Num_Int,Estado,Fecha_Nac,FechaIn_Con,FechaFin_Con,Costo_Serv,Producto,Frecuencia,Genero) VALUES ('h9ugI08oj9zS','Loydie','Ellington','Gossipin','Myrtle','Trail',26186,0,'Sinaloa','12/28/1966','9/4/2015','3/31/2024',2315.77,'Milk Powder',33,'M');
INSERT INTO proveedor(RFC_Prov,Nombre,ApellidoPat,ApellidoMat,Calle,Colonia,Num_Ext,Num_Int,Estado,Fecha_Nac,FechaIn_Con,FechaFin_Con,Costo_Serv,Producto,Frecuencia,Genero) VALUES ('9lJbReD1lXwJ','Hadleigh','Martonfi','Waylett','La Follette','Place',14386,53,'Veracruz Llave','1/11/1953','6/16/2022','2/4/2024',4486.98,'Lemon Tarts',61,'M');
INSERT INTO proveedor(RFC_Prov,Nombre,ApellidoPat,ApellidoMat,Calle,Colonia,Num_Ext,Num_Int,Estado,Fecha_Nac,FechaIn_Con,FechaFin_Con,Costo_Serv,Producto,Frecuencia,Genero) VALUES ('ZjYmEbnyj3Il','Meade','Chaulk','Stroobant','Pierstorff','Avenue',25,1263,'Veracruz Llave','8/31/1974','10/21/2020','5/26/2024',15031.27,'Pickerel - Fillets',66,'M');
INSERT INTO proveedor(RFC_Prov,Nombre,ApellidoPat,ApellidoMat,Calle,Colonia,Num_Ext,Num_Int,Estado,Fecha_Nac,FechaIn_Con,FechaFin_Con,Costo_Serv,Producto,Frecuencia,Genero) VALUES ('myWjn499eA9A','Nikolia','Tarver','Spyby','Tony','Court',2,093,'Tamaulipas','11/12/1973','3/16/2023','7/9/2024',10053.51,'Cake Slab',83,'F');
INSERT INTO proveedor(RFC_Prov,Nombre,ApellidoPat,ApellidoMat,Calle,Colonia,Num_Ext,Num_Int,Estado,Fecha_Nac,FechaIn_Con,FechaFin_Con,Costo_Serv,Producto,Frecuencia,Genero) VALUES ('ATeKOgU8pXTr','Hatty','Sprulls','Daville','Harbort','Way',36,64236,'Guanajuato','5/28/1990','8/21/2019','7/8/2024',16173.12,'Muskox - French Rack',75,'F');
INSERT INTO proveedor(RFC_Prov,Nombre,ApellidoPat,ApellidoMat,Calle,Colonia,Num_Ext,Num_Int,Estado,Fecha_Nac,FechaIn_Con,FechaFin_Con,Costo_Serv,Producto,Frecuencia,Genero) VALUES ('qgaprnNyPAGH','Haleigh','Riepl','McEntagart','Walton','Hill',2,923,'Michoacan De Ocampo','6/9/2001','12/4/2022','8/13/2024',19075.39,'Cornish Hen',66,'F');
INSERT INTO proveedor(RFC_Prov,Nombre,ApellidoPat,ApellidoMat,Calle,Colonia,Num_Ext,Num_Int,Estado,Fecha_Nac,FechaIn_Con,FechaFin_Con,Costo_Serv,Producto,Frecuencia,Genero) VALUES ('VFt3G2FymdQV','Ulberto','Fleet','Desport','Doe Crossing','Terrace',7,9045,'Tamaulipas','11/28/1990','1/6/2015','2/11/2024',10605.72,'Tea - Lemon Green Tea',20,'M');
INSERT INTO proveedor(RFC_Prov,Nombre,ApellidoPat,ApellidoMat,Calle,Colonia,Num_Ext,Num_Int,Estado,Fecha_Nac,FechaIn_Con,FechaFin_Con,Costo_Serv,Producto,Frecuencia,Genero) VALUES ('uT7QYG6T6p4w','Edd','Margram','Clemenza','Coleman','Drive',2429,634,'Guanajuato','7/16/1993','4/7/2018','1/28/2024',13738.27,'Ginger - Pickled',58,'M');
INSERT INTO proveedor(RFC_Prov,Nombre,ApellidoPat,ApellidoMat,Calle,Colonia,Num_Ext,Num_Int,Estado,Fecha_Nac,FechaIn_Con,FechaFin_Con,Costo_Serv,Producto,Frecuencia,Genero) VALUES ('nJaQ2zgihs26','Slade','Cutress','Hobgen','Pleasure','Drive',4,696,'Veracruz Llave','3/22/1974','4/21/2023','3/24/2024',3797.67,'White Fish - Filets',97,'M');
INSERT INTO proveedor(RFC_Prov,Nombre,ApellidoPat,ApellidoMat,Calle,Colonia,Num_Ext,Num_Int,Estado,Fecha_Nac,FechaIn_Con,FechaFin_Con,Costo_Serv,Producto,Frecuencia,Genero) VALUES ('th1Buzt90fgi','Bern','Flatte','Winning','Bashford','Junction',60410,628,'Mexico','4/9/1996','9/10/2020','6/3/2024',4727.85,'Dried Peach',69,'M');
INSERT INTO proveedor(RFC_Prov,Nombre,ApellidoPat,ApellidoMat,Calle,Colonia,Num_Ext,Num_Int,Estado,Fecha_Nac,FechaIn_Con,FechaFin_Con,Costo_Serv,Producto,Frecuencia,Genero) VALUES ('2qqb4Vie8LcG','Chrissie','McClancy','Cookson','Golf','Point',9,1,'Veracruz Llave','1/29/1994','5/21/2019','12/13/2023',9633.55,'Appetizer - Smoked Salmon / Dill',3,'M');
INSERT INTO proveedor(RFC_Prov,Nombre,ApellidoPat,ApellidoMat,Calle,Colonia,Num_Ext,Num_Int,Estado,Fecha_Nac,FechaIn_Con,FechaFin_Con,Costo_Serv,Producto,Frecuencia,Genero) VALUES ('vx41yhrtdiif','Olva','Drage','Aery','Iowa','Place',17,4,'Puebla','11/29/1971','8/31/2020','9/3/2024',660.45,'Octopus - Baby, Cleaned',66,'F');
INSERT INTO proveedor(RFC_Prov,Nombre,ApellidoPat,ApellidoMat,Calle,Colonia,Num_Ext,Num_Int,Estado,Fecha_Nac,FechaIn_Con,FechaFin_Con,Costo_Serv,Producto,Frecuencia,Genero) VALUES ('KPBjHlHgBhmd','Jaime','Robillard','Feares','Comanche','Parkway',46539,81976,'Veracruz Llave','2/23/1979','3/7/2018','5/27/2024',14540.41,'Extract - Raspberry',48,'F');
INSERT INTO proveedor(RFC_Prov,Nombre,ApellidoPat,ApellidoMat,Calle,Colonia,Num_Ext,Num_Int,Estado,Fecha_Nac,FechaIn_Con,FechaFin_Con,Costo_Serv,Producto,Frecuencia,Genero) VALUES ('ncVs8h7TrCe7','Adrianna','McKellen','Fincken','Grim','Crossing',82,67534,'Puebla','2/11/1985','3/1/2020','6/30/2024',333.31,'Tea - Decaf Lipton',21,'F');
INSERT INTO proveedor(RFC_Prov,Nombre,ApellidoPat,ApellidoMat,Calle,Colonia,Num_Ext,Num_Int,Estado,Fecha_Nac,FechaIn_Con,FechaFin_Con,Costo_Serv,Producto,Frecuencia,Genero) VALUES ('M3n5H4knlq6d','Moses','Clemerson','Cattemull','Judy','Plaza',5,7381,'Chihuahua','10/8/1995','5/16/2020','7/23/2024',5467.59,'Bagelers - Cinn / Brown',20,'M');
INSERT INTO proveedor(RFC_Prov,Nombre,ApellidoPat,ApellidoMat,Calle,Colonia,Num_Ext,Num_Int,Estado,Fecha_Nac,FechaIn_Con,FechaFin_Con,Costo_Serv,Producto,Frecuencia,Genero) VALUES ('vWpkQKA60tdG','Adrianna','Kill','Gheeraert','Heffernan','Road',092,8,'Mexico','12/4/1972','5/21/2018','7/27/2024',19432.61,'Wine - Casablanca Valley',95,'F');
INSERT INTO proveedor(RFC_Prov,Nombre,ApellidoPat,ApellidoMat,Calle,Colonia,Num_Ext,Num_Int,Estado,Fecha_Nac,FechaIn_Con,FechaFin_Con,Costo_Serv,Producto,Frecuencia,Genero) VALUES ('CxWMYAsgGnf7','Dominic','Strong','Whinray','Golf View','Circle',09,0,'Mexico','11/30/1956','1/14/2016','12/13/2023',4897.58,'Appetizer - Shrimp Puff',56,'M');
INSERT INTO proveedor(RFC_Prov,Nombre,ApellidoPat,ApellidoMat,Calle,Colonia,Num_Ext,Num_Int,Estado,Fecha_Nac,FechaIn_Con,FechaFin_Con,Costo_Serv,Producto,Frecuencia,Genero) VALUES ('F8SKc1n5rxkS','Antonina','Le Jean','Bonanno','Lyons','Street',20969,7,'Michoacan De Ocampo','11/1/1980','5/9/2022','3/27/2024',971.6,'Coconut Milk - Unsweetened',100,'F');
INSERT INTO proveedor(RFC_Prov,Nombre,ApellidoPat,ApellidoMat,Calle,Colonia,Num_Ext,Num_Int,Estado,Fecha_Nac,FechaIn_Con,FechaFin_Con,Costo_Serv,Producto,Frecuencia,Genero) VALUES ('z666oD4Nqr8r','Annalee','Oag','Ormes','Muir','Pass',46364,23,'Tamaulipas','2/23/1968','3/17/2016','2/15/2024',434.72,'Calypso - Lemonade',38,'F');
INSERT INTO proveedor(RFC_Prov,Nombre,ApellidoPat,ApellidoMat,Calle,Colonia,Num_Ext,Num_Int,Estado,Fecha_Nac,FechaIn_Con,FechaFin_Con,Costo_Serv,Producto,Frecuencia,Genero) VALUES ('eGnOxUBEZQFH','Friederike','O''Mullally','McNirlin','Banding','Road',12341,1259,'Guerrero','9/8/1992','10/1/2020','3/9/2024',9004.71,'Blueberries - Frozen',47,'F');
INSERT INTO proveedor(RFC_Prov,Nombre,ApellidoPat,ApellidoMat,Calle,Colonia,Num_Ext,Num_Int,Estado,Fecha_Nac,FechaIn_Con,FechaFin_Con,Costo_Serv,Producto,Frecuencia,Genero) VALUES ('KOmqedy0bIPw','Gabie','Gosney','Whotton','Lillian','Avenue',2,32,'Tamaulipas','7/12/1955','10/20/2019','7/19/2024',9999.82,'Mix - Cocktail Ice Cream',53,'F');
INSERT INTO proveedor(RFC_Prov,Nombre,ApellidoPat,ApellidoMat,Calle,Colonia,Num_Ext,Num_Int,Estado,Fecha_Nac,FechaIn_Con,FechaFin_Con,Costo_Serv,Producto,Frecuencia,Genero) VALUES ('3oN2zA7f2Fpu','Rafi','Sainsbury-Brown','Leithgoe','Manufacturers','Circle',56,9,'Guanajuato','3/22/1991','11/18/2017','12/21/2023',11371.13,'Juice - Clam, 46 Oz',48,'M');
INSERT INTO proveedor(RFC_Prov,Nombre,ApellidoPat,ApellidoMat,Calle,Colonia,Num_Ext,Num_Int,Estado,Fecha_Nac,FechaIn_Con,FechaFin_Con,Costo_Serv,Producto,Frecuencia,Genero) VALUES ('w7lNtTjRZhzF','Mannie','Sitlington','Peepall','Welch','Junction',613,9433,'Jalisco','5/13/1960','11/14/2016','1/14/2024',3752.95,'Pop - Club Soda Can',73,'M');
INSERT INTO proveedor(RFC_Prov,Nombre,ApellidoPat,ApellidoMat,Calle,Colonia,Num_Ext,Num_Int,Estado,Fecha_Nac,FechaIn_Con,FechaFin_Con,Costo_Serv,Producto,Frecuencia,Genero) VALUES ('Gzp3suKSJ4Oz','Patrizio','Demare','Pena','Hoepker','Way',328,88493,'Oaxaca','11/4/1954','11/9/2021','4/2/2024',12222.99,'Oil - Avocado',13,'M');
INSERT INTO proveedor(RFC_Prov,Nombre,ApellidoPat,ApellidoMat,Calle,Colonia,Num_Ext,Num_Int,Estado,Fecha_Nac,FechaIn_Con,FechaFin_Con,Costo_Serv,Producto,Frecuencia,Genero) VALUES ('lpZ0x5UApeR0','Cullie','Brun','Dashkovich','Walton','Center',770,91700,'Chiapas','11/5/1979','8/5/2021','10/10/2024',19561.38,'Table Cloth 90x90 White',76,'M');
INSERT INTO proveedor(RFC_Prov,Nombre,ApellidoPat,ApellidoMat,Calle,Colonia,Num_Ext,Num_Int,Estado,Fecha_Nac,FechaIn_Con,FechaFin_Con,Costo_Serv,Producto,Frecuencia,Genero) VALUES ('EwqGK0ayA1eN','Manfred','Mutlow','Eddow','Basil','Trail',9342,88725,'Mexico','8/27/1968','8/6/2022','2/24/2024',9024.14,'Poppy Seed',18,'M');
INSERT INTO proveedor(RFC_Prov,Nombre,ApellidoPat,ApellidoMat,Calle,Colonia,Num_Ext,Num_Int,Estado,Fecha_Nac,FechaIn_Con,FechaFin_Con,Costo_Serv,Producto,Frecuencia,Genero) VALUES ('h3fklNLx6xZk','Robert','Linskill','Kaines','Pine View','Parkway',73979,6,'Guanajuato','6/28/1966','9/22/2015','1/24/2024',3540.62,'Chocolate - Milk Coating',70,'M');
INSERT INTO proveedor(RFC_Prov,Nombre,ApellidoPat,ApellidoMat,Calle,Colonia,Num_Ext,Num_Int,Estado,Fecha_Nac,FechaIn_Con,FechaFin_Con,Costo_Serv,Producto,Frecuencia,Genero) VALUES ('orpNj60DkHI7','Hamnet','Skingley','Farrell','Veith','Court',48815,7099,'Veracruz Llave','1/7/1997','9/4/2022','9/30/2024',11953.97,'Wine - Vovray Sec Domaine Huet',63,'M');
INSERT INTO proveedor(RFC_Prov,Nombre,ApellidoPat,ApellidoMat,Calle,Colonia,Num_Ext,Num_Int,Estado,Fecha_Nac,FechaIn_Con,FechaFin_Con,Costo_Serv,Producto,Frecuencia,Genero) VALUES ('VPQCg6NRAhBu','Mariette','Impleton','Tapp','Gale','Street',4,6,'Guanajuato','8/16/1993','7/22/2022','7/23/2024',1461.03,'Muffin - Blueberry Individual',8,'F');
INSERT INTO proveedor(RFC_Prov,Nombre,ApellidoPat,ApellidoMat,Calle,Colonia,Num_Ext,Num_Int,Estado,Fecha_Nac,FechaIn_Con,FechaFin_Con,Costo_Serv,Producto,Frecuencia,Genero) VALUES ('IJssQxLIlcV2','Jaime','Tinham','Broose','Mallard','Way',5401,99,'Guerrero','4/28/1979','1/16/2021','5/12/2024',10594.06,'Ice Cream Bar - Rolo Cone',73,'F');
INSERT INTO proveedor(RFC_Prov,Nombre,ApellidoPat,ApellidoMat,Calle,Colonia,Num_Ext,Num_Int,Estado,Fecha_Nac,FechaIn_Con,FechaFin_Con,Costo_Serv,Producto,Frecuencia,Genero) VALUES ('H3F8Jc0MaFMD','Neala','Monksfield','Springell','La Follette','Circle',8,124,'Chihuahua','10/1/2003','6/4/2020','6/22/2024',14394.47,'Asparagus - Frozen',50,'F');
INSERT INTO proveedor(RFC_Prov,Nombre,ApellidoPat,ApellidoMat,Calle,Colonia,Num_Ext,Num_Int,Estado,Fecha_Nac,FechaIn_Con,FechaFin_Con,Costo_Serv,Producto,Frecuencia,Genero) VALUES ('W6o5dU6mDXnw','Winnie','MacBey','Nerval','Novick','Alley',75,279,'Chiapas','10/3/1970','5/13/2023','9/12/2024',656.14,'Bread Crumbs - Japanese Style',5,'M');
INSERT INTO proveedor(RFC_Prov,Nombre,ApellidoPat,ApellidoMat,Calle,Colonia,Num_Ext,Num_Int,Estado,Fecha_Nac,FechaIn_Con,FechaFin_Con,Costo_Serv,Producto,Frecuencia,Genero) VALUES ('ndScIHm827OL','Dolli','Gasticke','Laughrey','Jay','Circle',3,012,'Guanajuato','9/2/1950','9/3/2021','5/13/2024',19766.2,'Jolt Cola',50,'F');
INSERT INTO proveedor(RFC_Prov,Nombre,ApellidoPat,ApellidoMat,Calle,Colonia,Num_Ext,Num_Int,Estado,Fecha_Nac,FechaIn_Con,FechaFin_Con,Costo_Serv,Producto,Frecuencia,Genero) VALUES ('6qFicM4OZ9kW','Virgie','Dictus','Thaim','Red Cloud','Way',4805,79,'Coahuila De Zaragoza','12/12/2000','12/14/2021','9/22/2024',18796.49,'Jack Daniels',41,'M');
INSERT INTO proveedor(RFC_Prov,Nombre,ApellidoPat,ApellidoMat,Calle,Colonia,Num_Ext,Num_Int,Estado,Fecha_Nac,FechaIn_Con,FechaFin_Con,Costo_Serv,Producto,Frecuencia,Genero) VALUES ('RFJvIj6ajthS','Chery','Strother','Jouandet','Warbler','Drive',7909,4,'Veracruz Llave','2/24/1995','10/10/2022','6/28/2024',15325.03,'Kellogs Raisan Bran Bars',79,'F');
INSERT INTO proveedor(RFC_Prov,Nombre,ApellidoPat,ApellidoMat,Calle,Colonia,Num_Ext,Num_Int,Estado,Fecha_Nac,FechaIn_Con,FechaFin_Con,Costo_Serv,Producto,Frecuencia,Genero) VALUES ('kYox4NRvRdI2','Artemas','Ianson','Filer','Elmside','Street',099,38,'Mexico','7/14/1999','3/19/2022','5/14/2024',7532.57,'Lobster - Base',60,'M');
INSERT INTO proveedor(RFC_Prov,Nombre,ApellidoPat,ApellidoMat,Calle,Colonia,Num_Ext,Num_Int,Estado,Fecha_Nac,FechaIn_Con,FechaFin_Con,Costo_Serv,Producto,Frecuencia,Genero) VALUES ('eDIvXfae5Dal','Lambert','Goodburn','McCaig','Monument','Junction',728,787,'Guanajuato','9/30/1974','2/5/2018','1/23/2024',4557.04,'Beer - Alexander Kieths, Pale Ale',87,'M');
INSERT INTO proveedor(RFC_Prov,Nombre,ApellidoPat,ApellidoMat,Calle,Colonia,Num_Ext,Num_Int,Estado,Fecha_Nac,FechaIn_Con,FechaFin_Con,Costo_Serv,Producto,Frecuencia,Genero) VALUES ('rNrGtAWSsd6A','Gerard','Chestney','Sevitt','Hagan','Point',436,18433,'Veracruz Llave','8/26/1953','2/2/2020','11/4/2024',18581.92,'Cookie Double Choco',67,'M');
INSERT INTO proveedor(RFC_Prov,Nombre,ApellidoPat,ApellidoMat,Calle,Colonia,Num_Ext,Num_Int,Estado,Fecha_Nac,FechaIn_Con,FechaFin_Con,Costo_Serv,Producto,Frecuencia,Genero) VALUES ('3h8UvSpYCcwP','Atlanta','Patriche','D''Acth','Crowley','Parkway',76900,0361,'Chihuahua','2/27/1974','9/13/2019','4/30/2024',13476.01,'Calypso - Pineapple Passion',55,'F');
INSERT INTO proveedor(RFC_Prov,Nombre,ApellidoPat,ApellidoMat,Calle,Colonia,Num_Ext,Num_Int,Estado,Fecha_Nac,FechaIn_Con,FechaFin_Con,Costo_Serv,Producto,Frecuencia,Genero) VALUES ('7skuUcHuhCfJ','Bertina','Brognot','Wharram','Scoville','Pass',8529,1533,'Mexico','4/13/1999','6/14/2017','2/27/2024',9454.21,'Sugar - Invert',44,'F');
INSERT INTO proveedor(RFC_Prov,Nombre,ApellidoPat,ApellidoMat,Calle,Colonia,Num_Ext,Num_Int,Estado,Fecha_Nac,FechaIn_Con,FechaFin_Con,Costo_Serv,Producto,Frecuencia,Genero) VALUES ('Ef8r28gLkv7C','Costa','Dinnington','Partlett','Annamark','Trail',21663,8177,'Veracruz Llave','10/27/2001','2/17/2022','10/23/2024',17080.76,'Dry Ice',73,'M');
--Proveedores Alimentos
INSERT INTO proveedor(RFC_Prov,Nombre,ApellidoPat,ApellidoMat,Calle,Colonia,Num_Ext,Num_Int,Estado,Fecha_Nac,FechaIn_Con,FechaFin_Con,Costo_Serv,Producto,Frecuencia,Genero) VALUES ('lQqEXo4dfwU7','Ciel','Wyrill','Guilfoyle','Surrey','Alley',82,764,'Guerrero','1/13/1951','12/10/2016','12/6/2024',9334.04,'Cheese - Provolone',96,'F');
INSERT INTO proveedor(RFC_Prov,Nombre,ApellidoPat,ApellidoMat,Calle,Colonia,Num_Ext,Num_Int,Estado,Fecha_Nac,FechaIn_Con,FechaFin_Con,Costo_Serv,Producto,Frecuencia,Genero) VALUES ('HnwO9nfmhtgT','Saxe','Abadam','Lamping','Marcy','Junction',69833,4,'Puebla','1/5/1960','4/24/2021','12/17/2024',1542.74,'Extract - Vanilla,artificial',95,'M');
INSERT INTO proveedor(RFC_Prov,Nombre,ApellidoPat,ApellidoMat,Calle,Colonia,Num_Ext,Num_Int,Estado,Fecha_Nac,FechaIn_Con,FechaFin_Con,Costo_Serv,Producto,Frecuencia,Genero) VALUES ('KOh5rUTgeN5q','Sabra','Scrafton','Dugan','Maryland','Pass',98826,30,'Veracruz Llave','9/25/1991','8/26/2017','9/1/2024',13218.17,'Wine - Duboeuf Beaujolais',63,'F');
INSERT INTO proveedor(RFC_Prov,Nombre,ApellidoPat,ApellidoMat,Calle,Colonia,Num_Ext,Num_Int,Estado,Fecha_Nac,FechaIn_Con,FechaFin_Con,Costo_Serv,Producto,Frecuencia,Genero) VALUES ('gnPuhoSuKVyW','Christel','Blyde','Tunesi','Loeprich','Terrace',41,9,'Veracruz Llave','8/16/1965','12/10/2022','6/20/2024',14935.65,'Bread - Dark Rye, Loaf',24,'F');
INSERT INTO proveedor(RFC_Prov,Nombre,ApellidoPat,ApellidoMat,Calle,Colonia,Num_Ext,Num_Int,Estado,Fecha_Nac,FechaIn_Con,FechaFin_Con,Costo_Serv,Producto,Frecuencia,Genero) VALUES ('s7IIzzS3cTKW','Christiano','Blaschek','Joseph','Claremont','Avenue',3,0485,'Mexico','9/21/1979','10/15/2019','7/14/2024',3918.23,'Bread - Multigrain Oval',36,'M');
INSERT INTO proveedor(RFC_Prov,Nombre,ApellidoPat,ApellidoMat,Calle,Colonia,Num_Ext,Num_Int,Estado,Fecha_Nac,FechaIn_Con,FechaFin_Con,Costo_Serv,Producto,Frecuencia,Genero) VALUES ('ty1R5KxSBnbt','Charlton','Ailsbury','Benger','Maple','Court',52,49882,'Veracruz Llave','1/5/1957','6/9/2023','2/11/2024',11973.28,'Yogurt - Raspberry, 175 Gr',24,'M');
INSERT INTO proveedor(RFC_Prov,Nombre,ApellidoPat,ApellidoMat,Calle,Colonia,Num_Ext,Num_Int,Estado,Fecha_Nac,FechaIn_Con,FechaFin_Con,Costo_Serv,Producto,Frecuencia,Genero) VALUES ('yYAuROSxrMdx','Jenica','Pendrey','Reims','Vera','Park',53,9,'Veracruz Llave','3/20/1950','9/23/2015','12/17/2024',532.46,'Kiwi Gold Zespri',34,'F');
INSERT INTO proveedor(RFC_Prov,Nombre,ApellidoPat,ApellidoMat,Calle,Colonia,Num_Ext,Num_Int,Estado,Fecha_Nac,FechaIn_Con,FechaFin_Con,Costo_Serv,Producto,Frecuencia,Genero) VALUES ('MYqmKUTzyFmJ','Fred','Dowdeswell','Merrigans','Charing Cross','Point',6,6,'Oaxaca','10/16/1995','1/23/2022','5/20/2024',10281.11,'Pork - Hock And Feet Attached',20,'M');
INSERT INTO proveedor(RFC_Prov,Nombre,ApellidoPat,ApellidoMat,Calle,Colonia,Num_Ext,Num_Int,Estado,Fecha_Nac,FechaIn_Con,FechaFin_Con,Costo_Serv,Producto,Frecuencia,Genero) VALUES ('sDTyQObSvKKq','Tamara','Beldham','Corran','Lukken','Center',33,176,'Veracruz Llave','4/24/1992','10/18/2015','5/7/2024',7938.57,'Beans - Black Bean, Preserved',73,'F');
INSERT INTO proveedor(RFC_Prov,Nombre,ApellidoPat,ApellidoMat,Calle,Colonia,Num_Ext,Num_Int,Estado,Fecha_Nac,FechaIn_Con,FechaFin_Con,Costo_Serv,Producto,Frecuencia,Genero) VALUES ('zNfnvvIafpSd','Brod','Arne','McClinton','Bultman','Lane',4,36,'Guanajuato','12/16/1995','3/2/2022','12/10/2024',12829.68,'Stock - Beef, White',92,'M');
INSERT INTO proveedor(RFC_Prov,Nombre,ApellidoPat,ApellidoMat,Calle,Colonia,Num_Ext,Num_Int,Estado,Fecha_Nac,FechaIn_Con,FechaFin_Con,Costo_Serv,Producto,Frecuencia,Genero) VALUES ('Y7dmTJ5XGa6Q','Florry','Paddington','Dance','Kennedy','Trail',6,129,'Mexico','11/9/1959','6/26/2021','1/30/2024',12197.18,'Scallop - St. Jaques',88,'F');
INSERT INTO proveedor(RFC_Prov,Nombre,ApellidoPat,ApellidoMat,Calle,Colonia,Num_Ext,Num_Int,Estado,Fecha_Nac,FechaIn_Con,FechaFin_Con,Costo_Serv,Producto,Frecuencia,Genero) VALUES ('CyaADjkDvaXl','Rosalyn','Courson','Ondrak','Homewood','Alley',43525,0921,'Guerrero','9/3/1974','1/4/2015','6/12/2024',2446.56,'Sauce - Roasted Red Pepper',81,'F');
INSERT INTO proveedor(RFC_Prov,Nombre,ApellidoPat,ApellidoMat,Calle,Colonia,Num_Ext,Num_Int,Estado,Fecha_Nac,FechaIn_Con,FechaFin_Con,Costo_Serv,Producto,Frecuencia,Genero) VALUES ('5dXZiZUmDo9d','Wayland','Sergant','Duck','Trailsway','Hill',960,2590,'Michoacan De Ocampo','4/1/1988','2/21/2020','7/8/2024',7331.36,'Onions Granulated',47,'M');
INSERT INTO proveedor(RFC_Prov,Nombre,ApellidoPat,ApellidoMat,Calle,Colonia,Num_Ext,Num_Int,Estado,Fecha_Nac,FechaIn_Con,FechaFin_Con,Costo_Serv,Producto,Frecuencia,Genero) VALUES ('HNWg8fRkPYMn','Malchy','Massimi','Newbigging','Dwight','Street',15,2220,'Jalisco','4/28/1982','11/14/2020','1/26/2024',11417.18,'Beef - Outside, Round',49,'M');
INSERT INTO proveedor(RFC_Prov,Nombre,ApellidoPat,ApellidoMat,Calle,Colonia,Num_Ext,Num_Int,Estado,Fecha_Nac,FechaIn_Con,FechaFin_Con,Costo_Serv,Producto,Frecuencia,Genero) VALUES ('143uwIfT53LX','Colly','Garrals','Gutteridge','Manufacturers','Trail',93,3987,'Morelos','8/8/1957','6/2/2017','5/26/2024',8790.9,'Flour - Corn, Fine',68,'F');
INSERT INTO proveedor(RFC_Prov,Nombre,ApellidoPat,ApellidoMat,Calle,Colonia,Num_Ext,Num_Int,Estado,Fecha_Nac,FechaIn_Con,FechaFin_Con,Costo_Serv,Producto,Frecuencia,Genero) VALUES ('H49fqdTOXGt1','Saba','Galway','Oloman','Northfield','Court',17121,1,'Veracruz Llave','10/11/1985','6/1/2022','11/6/2024',18941.9,'Wine - Pinot Grigio Collavini',85,'F');
INSERT INTO proveedor(RFC_Prov,Nombre,ApellidoPat,ApellidoMat,Calle,Colonia,Num_Ext,Num_Int,Estado,Fecha_Nac,FechaIn_Con,FechaFin_Con,Costo_Serv,Producto,Frecuencia,Genero) VALUES ('lsM7gvNf4oyZ','Amara','Covelle','Tschersich','Messerschmidt','Lane',9046,0,'Veracruz Llave','7/14/1965','12/16/2021','6/5/2024',13180.19,'Table Cloth 62x114 Colour',60,'F');
INSERT INTO proveedor(RFC_Prov,Nombre,ApellidoPat,ApellidoMat,Calle,Colonia,Num_Ext,Num_Int,Estado,Fecha_Nac,FechaIn_Con,FechaFin_Con,Costo_Serv,Producto,Frecuencia,Genero) VALUES ('vwPmUbXjpw11','Sibylle','Yurov','Mounsey','Arrowood','Terrace',93637,47,'Puebla','8/16/1954','5/27/2018','8/1/2024',13685.65,'Bread - Multigrain Oval',27,'F');
INSERT INTO proveedor(RFC_Prov,Nombre,ApellidoPat,ApellidoMat,Calle,Colonia,Num_Ext,Num_Int,Estado,Fecha_Nac,FechaIn_Con,FechaFin_Con,Costo_Serv,Producto,Frecuencia,Genero) VALUES ('lDeHAtZEL7qx','Willow','Veracruysse','Filler','Thierer','Crossing',66916,921,'Veracruz Llave','6/6/2003','4/4/2018','12/2/2023',9809.68,'Beef Dry Aged Tenderloin Aaa',65,'F');
INSERT INTO proveedor(RFC_Prov,Nombre,ApellidoPat,ApellidoMat,Calle,Colonia,Num_Ext,Num_Int,Estado,Fecha_Nac,FechaIn_Con,FechaFin_Con,Costo_Serv,Producto,Frecuencia,Genero) VALUES ('QBeDUWO1q3TL','Allie','Kierans','Norcop','Milwaukee','Lane',29,43421,'Chihuahua','4/14/1981','5/5/2022','11/4/2024',9200.8,'Sauce - Mint',24,'M');
INSERT INTO proveedor(RFC_Prov,Nombre,ApellidoPat,ApellidoMat,Calle,Colonia,Num_Ext,Num_Int,Estado,Fecha_Nac,FechaIn_Con,FechaFin_Con,Costo_Serv,Producto,Frecuencia,Genero) VALUES ('kJdJAViNXNXN','Felipa','Mauvin','Bumphrey','Thierer','Drive',02980,2601,'Veracruz Llave','6/30/1974','6/14/2018','12/22/2023',12245.14,'Mix - Cappucino Cocktail',54,'F');
INSERT INTO proveedor(RFC_Prov,Nombre,ApellidoPat,ApellidoMat,Calle,Colonia,Num_Ext,Num_Int,Estado,Fecha_Nac,FechaIn_Con,FechaFin_Con,Costo_Serv,Producto,Frecuencia,Genero) VALUES ('dQoowyA1Agq2','Wayland','Bartoletti','Cardow','Northridge','Point',4137,880,'Tamaulipas','8/29/1988','1/4/2022','10/25/2024',6846.21,'Quail - Eggs, Fresh',69,'M');
INSERT INTO proveedor(RFC_Prov,Nombre,ApellidoPat,ApellidoMat,Calle,Colonia,Num_Ext,Num_Int,Estado,Fecha_Nac,FechaIn_Con,FechaFin_Con,Costo_Serv,Producto,Frecuencia,Genero) VALUES ('SrAwZIE7fEBo','Dieter','Purry','Sprowle','Carioca','Parkway',0,3511,'Chihuahua','10/19/1956','5/13/2022','2/9/2024',19644.5,'Carrots - Purple, Organic',74,'M');
INSERT INTO proveedor(RFC_Prov,Nombre,ApellidoPat,ApellidoMat,Calle,Colonia,Num_Ext,Num_Int,Estado,Fecha_Nac,FechaIn_Con,FechaFin_Con,Costo_Serv,Producto,Frecuencia,Genero) VALUES ('pMGxxpTKi4SQ','Mathian','Stigers','Lisciandri','Ridge Oak','Place',758,7,'Veracruz Llave','1/27/1999','10/1/2015','12/1/2024',6500.54,'Bread - Raisin Walnut Pull',3,'M');
INSERT INTO proveedor(RFC_Prov,Nombre,ApellidoPat,ApellidoMat,Calle,Colonia,Num_Ext,Num_Int,Estado,Fecha_Nac,FechaIn_Con,FechaFin_Con,Costo_Serv,Producto,Frecuencia,Genero) VALUES ('6BVMcB1DAckO','Lyndsay','Pladen','Lansly','Reindahl','Lane',6853,67806,'Guanajuato','3/18/1952','5/7/2016','2/16/2024',5130.79,'Beef Cheek Fresh',87,'F');
INSERT INTO proveedor(RFC_Prov,Nombre,ApellidoPat,ApellidoMat,Calle,Colonia,Num_Ext,Num_Int,Estado,Fecha_Nac,FechaIn_Con,FechaFin_Con,Costo_Serv,Producto,Frecuencia,Genero) VALUES ('48z9bzUvMjRu','Helaina','MacAless','Klaus','Nevada','Court',26394,2,'Guerrero','1/27/1990','5/6/2021','10/9/2024',18046.22,'Cookie - Dough Variety',95,'F');
INSERT INTO proveedor(RFC_Prov,Nombre,ApellidoPat,ApellidoMat,Calle,Colonia,Num_Ext,Num_Int,Estado,Fecha_Nac,FechaIn_Con,FechaFin_Con,Costo_Serv,Producto,Frecuencia,Genero) VALUES ('Skt2oeF8qNpv','Ripley','Thom','Brade','Redwing','Court',3015,004,'Guerrero','10/28/2003','7/3/2019','6/16/2024',9202.87,'Spice - Montreal Steak Spice',69,'M');
INSERT INTO proveedor(RFC_Prov,Nombre,ApellidoPat,ApellidoMat,Calle,Colonia,Num_Ext,Num_Int,Estado,Fecha_Nac,FechaIn_Con,FechaFin_Con,Costo_Serv,Producto,Frecuencia,Genero) VALUES ('JV4AueGpm2CT','Conn','Hadeke','Zukierman','5th','Plaza',3869,1735,'Michoacan De Ocampo','6/9/1970','8/26/2020','11/18/2024',8822.94,'Foam Tray S2',94,'M');
INSERT INTO proveedor(RFC_Prov,Nombre,ApellidoPat,ApellidoMat,Calle,Colonia,Num_Ext,Num_Int,Estado,Fecha_Nac,FechaIn_Con,FechaFin_Con,Costo_Serv,Producto,Frecuencia,Genero) VALUES ('7tOZCDJpeYn0','Sonnnie','Breadon','Oswick','Redwing','Drive',0,7,'Veracruz Llave','12/9/1961','6/21/2018','3/26/2024',18556.0,'Longos - Grilled Chicken With',16,'F');
INSERT INTO proveedor(RFC_Prov,Nombre,ApellidoPat,ApellidoMat,Calle,Colonia,Num_Ext,Num_Int,Estado,Fecha_Nac,FechaIn_Con,FechaFin_Con,Costo_Serv,Producto,Frecuencia,Genero) VALUES ('RyWVl03RHnc1','Haley','Jaycock','Kavanagh','Truax','Court',2,65549,'Chiapas','10/24/1990','1/7/2020','1/30/2024',4839.94,'Grapes - Green',88,'F');
INSERT INTO proveedor(RFC_Prov,Nombre,ApellidoPat,ApellidoMat,Calle,Colonia,Num_Ext,Num_Int,Estado,Fecha_Nac,FechaIn_Con,FechaFin_Con,Costo_Serv,Producto,Frecuencia,Genero) VALUES ('ay9rYv7I7uvK','Carlotta','Tinniswood','Leuren','Esch','Road',707,10742,'Guanajuato','2/2/1999','2/7/2016','9/25/2024',12080.04,'Pork - Back, Short Cut, Boneless',2,'F');
INSERT INTO proveedor(RFC_Prov,Nombre,ApellidoPat,ApellidoMat,Calle,Colonia,Num_Ext,Num_Int,Estado,Fecha_Nac,FechaIn_Con,FechaFin_Con,Costo_Serv,Producto,Frecuencia,Genero) VALUES ('czPM2vx1j7Hk','Gaylor','Durdan','Clemo','Jay','Avenue',57307,816,'Sinaloa','3/8/1976','1/1/2021','10/1/2024',3698.17,'Lettuce - Frisee',9,'M');
INSERT INTO proveedor(RFC_Prov,Nombre,ApellidoPat,ApellidoMat,Calle,Colonia,Num_Ext,Num_Int,Estado,Fecha_Nac,FechaIn_Con,FechaFin_Con,Costo_Serv,Producto,Frecuencia,Genero) VALUES ('a6faJnTGPJaA','Iona','O''Brian','Ties','Morrow','Crossing',62,04,'Puebla','1/29/1953','9/27/2015','3/18/2024',10570.99,'Spinach - Baby',54,'F');
INSERT INTO proveedor(RFC_Prov,Nombre,ApellidoPat,ApellidoMat,Calle,Colonia,Num_Ext,Num_Int,Estado,Fecha_Nac,FechaIn_Con,FechaFin_Con,Costo_Serv,Producto,Frecuencia,Genero) VALUES ('6QbmCyWt2grl','Conny','Middell','Marages','Warrior','Plaza',06570,1429,'Veracruz Llave','5/10/1952','7/5/2017','8/6/2024',7196.33,'Soup - Beef Conomme, Dry',46,'M');
INSERT INTO proveedor(RFC_Prov,Nombre,ApellidoPat,ApellidoMat,Calle,Colonia,Num_Ext,Num_Int,Estado,Fecha_Nac,FechaIn_Con,FechaFin_Con,Costo_Serv,Producto,Frecuencia,Genero) VALUES ('vRBbKaO97tcQ','Verna','Boys','Grishakin','Brown','Center',9,3748,'Guerrero','10/21/2001','12/9/2015','3/14/2024',1720.13,'Haggis',99,'F');
INSERT INTO proveedor(RFC_Prov,Nombre,ApellidoPat,ApellidoMat,Calle,Colonia,Num_Ext,Num_Int,Estado,Fecha_Nac,FechaIn_Con,FechaFin_Con,Costo_Serv,Producto,Frecuencia,Genero) VALUES ('aRmBBlQ8bWgu','Julianne','Hasty','Scanderet','Upham','Crossing',8,156,'Mexico','11/20/1965','10/14/2021','6/17/2024',18476.2,'Tomatoes - Grape',24,'F');
INSERT INTO proveedor(RFC_Prov,Nombre,ApellidoPat,ApellidoMat,Calle,Colonia,Num_Ext,Num_Int,Estado,Fecha_Nac,FechaIn_Con,FechaFin_Con,Costo_Serv,Producto,Frecuencia,Genero) VALUES ('QU5IrpuoTVIS','Tatiania','Loder','Lindstedt','Bluestem','Park',65,7,'Mexico','7/10/1983','10/30/2021','10/21/2024',9627.33,'Wine - Merlot Vina Carmen',22,'F');
INSERT INTO proveedor(RFC_Prov,Nombre,ApellidoPat,ApellidoMat,Calle,Colonia,Num_Ext,Num_Int,Estado,Fecha_Nac,FechaIn_Con,FechaFin_Con,Costo_Serv,Producto,Frecuencia,Genero) VALUES ('A71fuv08O4oP','Bone','Bendan','Zukierman','Cardinal','Circle',65705,0,'Tamaulipas','11/15/1972','3/14/2016','9/20/2024',14419.57,'Fudge - Chocolate Fudge',53,'M');
INSERT INTO proveedor(RFC_Prov,Nombre,ApellidoPat,ApellidoMat,Calle,Colonia,Num_Ext,Num_Int,Estado,Fecha_Nac,FechaIn_Con,FechaFin_Con,Costo_Serv,Producto,Frecuencia,Genero) VALUES ('469Hb84czQXu','Bruis','Douty','Schachter','North','Parkway',4,0,'Veracruz Llave','4/27/2000','9/24/2021','12/23/2023',17325.08,'Fork - Plastic',13,'M');
INSERT INTO proveedor(RFC_Prov,Nombre,ApellidoPat,ApellidoMat,Calle,Colonia,Num_Ext,Num_Int,Estado,Fecha_Nac,FechaIn_Con,FechaFin_Con,Costo_Serv,Producto,Frecuencia,Genero) VALUES ('e1zXPGeMVqr3','Ronny','Bilofsky','Shavel','Browning','Crossing',51,977,'Veracruz Llave','7/28/1966','3/28/2017','7/17/2024',13311.93,'Sauce - Fish 25 Ozf Bottle',9,'M');
INSERT INTO proveedor(RFC_Prov,Nombre,ApellidoPat,ApellidoMat,Calle,Colonia,Num_Ext,Num_Int,Estado,Fecha_Nac,FechaIn_Con,FechaFin_Con,Costo_Serv,Producto,Frecuencia,Genero) VALUES ('HkDAuAcI0ziZ','Dunn','Wynrehame','Guerre','Gina','Pass',72742,57,'Veracruz Llave','6/5/1983','5/9/2020','4/26/2024',9154.17,'Cakes Assorted',71,'M');
INSERT INTO proveedor(RFC_Prov,Nombre,ApellidoPat,ApellidoMat,Calle,Colonia,Num_Ext,Num_Int,Estado,Fecha_Nac,FechaIn_Con,FechaFin_Con,Costo_Serv,Producto,Frecuencia,Genero) VALUES ('te5ybLgKH7jl','Daren','Croal','Mardling','Lukken','Circle',98684,942,'Zacatecas','2/6/1978','6/22/2020','12/2/2024',2337.91,'Couscous',12,'M');
INSERT INTO proveedor(RFC_Prov,Nombre,ApellidoPat,ApellidoMat,Calle,Colonia,Num_Ext,Num_Int,Estado,Fecha_Nac,FechaIn_Con,FechaFin_Con,Costo_Serv,Producto,Frecuencia,Genero) VALUES ('HLRVDpuIFwjY','Derrick','Javes','Mitchener','Fuller','Pass',10,6,'Guanajuato','8/23/1965','10/16/2015','8/5/2024',14009.61,'Tea - Darjeeling, Azzura',28,'M');
INSERT INTO proveedor(RFC_Prov,Nombre,ApellidoPat,ApellidoMat,Calle,Colonia,Num_Ext,Num_Int,Estado,Fecha_Nac,FechaIn_Con,FechaFin_Con,Costo_Serv,Producto,Frecuencia,Genero) VALUES ('aAipbAGEV8Yh','Hendrik','Stokes','Ranvoise','Gale','Road',2,0,'Guanajuato','4/20/1987','10/31/2020','12/19/2024',9218.21,'Beef - Striploin',22,'M');
INSERT INTO proveedor(RFC_Prov,Nombre,ApellidoPat,ApellidoMat,Calle,Colonia,Num_Ext,Num_Int,Estado,Fecha_Nac,FechaIn_Con,FechaFin_Con,Costo_Serv,Producto,Frecuencia,Genero) VALUES ('D2PN8chwJRwI','Kristofer','Linfitt','Lynagh','Bluestem','Alley',7,7474,'Veracruz Llave','4/15/1986','1/10/2021','9/30/2024',5927.84,'Pastry - Raisin Muffin - Mini',77,'M');
INSERT INTO proveedor(RFC_Prov,Nombre,ApellidoPat,ApellidoMat,Calle,Colonia,Num_Ext,Num_Int,Estado,Fecha_Nac,FechaIn_Con,FechaFin_Con,Costo_Serv,Producto,Frecuencia,Genero) VALUES ('RsNwoWZYkflz','Gilligan','Edmonstone','Mumbray','Eliot','Crossing',420,23,'Michoacan De Ocampo','12/6/2002','4/26/2019','12/17/2023',8601.46,'Island Oasis - Peach Daiquiri',95,'F');
INSERT INTO proveedor(RFC_Prov,Nombre,ApellidoPat,ApellidoMat,Calle,Colonia,Num_Ext,Num_Int,Estado,Fecha_Nac,FechaIn_Con,FechaFin_Con,Costo_Serv,Producto,Frecuencia,Genero) VALUES ('vpnwWzkJ4zib','Candida','Glasspoole','Geldeford','Susan','Plaza',5107,89,'Guerrero','4/12/1998','7/25/2020','10/9/2024',4251.99,'Juice - Mango',45,'F');
INSERT INTO proveedor(RFC_Prov,Nombre,ApellidoPat,ApellidoMat,Calle,Colonia,Num_Ext,Num_Int,Estado,Fecha_Nac,FechaIn_Con,FechaFin_Con,Costo_Serv,Producto,Frecuencia,Genero) VALUES ('xMUguscReBW5','Gavra','Illingworth','Pittendreigh','5th','Plaza',64,20,'Chiapas','9/1/1972','11/16/2015','12/14/2024',5329.05,'Spinach - Frozen',41,'F');
INSERT INTO proveedor(RFC_Prov,Nombre,ApellidoPat,ApellidoMat,Calle,Colonia,Num_Ext,Num_Int,Estado,Fecha_Nac,FechaIn_Con,FechaFin_Con,Costo_Serv,Producto,Frecuencia,Genero) VALUES ('r0kkS2hbiIkw','Kareem','Eastwood','Woodworth','Leroy','Terrace',68,259,'Mexico','9/9/1958','3/23/2019','4/6/2024',17760.23,'Chick Peas - Dried',46,'M');
INSERT INTO proveedor(RFC_Prov,Nombre,ApellidoPat,ApellidoMat,Calle,Colonia,Num_Ext,Num_Int,Estado,Fecha_Nac,FechaIn_Con,FechaFin_Con,Costo_Serv,Producto,Frecuencia,Genero) VALUES ('S5l0fnKAw0ML','Wallis','Eastgate','Bosher','Caliangt','Park',011,9438,'Tamaulipas','8/7/1950','4/27/2020','7/24/2024',9104.04,'Doilies - 7, Paper',65,'F');
INSERT INTO proveedor(RFC_Prov,Nombre,ApellidoPat,ApellidoMat,Calle,Colonia,Num_Ext,Num_Int,Estado,Fecha_Nac,FechaIn_Con,FechaFin_Con,Costo_Serv,Producto,Frecuencia,Genero) VALUES ('MDNcgWkQgyah','Lilli','Moar','Duncklee','Stuart','Park',215,52420,'Puebla','6/25/1967','4/15/2020','4/16/2024',295.1,'Bread - Bistro Sour',53,'F');
INSERT INTO proveedor(RFC_Prov,Nombre,ApellidoPat,ApellidoMat,Calle,Colonia,Num_Ext,Num_Int,Estado,Fecha_Nac,FechaIn_Con,FechaFin_Con,Costo_Serv,Producto,Frecuencia,Genero) VALUES ('VllfAPfGQmG0','Mavis','West','Gooley','Little Fleur','Street',618,069,'Guanajuato','5/2/1997','8/17/2017','4/28/2024',3814.11,'Wine - Alsace Gewurztraminer',58,'F');
INSERT INTO proveedor(RFC_Prov,Nombre,ApellidoPat,ApellidoMat,Calle,Colonia,Num_Ext,Num_Int,Estado,Fecha_Nac,FechaIn_Con,FechaFin_Con,Costo_Serv,Producto,Frecuencia,Genero) VALUES ('XUABF6m3jND2','Chickie','Ateridge','Biggadyke','Hoepker','Place',03439,428,'Coahuila De Zaragoza','7/18/1971','11/11/2021','4/15/2024',2303.99,'Bread - Dark Rye',97,'F');
INSERT INTO proveedor(RFC_Prov,Nombre,ApellidoPat,ApellidoMat,Calle,Colonia,Num_Ext,Num_Int,Estado,Fecha_Nac,FechaIn_Con,FechaFin_Con,Costo_Serv,Producto,Frecuencia,Genero) VALUES ('WFAZHlJkrTRL','Evelina','Jowling','Mioni','Jackson','Parkway',83,9,'Oaxaca','10/30/1982','10/18/2019','5/16/2024',4238.86,'Wine - Crozes Hermitage E.',87,'F');
INSERT INTO proveedor(RFC_Prov,Nombre,ApellidoPat,ApellidoMat,Calle,Colonia,Num_Ext,Num_Int,Estado,Fecha_Nac,FechaIn_Con,FechaFin_Con,Costo_Serv,Producto,Frecuencia,Genero) VALUES ('VxaXDOUELm6d','Sumner','Wilcocks','McCue','Northfield','Place',6,294,'Guerrero','11/29/1955','6/5/2018','10/28/2024',19263.16,'Pecan Raisin - Tarts',82,'M');
INSERT INTO proveedor(RFC_Prov,Nombre,ApellidoPat,ApellidoMat,Calle,Colonia,Num_Ext,Num_Int,Estado,Fecha_Nac,FechaIn_Con,FechaFin_Con,Costo_Serv,Producto,Frecuencia,Genero) VALUES ('b1RnUXE21FBe','Zebadiah','Spedding','Roddan','Thompson','Park',4832,726,'Veracruz Llave','5/4/1963','4/29/2021','6/5/2024',10077.34,'Jagermeister',78,'M');
INSERT INTO proveedor(RFC_Prov,Nombre,ApellidoPat,ApellidoMat,Calle,Colonia,Num_Ext,Num_Int,Estado,Fecha_Nac,FechaIn_Con,FechaFin_Con,Costo_Serv,Producto,Frecuencia,Genero) VALUES ('V6n2kcXQXAsd','Camel','Pomfret','Townsend','Moland','Hill',850,2,'Michoacan De Ocampo','10/8/1994','12/8/2016','7/28/2024',6792.06,'Versatainer Nc - 888',40,'F');
INSERT INTO proveedor(RFC_Prov,Nombre,ApellidoPat,ApellidoMat,Calle,Colonia,Num_Ext,Num_Int,Estado,Fecha_Nac,FechaIn_Con,FechaFin_Con,Costo_Serv,Producto,Frecuencia,Genero) VALUES ('EKMgw0UiNb1X','Bobby','Scargle','Tait','Manley','Trail',1917,03252,'Jalisco','4/14/1991','8/23/2022','12/8/2024',9150.17,'Mushroom - Porcini Frozen',48,'F');
INSERT INTO proveedor(RFC_Prov,Nombre,ApellidoPat,ApellidoMat,Calle,Colonia,Num_Ext,Num_Int,Estado,Fecha_Nac,FechaIn_Con,FechaFin_Con,Costo_Serv,Producto,Frecuencia,Genero) VALUES ('QkGCRdI5rgKu','Haily','Stephenson','Engelmann','Eastlawn','Court',1255,3081,'Veracruz Llave','10/9/1966','7/10/2018','7/17/2024',14311.02,'Veal - Insides Provini',61,'F');
INSERT INTO proveedor(RFC_Prov,Nombre,ApellidoPat,ApellidoMat,Calle,Colonia,Num_Ext,Num_Int,Estado,Fecha_Nac,FechaIn_Con,FechaFin_Con,Costo_Serv,Producto,Frecuencia,Genero) VALUES ('Zdn6ywj9htcX','Jerome','Cullagh','Domotor','Oakridge','Hill',1089,63,'Puebla','3/24/1988','12/2/2019','7/31/2024',6096.56,'Bagelers - Cinn / Brown',53,'M');
INSERT INTO proveedor(RFC_Prov,Nombre,ApellidoPat,ApellidoMat,Calle,Colonia,Num_Ext,Num_Int,Estado,Fecha_Nac,FechaIn_Con,FechaFin_Con,Costo_Serv,Producto,Frecuencia,Genero) VALUES ('RLYoga94gYAg','Harlen','Celier','Kensley','Cardinal','Court',76375,6,'Oaxaca','6/4/1976','12/14/2021','3/25/2024',647.33,'Cherries - Maraschino,jar',54,'M');
INSERT INTO proveedor(RFC_Prov,Nombre,ApellidoPat,ApellidoMat,Calle,Colonia,Num_Ext,Num_Int,Estado,Fecha_Nac,FechaIn_Con,FechaFin_Con,Costo_Serv,Producto,Frecuencia,Genero) VALUES ('zMOnJsqlhaNh','Brenn','Mackleden','Rendle','Anderson','Hill',615,27,'Oaxaca','2/16/1958','9/27/2020','6/22/2024',14561.5,'Coffee - Beans, Whole',33,'F');
INSERT INTO proveedor(RFC_Prov,Nombre,ApellidoPat,ApellidoMat,Calle,Colonia,Num_Ext,Num_Int,Estado,Fecha_Nac,FechaIn_Con,FechaFin_Con,Costo_Serv,Producto,Frecuencia,Genero) VALUES ('7nkRD4ws518q','Jackqueline','Howbrook','Tellesson','1st','Terrace',96,1412,'Chiapas','7/27/1959','4/11/2023','10/17/2024',14623.73,'Coconut - Whole',32,'F');
INSERT INTO proveedor(RFC_Prov,Nombre,ApellidoPat,ApellidoMat,Calle,Colonia,Num_Ext,Num_Int,Estado,Fecha_Nac,FechaIn_Con,FechaFin_Con,Costo_Serv,Producto,Frecuencia,Genero) VALUES ('Q2EIbSyXSgEr','Roseanna','Pol','Surridge','Brown','Park',31023,6,'Chihuahua','2/26/1974','8/1/2022','10/29/2024',13312.81,'Mushroom Morel Fresh',26,'F');
INSERT INTO proveedor(RFC_Prov,Nombre,ApellidoPat,ApellidoMat,Calle,Colonia,Num_Ext,Num_Int,Estado,Fecha_Nac,FechaIn_Con,FechaFin_Con,Costo_Serv,Producto,Frecuencia,Genero) VALUES ('4KQc4KL1doph','Lynnette','Fould','Colebrook','Laurel','Lane',34,070,'Chiapas','11/29/2002','3/21/2023','12/28/2024',11431.27,'Tequila Rose Cream Liquor',2,'F');
INSERT INTO proveedor(RFC_Prov,Nombre,ApellidoPat,ApellidoMat,Calle,Colonia,Num_Ext,Num_Int,Estado,Fecha_Nac,FechaIn_Con,FechaFin_Con,Costo_Serv,Producto,Frecuencia,Genero) VALUES ('2pJAhAqUuoEs','Dwain','Adair','Bingall','Jackson','Avenue',78864,54,'Veracruz Llave','7/12/1967','10/29/2019','10/5/2024',1856.74,'Pur Value',59,'M');
INSERT INTO proveedor(RFC_Prov,Nombre,ApellidoPat,ApellidoMat,Calle,Colonia,Num_Ext,Num_Int,Estado,Fecha_Nac,FechaIn_Con,FechaFin_Con,Costo_Serv,Producto,Frecuencia,Genero) VALUES ('HCx6E8SR80a4','Kordula','Struttman','Cursons','Northfield','Circle',4334,874,'Oaxaca','5/6/1988','7/17/2015','7/17/2024',17682.5,'Cookie Dough - Chunky',25,'F');
INSERT INTO proveedor(RFC_Prov,Nombre,ApellidoPat,ApellidoMat,Calle,Colonia,Num_Ext,Num_Int,Estado,Fecha_Nac,FechaIn_Con,FechaFin_Con,Costo_Serv,Producto,Frecuencia,Genero) VALUES ('YmDMiBQAJJLE','Anatole','Flack','Annes','Elka','Alley',73030,17,'Chihuahua','1/26/1971','3/11/2020','5/11/2024',8219.73,'Apple - Northern Spy',49,'M');
INSERT INTO proveedor(RFC_Prov,Nombre,ApellidoPat,ApellidoMat,Calle,Colonia,Num_Ext,Num_Int,Estado,Fecha_Nac,FechaIn_Con,FechaFin_Con,Costo_Serv,Producto,Frecuencia,Genero) VALUES ('ONQknYwOZ3Qx','Maia','Welch','Issett','Packers','Place',934,5989,'Chiapas','8/24/1970','3/13/2019','1/27/2024',6631.29,'Wine - Two Oceans Cabernet',73,'F');
INSERT INTO proveedor(RFC_Prov,Nombre,ApellidoPat,ApellidoMat,Calle,Colonia,Num_Ext,Num_Int,Estado,Fecha_Nac,FechaIn_Con,FechaFin_Con,Costo_Serv,Producto,Frecuencia,Genero) VALUES ('PcJt6CteUEH1','Carmelita','Nadin','Eddicott','Calypso','Crossing',9587,72262,'Veracruz Llave','11/19/1993','2/1/2023','12/21/2024',6295.39,'Cheese - Brick With Pepper',99,'F');
INSERT INTO proveedor(RFC_Prov,Nombre,ApellidoPat,ApellidoMat,Calle,Colonia,Num_Ext,Num_Int,Estado,Fecha_Nac,FechaIn_Con,FechaFin_Con,Costo_Serv,Producto,Frecuencia,Genero) VALUES ('rPu2S92wdhrh','Jedidiah','Wardale','Innwood','Corry','Alley',4282,2757,'Coahuila De Zaragoza','3/7/1997','4/12/2019','1/6/2024',1027.55,'Muffin Batt - Ban Dream Zero',69,'M');
INSERT INTO proveedor(RFC_Prov,Nombre,ApellidoPat,ApellidoMat,Calle,Colonia,Num_Ext,Num_Int,Estado,Fecha_Nac,FechaIn_Con,FechaFin_Con,Costo_Serv,Producto,Frecuencia,Genero) VALUES ('JsXgUHZaOb06','Maurits','Drakes','Bute','New Castle','Place',3,3935,'Guanajuato','2/20/1984','11/6/2016','9/5/2024',6766.58,'Chocolate - Dark Callets',55,'M');
INSERT INTO proveedor(RFC_Prov,Nombre,ApellidoPat,ApellidoMat,Calle,Colonia,Num_Ext,Num_Int,Estado,Fecha_Nac,FechaIn_Con,FechaFin_Con,Costo_Serv,Producto,Frecuencia,Genero) VALUES ('bXabYbvKflII','Davina','MacGowan','McIlveen','Fulton','Terrace',65037,6,'Coahuila De Zaragoza','1/29/1970','10/7/2019','7/27/2024',7530.88,'Aspic - Clear',100,'F');
INSERT INTO proveedor(RFC_Prov,Nombre,ApellidoPat,ApellidoMat,Calle,Colonia,Num_Ext,Num_Int,Estado,Fecha_Nac,FechaIn_Con,FechaFin_Con,Costo_Serv,Producto,Frecuencia,Genero) VALUES ('z0g7nCxDfKuG','Kermie','Fritter','Gronous','Summit','Circle',98813,4,'Veracruz Llave','10/9/1976','2/18/2018','6/4/2024',17198.66,'Cookie - Dough Variety',94,'M');
INSERT INTO proveedor(RFC_Prov,Nombre,ApellidoPat,ApellidoMat,Calle,Colonia,Num_Ext,Num_Int,Estado,Fecha_Nac,FechaIn_Con,FechaFin_Con,Costo_Serv,Producto,Frecuencia,Genero) VALUES ('LUx9wt3t55fy','Fredra','Franzonetti','Du Barry','Moulton','Avenue',739,69,'Puebla','6/11/1992','2/22/2015','10/13/2024',12413.93,'Shortbread - Cookie Crumbs',86,'F');
INSERT INTO proveedor(RFC_Prov,Nombre,ApellidoPat,ApellidoMat,Calle,Colonia,Num_Ext,Num_Int,Estado,Fecha_Nac,FechaIn_Con,FechaFin_Con,Costo_Serv,Producto,Frecuencia,Genero) VALUES ('kNCwKZW6zo9b','Hugo','Braddick','Gibbon','Summer Ridge','Alley',42,40,'Jalisco','12/23/1967','6/11/2015','2/13/2024',3531.63,'Sping Loaded Cup Dispenser',67,'M');
INSERT INTO proveedor(RFC_Prov,Nombre,ApellidoPat,ApellidoMat,Calle,Colonia,Num_Ext,Num_Int,Estado,Fecha_Nac,FechaIn_Con,FechaFin_Con,Costo_Serv,Producto,Frecuencia,Genero) VALUES ('Q5U2ki3wISmb','Silvain','Houlridge','Malmar','Forest Run','Drive',3074,91033,'Mexico','6/20/1952','8/24/2018','12/1/2023',10771.69,'Langers - Mango Nectar',59,'M');
INSERT INTO proveedor(RFC_Prov,Nombre,ApellidoPat,ApellidoMat,Calle,Colonia,Num_Ext,Num_Int,Estado,Fecha_Nac,FechaIn_Con,FechaFin_Con,Costo_Serv,Producto,Frecuencia,Genero) VALUES ('rL2kDvg5soJ7','Fee','Mussared','Pourveer','Duke','Junction',714,0583,'Guanajuato','10/26/1977','7/2/2018','7/6/2024',11568.26,'Sea Bass - Whole',49,'M');
INSERT INTO proveedor(RFC_Prov,Nombre,ApellidoPat,ApellidoMat,Calle,Colonia,Num_Ext,Num_Int,Estado,Fecha_Nac,FechaIn_Con,FechaFin_Con,Costo_Serv,Producto,Frecuencia,Genero) VALUES ('6SpPNw81CGxl','Alphonse','Simoncelli','Heaford','Lindbergh','Drive',740,51835,'Campeche','3/26/1990','8/17/2021','10/23/2024',10151.11,'Eel - Smoked',56,'M');
INSERT INTO proveedor(RFC_Prov,Nombre,ApellidoPat,ApellidoMat,Calle,Colonia,Num_Ext,Num_Int,Estado,Fecha_Nac,FechaIn_Con,FechaFin_Con,Costo_Serv,Producto,Frecuencia,Genero) VALUES ('vfzgJJvM0EVm','Blair','Bolstridge','MacBain','Red Cloud','Plaza',27124,760,'Guanajuato','10/7/2003','4/20/2023','1/22/2024',15080.98,'Coffee - 10oz Cup 92961',46,'M');
INSERT INTO proveedor(RFC_Prov,Nombre,ApellidoPat,ApellidoMat,Calle,Colonia,Num_Ext,Num_Int,Estado,Fecha_Nac,FechaIn_Con,FechaFin_Con,Costo_Serv,Producto,Frecuencia,Genero) VALUES ('F8xMJ0FICuuP','Anthiathia','Eouzan','Tocque','Oxford','Avenue',6,3311,'Michoacan De Ocampo','6/23/1955','8/22/2019','12/6/2023',15690.39,'Sugar - Icing',27,'F');
INSERT INTO proveedor(RFC_Prov,Nombre,ApellidoPat,ApellidoMat,Calle,Colonia,Num_Ext,Num_Int,Estado,Fecha_Nac,FechaIn_Con,FechaFin_Con,Costo_Serv,Producto,Frecuencia,Genero) VALUES ('2pJCqZbHYrxz','Rosalind','Ledgard','Deery','Dexter','Road',06632,67241,'Morelos','11/17/1954','6/9/2016','7/3/2024',11708.95,'Appetizer - Southwestern',61,'F');
INSERT INTO proveedor(RFC_Prov,Nombre,ApellidoPat,ApellidoMat,Calle,Colonia,Num_Ext,Num_Int,Estado,Fecha_Nac,FechaIn_Con,FechaFin_Con,Costo_Serv,Producto,Frecuencia,Genero) VALUES ('4nKKertC39Ts','Cirilo','Jerosch','Ollerhad','Eagle Crest','Junction',54,6621,'Veracruz Llave','8/30/1980','10/11/2019','6/29/2024',19174.21,'Chambord Royal',31,'M');
INSERT INTO proveedor(RFC_Prov,Nombre,ApellidoPat,ApellidoMat,Calle,Colonia,Num_Ext,Num_Int,Estado,Fecha_Nac,FechaIn_Con,FechaFin_Con,Costo_Serv,Producto,Frecuencia,Genero) VALUES ('BAKNQpuO8WMP','Lonnie','Loosmore','Heaysman','Springview','Point',9236,067,'Michoacan De Ocampo','1/9/1990','5/4/2017','8/30/2024',15294.42,'Sausage - Breakfast',96,'M');
INSERT INTO proveedor(RFC_Prov,Nombre,ApellidoPat,ApellidoMat,Calle,Colonia,Num_Ext,Num_Int,Estado,Fecha_Nac,FechaIn_Con,FechaFin_Con,Costo_Serv,Producto,Frecuencia,Genero) VALUES ('CAeCHYELKjV9','Ricca','Jossum','Tyhurst','Drewry','Drive',6,8,'Veracruz Llave','12/11/1961','12/10/2021','8/6/2024',5638.04,'Wine - Prosecco Valdobienne',60,'F');
INSERT INTO proveedor(RFC_Prov,Nombre,ApellidoPat,ApellidoMat,Calle,Colonia,Num_Ext,Num_Int,Estado,Fecha_Nac,FechaIn_Con,FechaFin_Con,Costo_Serv,Producto,Frecuencia,Genero) VALUES ('eWisHLNQGPDX','Itch','Parish','Duran','Cherokee','Parkway',7,18461,'Veracruz Llave','9/22/1990','4/21/2022','6/25/2024',3969.2,'Mustard - Dijon',6,'M');
INSERT INTO proveedor(RFC_Prov,Nombre,ApellidoPat,ApellidoMat,Calle,Colonia,Num_Ext,Num_Int,Estado,Fecha_Nac,FechaIn_Con,FechaFin_Con,Costo_Serv,Producto,Frecuencia,Genero) VALUES ('nmFto5wiozdm','Guenna','Roscoe','Artois','Hudson','Avenue',06,45,'Morelos','4/16/1962','11/18/2019','3/28/2024',655.93,'Coffee Swiss Choc Almond',86,'F');
INSERT INTO proveedor(RFC_Prov,Nombre,ApellidoPat,ApellidoMat,Calle,Colonia,Num_Ext,Num_Int,Estado,Fecha_Nac,FechaIn_Con,FechaFin_Con,Costo_Serv,Producto,Frecuencia,Genero) VALUES ('Qn291nVyL6PO','Nappie','Vasiltsov','Ready','Spohn','Junction',062,0,'Veracruz Llave','11/19/1958','8/13/2020','3/17/2024',13144.88,'Wine - Chateau Timberlay',81,'M');
INSERT INTO proveedor(RFC_Prov,Nombre,ApellidoPat,ApellidoMat,Calle,Colonia,Num_Ext,Num_Int,Estado,Fecha_Nac,FechaIn_Con,FechaFin_Con,Costo_Serv,Producto,Frecuencia,Genero) VALUES ('4wL24ohADJOG','Herve','Coombe','Ferris','Mitchell','Drive',10,6999,'Tabasco','3/15/1955','10/30/2018','6/27/2024',4101.85,'Veal - Sweetbread',4,'M');
INSERT INTO proveedor(RFC_Prov,Nombre,ApellidoPat,ApellidoMat,Calle,Colonia,Num_Ext,Num_Int,Estado,Fecha_Nac,FechaIn_Con,FechaFin_Con,Costo_Serv,Producto,Frecuencia,Genero) VALUES ('U0h9L7BnPGck','Reidar','Crookshanks','Bellino','Nancy','Center',71,9,'Veracruz Llave','4/13/1964','4/19/2023','9/30/2024',12946.12,'Ice - Clear, 300 Lb For Carving',28,'M');
INSERT INTO proveedor(RFC_Prov,Nombre,ApellidoPat,ApellidoMat,Calle,Colonia,Num_Ext,Num_Int,Estado,Fecha_Nac,FechaIn_Con,FechaFin_Con,Costo_Serv,Producto,Frecuencia,Genero) VALUES ('TiS70ldvjxjH','Keenan','Tesdale','Casellas','Farmco','Court',3,043,'Jalisco','3/14/1992','1/17/2019','8/9/2024',18440.01,'Pork - Sausage Casing',62,'M');
INSERT INTO proveedor(RFC_Prov,Nombre,ApellidoPat,ApellidoMat,Calle,Colonia,Num_Ext,Num_Int,Estado,Fecha_Nac,FechaIn_Con,FechaFin_Con,Costo_Serv,Producto,Frecuencia,Genero) VALUES ('h3OIUMQCPg2q','Analiese','Mulqueeny','Millichap','Karstens','Hill',4725,46,'Puebla','9/10/1959','5/19/2016','4/21/2024',17880.76,'Cheese - Havarti, Roasted Garlic',35,'F');
INSERT INTO proveedor(RFC_Prov,Nombre,ApellidoPat,ApellidoMat,Calle,Colonia,Num_Ext,Num_Int,Estado,Fecha_Nac,FechaIn_Con,FechaFin_Con,Costo_Serv,Producto,Frecuencia,Genero) VALUES ('wQqjs1dFsSVx','Benedikta','Shaw','Dering','Nevada','Drive',08,0625,'Chiapas','1/18/1982','6/2/2023','1/21/2024',7409.44,'French Pastries',84,'F');
INSERT INTO proveedor(RFC_Prov,Nombre,ApellidoPat,ApellidoMat,Calle,Colonia,Num_Ext,Num_Int,Estado,Fecha_Nac,FechaIn_Con,FechaFin_Con,Costo_Serv,Producto,Frecuencia,Genero) VALUES ('KHR6x7S64Tsz','Carl','Veivers','Brewerton','Heath','Road',9685,3749,'Jalisco','5/3/1970','10/8/2019','9/3/2024',17936.74,'Wine - Magnotta - Pinot Gris Sr',20,'M');
INSERT INTO proveedor(RFC_Prov,Nombre,ApellidoPat,ApellidoMat,Calle,Colonia,Num_Ext,Num_Int,Estado,Fecha_Nac,FechaIn_Con,FechaFin_Con,Costo_Serv,Producto,Frecuencia,Genero) VALUES ('jCdVKZzFLW3W','Sergeant','Lovat','Wilstead','Nevada','Center',49820,17325,'Tamaulipas','4/4/1963','2/10/2015','12/1/2023',16609.64,'Mcgillicuddy Vanilla Schnap',42,'M');
INSERT INTO proveedor(RFC_Prov,Nombre,ApellidoPat,ApellidoMat,Calle,Colonia,Num_Ext,Num_Int,Estado,Fecha_Nac,FechaIn_Con,FechaFin_Con,Costo_Serv,Producto,Frecuencia,Genero) VALUES ('tlstBdq9OkgF','Sebastien','Mingardo','Chumley','Fairfield','Road',894,59022,'Tamaulipas','9/15/1967','8/4/2017','1/12/2024',1089.24,'Calypso - Lemonade',89,'M');
INSERT INTO proveedor(RFC_Prov,Nombre,ApellidoPat,ApellidoMat,Calle,Colonia,Num_Ext,Num_Int,Estado,Fecha_Nac,FechaIn_Con,FechaFin_Con,Costo_Serv,Producto,Frecuencia,Genero) VALUES ('J4YhY94jv84l','Basilio','Naire','McFarland','Stuart','Park',0252,109,'Tamaulipas','6/28/1972','2/25/2019','2/22/2024',9033.39,'Bread - Sour Sticks With Onion',52,'M');
INSERT INTO proveedor(RFC_Prov,Nombre,ApellidoPat,ApellidoMat,Calle,Colonia,Num_Ext,Num_Int,Estado,Fecha_Nac,FechaIn_Con,FechaFin_Con,Costo_Serv,Producto,Frecuencia,Genero) VALUES ('jCWNfYIdro6S','Lana','Ottewill','Hrinchishin','Dawn','Alley',9,55,'Michoacan De Ocampo','11/12/1990','5/9/2022','11/24/2024',12131.81,'Glucose',84,'F');
INSERT INTO proveedor(RFC_Prov,Nombre,ApellidoPat,ApellidoMat,Calle,Colonia,Num_Ext,Num_Int,Estado,Fecha_Nac,FechaIn_Con,FechaFin_Con,Costo_Serv,Producto,Frecuencia,Genero) VALUES ('X68Dtyq3kcYD','Karoly','McKain','Campe','Manufacturers','Junction',75267,8232,'Guerrero','5/4/1992','12/30/2017','5/16/2024',12361.95,'Turkey - Ground. Lean',29,'F');
INSERT INTO proveedor(RFC_Prov,Nombre,ApellidoPat,ApellidoMat,Calle,Colonia,Num_Ext,Num_Int,Estado,Fecha_Nac,FechaIn_Con,FechaFin_Con,Costo_Serv,Producto,Frecuencia,Genero) VALUES ('aQJOUy39khE1','Ted','Buckett','Chicotti','Glendale','Alley',25878,6,'Guanajuato','8/23/1999','3/23/2018','4/7/2024',12665.8,'Tuna - Loin',8,'M');

-- TABLA TELPROVEDOR(MULTIVLUADO)
--Telefonos Proveedores Medicinas
insert into telProv (RFC_Prov, Tel_Prov) values ('95I87727CwpT', '194-518-7960');
insert into telProv (RFC_Prov, Tel_Prov) values ('jj7lh3N29Q4D', '275-896-1447');
insert into telProv (RFC_Prov, Tel_Prov) values ('UYga06ic0V3E', '990-690-7599');
insert into telProv (RFC_Prov, Tel_Prov) values ('1oWSgjRCPHKG', '872-440-4400');
insert into telProv (RFC_Prov, Tel_Prov) values ('DGn9cYOp11B3', '494-112-2537');
insert into telProv (RFC_Prov, Tel_Prov) values ('Qur2Q7YK4FhL', '780-880-1787');
insert into telProv (RFC_Prov, Tel_Prov) values ('Gb92T3Jw9TYY', '929-917-8952');
insert into telProv (RFC_Prov, Tel_Prov) values ('Ugip20x9VT6g', '448-124-2317');
insert into telProv (RFC_Prov, Tel_Prov) values ('Yg8k92gzCQeH', '498-315-3832');
insert into telProv (RFC_Prov, Tel_Prov) values ('i5k88Sbi6FYB', '152-980-0433');
insert into telProv (RFC_Prov, Tel_Prov) values ('Wup4lolB3mPT', '602-496-9906');
insert into telProv (RFC_Prov, Tel_Prov) values ('4y9wc49wci4r', '760-645-9609');
insert into telProv (RFC_Prov, Tel_Prov) values ('4WogXhM877R4', '559-526-7959');
insert into telProv (RFC_Prov, Tel_Prov) values ('XY2pI303lexZ', '424-955-7780');
insert into telProv (RFC_Prov, Tel_Prov) values ('B7yOd8o1e266', '387-233-5555');
insert into telProv (RFC_Prov, Tel_Prov) values ('4GR3J7528834', '835-131-1127');
insert into telProv (RFC_Prov, Tel_Prov) values ('4zHYs5HJ0UsV', '882-769-5297');
insert into telProv (RFC_Prov, Tel_Prov) values ('p9a3xlPiW0P5', '856-349-3275');
insert into telProv (RFC_Prov, Tel_Prov) values ('4GR3J7528834', '599-724-1169');
insert into telProv (RFC_Prov, Tel_Prov) values ('YDgBe62NOz8A', '314-624-2731');
insert into telProv (RFC_Prov, Tel_Prov) values ('IP5oOfVVvx49', '572-338-0859');
insert into telProv (RFC_Prov, Tel_Prov) values ('B7yOd8o1e266', '931-324-6553');
insert into telProv (RFC_Prov, Tel_Prov) values ('9USh49N82Ayc', '979-850-3486');
insert into telProv (RFC_Prov, Tel_Prov) values ('SOA77ebhSgC8', '889-748-4470');
insert into telProv (RFC_Prov, Tel_Prov) values ('Wup4lolB3mPT', '614-536-8548');
insert into telProv (RFC_Prov, Tel_Prov) values ('t25F845K6VdQ', '786-532-9274');
insert into telProv (RFC_Prov, Tel_Prov) values ('YpedH3iCEbWj', '483-318-2265');
insert into telProv (RFC_Prov, Tel_Prov) values ('kruPPaJ0Ikqd', '922-758-7818');
insert into telProv (RFC_Prov, Tel_Prov) values ('0O7aKGzzEPRb', '278-611-4288');
insert into telProv (RFC_Prov, Tel_Prov) values ('B7yOd8o1e266', '617-886-2892');
insert into telProv (RFC_Prov, Tel_Prov) values ('3Id8kyF9n7IK', '958-131-2950');
insert into telProv (RFC_Prov, Tel_Prov) values ('GB21GhE6Qbl7', '786-396-0214');
insert into telProv (RFC_Prov, Tel_Prov) values ('1h918Tx8y2y5', '998-341-8366');
insert into telProv (RFC_Prov, Tel_Prov) values ('3tbUoubCMl98', '652-381-0233');
insert into telProv (RFC_Prov, Tel_Prov) values ('Bml0Euciljp7', '535-655-5259');
insert into telProv (RFC_Prov, Tel_Prov) values ('1fz9x82vgeOF', '763-530-4488');
insert into telProv (RFC_Prov, Tel_Prov) values ('MEJ1t1JP2uHG', '537-669-1489');
insert into telProv (RFC_Prov, Tel_Prov) values ('I6Jv0z0rO308', '684-462-3654');
insert into telProv (RFC_Prov, Tel_Prov) values ('a34Qv1aW59d1', '376-201-0234');
insert into telProv (RFC_Prov, Tel_Prov) values ('y9OiO32Fum4U', '335-412-7599');
insert into telProv (RFC_Prov, Tel_Prov) values ('290S2mMcOBcz', '336-783-8131');
insert into telProv (RFC_Prov, Tel_Prov) values ('8AfhV0IA0JDR', '211-874-4215');
insert into telProv (RFC_Prov, Tel_Prov) values ('t25F845K6VdQ', '350-854-6811');
insert into telProv (RFC_Prov, Tel_Prov) values ('kruPPaJ0Ikqd', '940-482-0889');
insert into telProv (RFC_Prov, Tel_Prov) values ('4WogXhM877R4', '599-146-6320');
insert into telProv (RFC_Prov, Tel_Prov) values ('fz9KHEbEtey5', '390-622-1410');
insert into telProv (RFC_Prov, Tel_Prov) values ('fz9KHEbEtey5', '416-507-6521');
insert into telProv (RFC_Prov, Tel_Prov) values ('NGM35fif4r5F', '884-972-3897');
insert into telProv (RFC_Prov, Tel_Prov) values ('UYga06ic0V3E', '580-663-0240');
insert into telProv (RFC_Prov, Tel_Prov) values ('q40IRnmUj28L', '343-465-3438');
insert into telProv (RFC_Prov, Tel_Prov) values ('JO22PAByxda0', '832-719-2439');
insert into telProv (RFC_Prov, Tel_Prov) values ('N6Bl1Z054hKe', '376-931-6300');
insert into telProv (RFC_Prov, Tel_Prov) values ('885asPHeoR5B', '465-127-7049');
insert into telProv (RFC_Prov, Tel_Prov) values ('2rin3S59Yr5Y', '851-913-2512');
insert into telProv (RFC_Prov, Tel_Prov) values ('55WdUR1SF3pl', '635-176-2069');
insert into telProv (RFC_Prov, Tel_Prov) values ('1h918Tx8y2y5', '979-492-9446');
insert into telProv (RFC_Prov, Tel_Prov) values ('LFh5kcCk7Yk7', '413-951-4602');
insert into telProv (RFC_Prov, Tel_Prov) values ('V3cac096s5Ia', '386-531-1897');
insert into telProv (RFC_Prov, Tel_Prov) values ('8AfhV0IA0JDR', '189-302-7512');
insert into telProv (RFC_Prov, Tel_Prov) values ('85TP5hr44deh', '321-303-4810');
insert into telProv (RFC_Prov, Tel_Prov) values ('08Iq30z40OPo', '899-880-6827');
insert into telProv (RFC_Prov, Tel_Prov) values ('514DcPWL3527', '639-271-3277');
insert into telProv (RFC_Prov, Tel_Prov) values ('cxvPWtfd0AfL', '308-436-6043');
insert into telProv (RFC_Prov, Tel_Prov) values ('cfE98W7lOAsz', '229-988-1045');
insert into telProv (RFC_Prov, Tel_Prov) values ('6yj1smYrCahd', '233-308-6964');
insert into telProv (RFC_Prov, Tel_Prov) values ('3XpGp0dY0XwX', '448-238-5866');
insert into telProv (RFC_Prov, Tel_Prov) values ('0vuNMmsZr006', '903-906-1844');
insert into telProv (RFC_Prov, Tel_Prov) values ('OhIx6o5Ac1qU', '859-276-3014');
insert into telProv (RFC_Prov, Tel_Prov) values ('1fz9x82vgeOF', '111-640-3773');
insert into telProv (RFC_Prov, Tel_Prov) values ('GB21GhE6Qbl7', '795-679-0128');
insert into telProv (RFC_Prov, Tel_Prov) values ('WNt2rNRl8Zn4', '562-366-8693');
insert into telProv (RFC_Prov, Tel_Prov) values ('lkVQybu4Wo6n', '761-566-3494');
insert into telProv (RFC_Prov, Tel_Prov) values ('n7juGBoYClG9', '648-324-3672');
insert into telProv (RFC_Prov, Tel_Prov) values ('LLYyQ7SiF7tT', '786-360-5760');
insert into telProv (RFC_Prov, Tel_Prov) values ('4WogXhM877R4', '792-495-0371');
insert into telProv (RFC_Prov, Tel_Prov) values ('95I87727CwpT', '238-250-8385');
insert into telProv (RFC_Prov, Tel_Prov) values ('pZ29012E643N', '748-363-8488');
insert into telProv (RFC_Prov, Tel_Prov) values ('v6O2CE3s11K7', '674-345-8842');
insert into telProv (RFC_Prov, Tel_Prov) values ('Bt5yyi1V6Rk6', '322-127-2262');
insert into telProv (RFC_Prov, Tel_Prov) values ('a34Qv1aW59d1', '942-721-9798');
insert into telProv (RFC_Prov, Tel_Prov) values ('Fa1PXQV3Q0D2', '195-628-4460');
insert into telProv (RFC_Prov, Tel_Prov) values ('0XikWevqT0y0', '576-375-9636');
insert into telProv (RFC_Prov, Tel_Prov) values ('NGM35fif4r5F', '347-889-2448');
insert into telProv (RFC_Prov, Tel_Prov) values ('4d8jiSPu0F7B', '165-922-9286');
insert into telProv (RFC_Prov, Tel_Prov) values ('08Iq30z40OPo', '490-184-0735');
insert into telProv (RFC_Prov, Tel_Prov) values ('0vuNMmsZr006', '289-966-0338');
insert into telProv (RFC_Prov, Tel_Prov) values ('wOs37q041N1X', '405-264-3546');
insert into telProv (RFC_Prov, Tel_Prov) values ('NGM35fif4r5F', '317-214-3667');
insert into telProv (RFC_Prov, Tel_Prov) values ('72iBgwLYv1jz', '362-809-3213');
insert into telProv (RFC_Prov, Tel_Prov) values ('dBfy1961g7p0', '795-384-9281');
insert into telProv (RFC_Prov, Tel_Prov) values ('q40IRnmUj28L', '677-161-4803');
insert into telProv (RFC_Prov, Tel_Prov) values ('1oWSgjRCPHKG', '265-592-5791');
insert into telProv (RFC_Prov, Tel_Prov) values ('v6O2CE3s11K7', '210-507-3909');
insert into telProv (RFC_Prov, Tel_Prov) values ('4WogXhM877R4', '610-906-1152');
insert into telProv (RFC_Prov, Tel_Prov) values ('N6Bl1Z054hKe', '631-424-3223');
insert into telProv (RFC_Prov, Tel_Prov) values ('bw1UYcl1vw54', '633-518-0468');
insert into telProv (RFC_Prov, Tel_Prov) values ('qr1AwJu0xhB3', '612-240-7713');
insert into telProv (RFC_Prov, Tel_Prov) values ('eYcv2Z4CSvlG', '374-395-0504');
insert into telProv (RFC_Prov, Tel_Prov) values ('4zHYs5HJ0UsV', '674-155-2660');
insert into telProv (RFC_Prov, Tel_Prov) values ('Ugip20x9VT6g', '546-406-1697');
--Telefonos Proveedores Servicios
INSERT INTO telProv(RFC_Prov,Tel_Prov) VALUES ('tokbtZrKeBHE','246-699-1639');
INSERT INTO telProv(RFC_Prov,Tel_Prov) VALUES ('f8IlVH5ErrUV','171-277-6135');
INSERT INTO telProv(RFC_Prov,Tel_Prov) VALUES ('SCOThdR7Xmk9','379-620-7900');
INSERT INTO telProv(RFC_Prov,Tel_Prov) VALUES ('nX8bBVhDM1ep','837-456-2988');
INSERT INTO telProv(RFC_Prov,Tel_Prov) VALUES ('G7NjzerMAy4j','562-929-3903');
INSERT INTO telProv(RFC_Prov,Tel_Prov) VALUES ('BB2pM2ZBTCBN','210-585-5708');
INSERT INTO telProv(RFC_Prov,Tel_Prov) VALUES ('98qAE43IunRq','270-859-4219');
INSERT INTO telProv(RFC_Prov,Tel_Prov) VALUES ('JUq6H1GQ3oMU','394-785-8477');
INSERT INTO telProv(RFC_Prov,Tel_Prov) VALUES ('Usrc9T4354g3','807-898-3590');
INSERT INTO telProv(RFC_Prov,Tel_Prov) VALUES ('K4yTXMvHz545','407-316-8110');
INSERT INTO telProv(RFC_Prov,Tel_Prov) VALUES ('829UCo5NG2ry','469-072-6907');
INSERT INTO telProv(RFC_Prov,Tel_Prov) VALUES ('K4yTXMvHz545','653-262-7668');
INSERT INTO telProv(RFC_Prov,Tel_Prov) VALUES ('zvIprMiN9eaj','089-872-8390');
INSERT INTO telProv(RFC_Prov,Tel_Prov) VALUES ('nU1QQ1AjsKAr','208-310-2678');
INSERT INTO telProv(RFC_Prov,Tel_Prov) VALUES ('zvIprMiN9eaj','839-641-3218');
INSERT INTO telProv(RFC_Prov,Tel_Prov) VALUES ('AVyQLltkkT5b','790-296-6743');
INSERT INTO telProv(RFC_Prov,Tel_Prov) VALUES ('JnWCmlzWXF9F','038-110-5304');
INSERT INTO telProv(RFC_Prov,Tel_Prov) VALUES ('jOvhfPXEyyF9','647-876-8264');
INSERT INTO telProv(RFC_Prov,Tel_Prov) VALUES ('tvFAhx1k1Wbl','028-562-5996');
INSERT INTO telProv(RFC_Prov,Tel_Prov) VALUES ('z4ZXPTZlxX1W','206-368-0918');
INSERT INTO telProv(RFC_Prov,Tel_Prov) VALUES ('HbYFRK28D1KI','203-256-0088');
INSERT INTO telProv(RFC_Prov,Tel_Prov) VALUES ('HyYrQTvZEOSo','265-947-4304');
INSERT INTO telProv(RFC_Prov,Tel_Prov) VALUES ('Q2OuNq2H8xTN','659-584-3059');
INSERT INTO telProv(RFC_Prov,Tel_Prov) VALUES ('rdjdcedPzDNS','544-722-0260');
INSERT INTO telProv(RFC_Prov,Tel_Prov) VALUES ('Gs8LmPzXiOlr','301-808-9811');
INSERT INTO telProv(RFC_Prov,Tel_Prov) VALUES ('K4yTXMvHz545','081-442-0035');
INSERT INTO telProv(RFC_Prov,Tel_Prov) VALUES ('2EUCcF84O5rc','290-943-1006');
INSERT INTO telProv(RFC_Prov,Tel_Prov) VALUES ('MvqobBYSbyGB','959-234-5820');
INSERT INTO telProv(RFC_Prov,Tel_Prov) VALUES ('JHWjfuyUVkcB','557-796-9375');
INSERT INTO telProv(RFC_Prov,Tel_Prov) VALUES ('BGGnPa4Hhu9Q','304-979-1772');
INSERT INTO telProv(RFC_Prov,Tel_Prov) VALUES ('nQu7CzCyI5KH','309-930-4553');
INSERT INTO telProv(RFC_Prov,Tel_Prov) VALUES ('h0Qe4djSeE3B','896-541-5204');
INSERT INTO telProv(RFC_Prov,Tel_Prov) VALUES ('98qAE43IunRq','947-704-8507');
INSERT INTO telProv(RFC_Prov,Tel_Prov) VALUES ('FYmxImm2OjqO','858-351-8909');
INSERT INTO telProv(RFC_Prov,Tel_Prov) VALUES ('rdjdcedPzDNS','627-021-2561');
INSERT INTO telProv(RFC_Prov,Tel_Prov) VALUES ('FYmxImm2OjqO','921-490-5839');
INSERT INTO telProv(RFC_Prov,Tel_Prov) VALUES ('yCBBGY2NVQpD','444-257-0591');
INSERT INTO telProv(RFC_Prov,Tel_Prov) VALUES ('JnWCmlzWXF9F','762-941-5625');
INSERT INTO telProv(RFC_Prov,Tel_Prov) VALUES ('oucpnim8hUUd','942-945-7609');
INSERT INTO telProv(RFC_Prov,Tel_Prov) VALUES ('FYmxImm2OjqO','049-036-2155');
INSERT INTO telProv(RFC_Prov,Tel_Prov) VALUES ('J4SUUjPZpctR','057-431-7578');
INSERT INTO telProv(RFC_Prov,Tel_Prov) VALUES ('CXW9CmwMBwAl','447-122-3420');
INSERT INTO telProv(RFC_Prov,Tel_Prov) VALUES ('wh73Ww0d8BFq','824-461-4509');
INSERT INTO telProv(RFC_Prov,Tel_Prov) VALUES ('JUq6H1GQ3oMU','896-311-3009');
INSERT INTO telProv(RFC_Prov,Tel_Prov) VALUES ('z8HYtMXZroX5','718-678-8512');
INSERT INTO telProv(RFC_Prov,Tel_Prov) VALUES ('BGGnPa4Hhu9Q','394-375-5533');
INSERT INTO telProv(RFC_Prov,Tel_Prov) VALUES ('BHjlmDkgu71E','148-563-3708');
INSERT INTO telProv(RFC_Prov,Tel_Prov) VALUES ('tvyWZZ4OWW4Y','107-042-6327');
INSERT INTO telProv(RFC_Prov,Tel_Prov) VALUES ('MvqobBYSbyGB','293-316-1772');
INSERT INTO telProv(RFC_Prov,Tel_Prov) VALUES ('JN6atjwHTqO6','365-396-4668');
INSERT INTO telProv(RFC_Prov,Tel_Prov) VALUES ('D4pNxbuVcBbZ','411-484-5444');
INSERT INTO telProv(RFC_Prov,Tel_Prov) VALUES ('gveFqcrsr4mR','936-158-0660');
INSERT INTO telProv(RFC_Prov,Tel_Prov) VALUES ('vowUXhxQMHva','892-538-8212');
INSERT INTO telProv(RFC_Prov,Tel_Prov) VALUES ('gveFqcrsr4mR','102-072-8673');
INSERT INTO telProv(RFC_Prov,Tel_Prov) VALUES ('Q2OuNq2H8xTN','735-322-0085');
INSERT INTO telProv(RFC_Prov,Tel_Prov) VALUES ('nQu7CzCyI5KH','108-554-5822');
INSERT INTO telProv(RFC_Prov,Tel_Prov) VALUES ('2EUCcF84O5rc','602-386-0446');
INSERT INTO telProv(RFC_Prov,Tel_Prov) VALUES ('8BZv5FFFpNmt','583-764-1786');
INSERT INTO telProv(RFC_Prov,Tel_Prov) VALUES ('98qAE43IunRq','567-740-2217');
INSERT INTO telProv(RFC_Prov,Tel_Prov) VALUES ('LSAko2xooSCA','476-785-8841');
INSERT INTO telProv(RFC_Prov,Tel_Prov) VALUES ('mJLxNPr0LOEm','158-212-5481');
INSERT INTO telProv(RFC_Prov,Tel_Prov) VALUES ('jXQckuHNOnsd','295-632-5244');
INSERT INTO telProv(RFC_Prov,Tel_Prov) VALUES ('Q2OuNq2H8xTN','180-969-1598');
INSERT INTO telProv(RFC_Prov,Tel_Prov) VALUES ('JHCwblmgX3CF','978-203-4867');
INSERT INTO telProv(RFC_Prov,Tel_Prov) VALUES ('JUq6H1GQ3oMU','524-189-2517');
INSERT INTO telProv(RFC_Prov,Tel_Prov) VALUES ('IZpH7nGD2eqC','109-796-1291');
INSERT INTO telProv(RFC_Prov,Tel_Prov) VALUES ('aWRn7D5Wd5li','693-108-2539');
INSERT INTO telProv(RFC_Prov,Tel_Prov) VALUES ('JHWjfuyUVkcB','366-111-4959');
INSERT INTO telProv(RFC_Prov,Tel_Prov) VALUES ('8BZv5FFFpNmt','468-789-1357');
INSERT INTO telProv(RFC_Prov,Tel_Prov) VALUES ('FYmxImm2OjqO','224-960-4184');
INSERT INTO telProv(RFC_Prov,Tel_Prov) VALUES ('tvFAhx1k1Wbl','800-840-1862');
INSERT INTO telProv(RFC_Prov,Tel_Prov) VALUES ('JN6atjwHTqO6','236-162-9692');
INSERT INTO telProv(RFC_Prov,Tel_Prov) VALUES ('LMYHnQa9fo83','675-292-1578');
INSERT INTO telProv(RFC_Prov,Tel_Prov) VALUES ('c4llv0fW7GG7','872-621-8619');
INSERT INTO telProv(RFC_Prov,Tel_Prov) VALUES ('krBtNZ4CHWQU','123-799-2228');
INSERT INTO telProv(RFC_Prov,Tel_Prov) VALUES ('SWBfzjQlIKlE','920-893-6127');
INSERT INTO telProv(RFC_Prov,Tel_Prov) VALUES ('75HUUQw7xjcT','455-875-2084');
INSERT INTO telProv(RFC_Prov,Tel_Prov) VALUES ('aWRn7D5Wd5li','107-766-8078');
INSERT INTO telProv(RFC_Prov,Tel_Prov) VALUES ('HbYFRK28D1KI','424-792-9719');
INSERT INTO telProv(RFC_Prov,Tel_Prov) VALUES ('krBtNZ4CHWQU','273-540-9719');
INSERT INTO telProv(RFC_Prov,Tel_Prov) VALUES ('NEimpcCDoxPp','977-695-4186');
INSERT INTO telProv(RFC_Prov,Tel_Prov) VALUES ('3qD5ZXF2h9jd','739-757-6823');
INSERT INTO telProv(RFC_Prov,Tel_Prov) VALUES ('JN6atjwHTqO6','039-458-0274');
INSERT INTO telProv(RFC_Prov,Tel_Prov) VALUES ('PlTxU1y2P7l1','236-416-6275');
INSERT INTO telProv(RFC_Prov,Tel_Prov) VALUES ('vBuT4aAtEcjB','605-922-1865');
INSERT INTO telProv(RFC_Prov,Tel_Prov) VALUES ('Rhj4ikInUMJr','129-536-6529');
INSERT INTO telProv(RFC_Prov,Tel_Prov) VALUES ('G7NjzerMAy4j','945-860-4965');
INSERT INTO telProv(RFC_Prov,Tel_Prov) VALUES ('krBtNZ4CHWQU','349-027-9504');
INSERT INTO telProv(RFC_Prov,Tel_Prov) VALUES ('SWBfzjQlIKlE','894-066-3675');
INSERT INTO telProv(RFC_Prov,Tel_Prov) VALUES ('75HUUQw7xjcT','092-561-9667');
INSERT INTO telProv(RFC_Prov,Tel_Prov) VALUES ('zvIprMiN9eaj','648-964-9116');
INSERT INTO telProv(RFC_Prov,Tel_Prov) VALUES ('6eYLYHAj2ojU','614-693-3954');
INSERT INTO telProv(RFC_Prov,Tel_Prov) VALUES ('BB2pM2ZBTCBN','292-709-7002');
INSERT INTO telProv(RFC_Prov,Tel_Prov) VALUES ('7kZoCUHuZwgH','351-890-1114');
INSERT INTO telProv(RFC_Prov,Tel_Prov) VALUES ('RXAgaCAfNJcv','708-643-6572');
INSERT INTO telProv(RFC_Prov,Tel_Prov) VALUES ('BHjlmDkgu71E','414-838-0422');
INSERT INTO telProv(RFC_Prov,Tel_Prov) VALUES ('MpTUN9OB7CP8','690-775-5959');
INSERT INTO telProv(RFC_Prov,Tel_Prov) VALUES ('SxMfAbXCXOw9','540-326-5804');
INSERT INTO telProv(RFC_Prov,Tel_Prov) VALUES ('c4llv0fW7GG7','536-226-0251');
INSERT INTO telProv(RFC_Prov,Tel_Prov) VALUES ('vBuT4aAtEcjB','660-182-2792');
--Telefonos Proveedores Articulos
INSERT INTO telProv(RFC_Prov,Tel_Prov) VALUES ('WmjcL25vXzRD','120-949-6304');
INSERT INTO telProv(RFC_Prov,Tel_Prov) VALUES ('suzXzxD9YRug','961-127-6133');
INSERT INTO telProv(RFC_Prov,Tel_Prov) VALUES ('L5ZCZeRPMGux','158-169-5997');
INSERT INTO telProv(RFC_Prov,Tel_Prov) VALUES ('N2bz8lUGELyM','509-425-9361');
INSERT INTO telProv(RFC_Prov,Tel_Prov) VALUES ('h3fklNLx6xZk','553-459-6849');
INSERT INTO telProv(RFC_Prov,Tel_Prov) VALUES ('h3fklNLx6xZk','074-198-6669');
INSERT INTO telProv(RFC_Prov,Tel_Prov) VALUES ('p6PXG6AKMex0','687-088-2910');
INSERT INTO telProv(RFC_Prov,Tel_Prov) VALUES ('eDIvXfae5Dal','033-096-1508');
INSERT INTO telProv(RFC_Prov,Tel_Prov) VALUES ('z666oD4Nqr8r','361-066-7829');
INSERT INTO telProv(RFC_Prov,Tel_Prov) VALUES ('UhEs1lwlUbvr','031-134-0598');
INSERT INTO telProv(RFC_Prov,Tel_Prov) VALUES ('jHRSjfDXrZpu','974-448-3479');
INSERT INTO telProv(RFC_Prov,Tel_Prov) VALUES ('eDIvXfae5Dal','041-787-8763');
INSERT INTO telProv(RFC_Prov,Tel_Prov) VALUES ('lpZ0x5UApeR0','728-854-5108');
INSERT INTO telProv(RFC_Prov,Tel_Prov) VALUES ('RFJvIj6ajthS','717-521-1826');
INSERT INTO telProv(RFC_Prov,Tel_Prov) VALUES ('z666oD4Nqr8r','825-234-0914');
INSERT INTO telProv(RFC_Prov,Tel_Prov) VALUES ('ZjYmEbnyj3Il','209-432-7176');
INSERT INTO telProv(RFC_Prov,Tel_Prov) VALUES ('EwqGK0ayA1eN','989-505-3270');
INSERT INTO telProv(RFC_Prov,Tel_Prov) VALUES ('vWpkQKA60tdG','824-997-4258');
INSERT INTO telProv(RFC_Prov,Tel_Prov) VALUES ('H3F8Jc0MaFMD','439-407-1522');
INSERT INTO telProv(RFC_Prov,Tel_Prov) VALUES ('JIlTZtusZdix','255-404-3392');
INSERT INTO telProv(RFC_Prov,Tel_Prov) VALUES ('qh82HJcUTNsX','232-198-7363');
INSERT INTO telProv(RFC_Prov,Tel_Prov) VALUES ('N2bz8lUGELyM','052-375-7686');
INSERT INTO telProv(RFC_Prov,Tel_Prov) VALUES ('V8rJyoqV4yzL','715-014-7577');
INSERT INTO telProv(RFC_Prov,Tel_Prov) VALUES ('UhEs1lwlUbvr','524-786-1180');
INSERT INTO telProv(RFC_Prov,Tel_Prov) VALUES ('IDjo45dkKFgc','906-243-6846');
INSERT INTO telProv(RFC_Prov,Tel_Prov) VALUES ('eDIvXfae5Dal','489-605-2810');
INSERT INTO telProv(RFC_Prov,Tel_Prov) VALUES ('uT7QYG6T6p4w','782-356-9860');
INSERT INTO telProv(RFC_Prov,Tel_Prov) VALUES ('ncVs8h7TrCe7','215-160-5390');
INSERT INTO telProv(RFC_Prov,Tel_Prov) VALUES ('eIOCjUhMyEvd','945-580-7793');
INSERT INTO telProv(RFC_Prov,Tel_Prov) VALUES ('KPBjHlHgBhmd','033-783-8190');
INSERT INTO telProv(RFC_Prov,Tel_Prov) VALUES ('CxWMYAsgGnf7','862-189-1036');
INSERT INTO telProv(RFC_Prov,Tel_Prov) VALUES ('H3F8Jc0MaFMD','665-221-6546');
INSERT INTO telProv(RFC_Prov,Tel_Prov) VALUES ('moWc6UL2rAyV','924-416-9133');
INSERT INTO telProv(RFC_Prov,Tel_Prov) VALUES ('vx41yhrtdiif','633-864-1253');
INSERT INTO telProv(RFC_Prov,Tel_Prov) VALUES ('7skuUcHuhCfJ','466-571-1969');
INSERT INTO telProv(RFC_Prov,Tel_Prov) VALUES ('suzXzxD9YRug','972-813-8739');
INSERT INTO telProv(RFC_Prov,Tel_Prov) VALUES ('W6o5dU6mDXnw','899-067-9369');
INSERT INTO telProv(RFC_Prov,Tel_Prov) VALUES ('n9EUQiwr0hww','739-619-5331');
INSERT INTO telProv(RFC_Prov,Tel_Prov) VALUES ('QXCIvRy5Onu9','901-280-1944');
INSERT INTO telProv(RFC_Prov,Tel_Prov) VALUES ('3oN2zA7f2Fpu','188-630-2196');
INSERT INTO telProv(RFC_Prov,Tel_Prov) VALUES ('qh82HJcUTNsX','182-761-4814');
INSERT INTO telProv(RFC_Prov,Tel_Prov) VALUES ('WmjcL25vXzRD','060-304-9727');
INSERT INTO telProv(RFC_Prov,Tel_Prov) VALUES ('qgaprnNyPAGH','411-601-4009');
INSERT INTO telProv(RFC_Prov,Tel_Prov) VALUES ('VFt3G2FymdQV','516-501-0417');
INSERT INTO telProv(RFC_Prov,Tel_Prov) VALUES ('L5ZCZeRPMGux','594-411-9124');
INSERT INTO telProv(RFC_Prov,Tel_Prov) VALUES ('WHLBN7iBv65D','959-662-7086');
INSERT INTO telProv(RFC_Prov,Tel_Prov) VALUES ('qF7j2IpcNe66','399-835-8440');
INSERT INTO telProv(RFC_Prov,Tel_Prov) VALUES ('IDjo45dkKFgc','729-824-0085');
INSERT INTO telProv(RFC_Prov,Tel_Prov) VALUES ('qgaprnNyPAGH','453-363-0349');
INSERT INTO telProv(RFC_Prov,Tel_Prov) VALUES ('vJiFZCTVB4P5','484-546-9699');
INSERT INTO telProv(RFC_Prov,Tel_Prov) VALUES ('qgaprnNyPAGH','555-074-7156');
INSERT INTO telProv(RFC_Prov,Tel_Prov) VALUES ('6qFicM4OZ9kW','274-186-1456');
INSERT INTO telProv(RFC_Prov,Tel_Prov) VALUES ('3oN2zA7f2Fpu','725-154-6720');
INSERT INTO telProv(RFC_Prov,Tel_Prov) VALUES ('PgI6aLFUJR6o','375-689-8989');
INSERT INTO telProv(RFC_Prov,Tel_Prov) VALUES ('2qqb4Vie8LcG','486-734-1454');
INSERT INTO telProv(RFC_Prov,Tel_Prov) VALUES ('MC60NayP0lRS','902-489-9486');
INSERT INTO telProv(RFC_Prov,Tel_Prov) VALUES ('ATeKOgU8pXTr','955-852-0324');
INSERT INTO telProv(RFC_Prov,Tel_Prov) VALUES ('XRZbEtS9Gp6b','262-447-5595');
INSERT INTO telProv(RFC_Prov,Tel_Prov) VALUES ('IDjo45dkKFgc','566-283-2777');
INSERT INTO telProv(RFC_Prov,Tel_Prov) VALUES ('sLnGAkedgEdg','109-658-5507');
INSERT INTO telProv(RFC_Prov,Tel_Prov) VALUES ('hMMnbYlrWpe8','617-487-5366');
INSERT INTO telProv(RFC_Prov,Tel_Prov) VALUES ('qgaprnNyPAGH','821-246-6150');
INSERT INTO telProv(RFC_Prov,Tel_Prov) VALUES ('AOsr0aSdOI4Y','797-934-9042');
INSERT INTO telProv(RFC_Prov,Tel_Prov) VALUES ('PgI6aLFUJR6o','316-963-0838');
INSERT INTO telProv(RFC_Prov,Tel_Prov) VALUES ('h9ugI08oj9zS','464-352-0791');
INSERT INTO telProv(RFC_Prov,Tel_Prov) VALUES ('suzXzxD9YRug','328-866-9635');
INSERT INTO telProv(RFC_Prov,Tel_Prov) VALUES ('Tm8B3muxXdnb','463-935-3792');
INSERT INTO telProv(RFC_Prov,Tel_Prov) VALUES ('M3n5H4knlq6d','815-926-6506');
INSERT INTO telProv(RFC_Prov,Tel_Prov) VALUES ('ErMjKOrY2AQZ','377-150-9707');
INSERT INTO telProv(RFC_Prov,Tel_Prov) VALUES ('RWEVu73UygQ2','633-544-4043');
INSERT INTO telProv(RFC_Prov,Tel_Prov) VALUES ('ndScIHm827OL','957-155-8992');
INSERT INTO telProv(RFC_Prov,Tel_Prov) VALUES ('EwqGK0ayA1eN','083-985-6738');
INSERT INTO telProv(RFC_Prov,Tel_Prov) VALUES ('auIyfUgmV3wy','668-346-1831');
INSERT INTO telProv(RFC_Prov,Tel_Prov) VALUES ('VFt3G2FymdQV','649-446-5505');
INSERT INTO telProv(RFC_Prov,Tel_Prov) VALUES ('suzXzxD9YRug','237-437-2052');
INSERT INTO telProv(RFC_Prov,Tel_Prov) VALUES ('ZLSrgR9LZPYE','780-345-8649');
INSERT INTO telProv(RFC_Prov,Tel_Prov) VALUES ('uT7QYG6T6p4w','508-883-1211');
INSERT INTO telProv(RFC_Prov,Tel_Prov) VALUES ('rCJ6IApFgzgX','721-691-2307');
INSERT INTO telProv(RFC_Prov,Tel_Prov) VALUES ('RFJvIj6ajthS','020-093-7592');
INSERT INTO telProv(RFC_Prov,Tel_Prov) VALUES ('Z2xBIRV8IvR7','304-671-9310');
INSERT INTO telProv(RFC_Prov,Tel_Prov) VALUES ('ndScIHm827OL','161-749-5127');
INSERT INTO telProv(RFC_Prov,Tel_Prov) VALUES ('h9ugI08oj9zS','407-454-8922');
INSERT INTO telProv(RFC_Prov,Tel_Prov) VALUES ('eDIvXfae5Dal','100-541-9907');
INSERT INTO telProv(RFC_Prov,Tel_Prov) VALUES ('th1Buzt90fgi','293-430-1018');
INSERT INTO telProv(RFC_Prov,Tel_Prov) VALUES ('qbcnpFlQwGv0','616-989-0436');
INSERT INTO telProv(RFC_Prov,Tel_Prov) VALUES ('9lJbReD1lXwJ','513-964-1486');
INSERT INTO telProv(RFC_Prov,Tel_Prov) VALUES ('JIlTZtusZdix','931-877-0305');
INSERT INTO telProv(RFC_Prov,Tel_Prov) VALUES ('ynRjgRhKm5kU','434-592-3322');
INSERT INTO telProv(RFC_Prov,Tel_Prov) VALUES ('2qqb4Vie8LcG','525-147-6462');
INSERT INTO telProv(RFC_Prov,Tel_Prov) VALUES ('lpZ0x5UApeR0','218-160-0583');
INSERT INTO telProv(RFC_Prov,Tel_Prov) VALUES ('Eyk7rsOv12lt','075-597-2159');
INSERT INTO telProv(RFC_Prov,Tel_Prov) VALUES ('Gzp3suKSJ4Oz','133-123-9264');
INSERT INTO telProv(RFC_Prov,Tel_Prov) VALUES ('h3fklNLx6xZk','961-143-4903');
INSERT INTO telProv(RFC_Prov,Tel_Prov) VALUES ('CxWMYAsgGnf7','033-544-5258');
INSERT INTO telProv(RFC_Prov,Tel_Prov) VALUES ('jHRSjfDXrZpu','416-821-6664');
INSERT INTO telProv(RFC_Prov,Tel_Prov) VALUES ('Ef8r28gLkv7C','549-150-7043');
INSERT INTO telProv(RFC_Prov,Tel_Prov) VALUES ('ndScIHm827OL','618-469-7863');
INSERT INTO telProv(RFC_Prov,Tel_Prov) VALUES ('szAk1IWN34DR','655-837-4289');
INSERT INTO telProv(RFC_Prov,Tel_Prov) VALUES ('qbcnpFlQwGv0','016-608-0370');
INSERT INTO telProv(RFC_Prov,Tel_Prov) VALUES ('RFJvIj6ajthS','791-236-0621');
--Telefonos Proveedores Alimentos
INSERT INTO telProv(RFC_Prov,Tel_Prov) VALUES ('te5ybLgKH7jl','512-481-0097');
INSERT INTO telProv(RFC_Prov,Tel_Prov) VALUES ('z0g7nCxDfKuG','347-684-5900');
INSERT INTO telProv(RFC_Prov,Tel_Prov) VALUES ('JsXgUHZaOb06','450-402-7051');
INSERT INTO telProv(RFC_Prov,Tel_Prov) VALUES ('a6faJnTGPJaA','702-879-9815');
INSERT INTO telProv(RFC_Prov,Tel_Prov) VALUES ('2pJCqZbHYrxz','475-630-7665');
INSERT INTO telProv(RFC_Prov,Tel_Prov) VALUES ('HnwO9nfmhtgT','081-972-4484');
INSERT INTO telProv(RFC_Prov,Tel_Prov) VALUES ('F8xMJ0FICuuP','405-472-3734');
INSERT INTO telProv(RFC_Prov,Tel_Prov) VALUES ('aRmBBlQ8bWgu','433-813-5935');
INSERT INTO telProv(RFC_Prov,Tel_Prov) VALUES ('z0g7nCxDfKuG','880-532-1091');
INSERT INTO telProv(RFC_Prov,Tel_Prov) VALUES ('CyaADjkDvaXl','854-855-9053');
INSERT INTO telProv(RFC_Prov,Tel_Prov) VALUES ('BAKNQpuO8WMP','530-385-8824');
INSERT INTO telProv(RFC_Prov,Tel_Prov) VALUES ('zMOnJsqlhaNh','444-313-8664');
INSERT INTO telProv(RFC_Prov,Tel_Prov) VALUES ('7nkRD4ws518q','761-359-2763');
INSERT INTO telProv(RFC_Prov,Tel_Prov) VALUES ('MYqmKUTzyFmJ','791-785-6771');
INSERT INTO telProv(RFC_Prov,Tel_Prov) VALUES ('aQJOUy39khE1','981-651-9452');
INSERT INTO telProv(RFC_Prov,Tel_Prov) VALUES ('jCWNfYIdro6S','333-443-0922');
INSERT INTO telProv(RFC_Prov,Tel_Prov) VALUES ('r0kkS2hbiIkw','559-168-0221');
INSERT INTO telProv(RFC_Prov,Tel_Prov) VALUES ('lsM7gvNf4oyZ','514-270-7892');
INSERT INTO telProv(RFC_Prov,Tel_Prov) VALUES ('Zdn6ywj9htcX','710-598-3273');
INSERT INTO telProv(RFC_Prov,Tel_Prov) VALUES ('aAipbAGEV8Yh','611-707-9590');
INSERT INTO telProv(RFC_Prov,Tel_Prov) VALUES ('143uwIfT53LX','882-548-0825');
INSERT INTO telProv(RFC_Prov,Tel_Prov) VALUES ('eWisHLNQGPDX','255-492-0981');
INSERT INTO telProv(RFC_Prov,Tel_Prov) VALUES ('QBeDUWO1q3TL','085-269-8289');
INSERT INTO telProv(RFC_Prov,Tel_Prov) VALUES ('48z9bzUvMjRu','745-749-1761');
INSERT INTO telProv(RFC_Prov,Tel_Prov) VALUES ('6BVMcB1DAckO','099-801-9866');
INSERT INTO telProv(RFC_Prov,Tel_Prov) VALUES ('48z9bzUvMjRu','014-659-1028');
INSERT INTO telProv(RFC_Prov,Tel_Prov) VALUES ('yYAuROSxrMdx','458-720-1910');
INSERT INTO telProv(RFC_Prov,Tel_Prov) VALUES ('Qn291nVyL6PO','643-897-7863');
INSERT INTO telProv(RFC_Prov,Tel_Prov) VALUES ('48z9bzUvMjRu','370-671-0280');
INSERT INTO telProv(RFC_Prov,Tel_Prov) VALUES ('HCx6E8SR80a4','209-842-6453');
INSERT INTO telProv(RFC_Prov,Tel_Prov) VALUES ('LUx9wt3t55fy','835-697-1272');
INSERT INTO telProv(RFC_Prov,Tel_Prov) VALUES ('7tOZCDJpeYn0','020-445-0859');
INSERT INTO telProv(RFC_Prov,Tel_Prov) VALUES ('JV4AueGpm2CT','125-711-6655');
INSERT INTO telProv(RFC_Prov,Tel_Prov) VALUES ('zNfnvvIafpSd','546-742-1035');
INSERT INTO telProv(RFC_Prov,Tel_Prov) VALUES ('VxaXDOUELm6d','128-011-7010');
INSERT INTO telProv(RFC_Prov,Tel_Prov) VALUES ('te5ybLgKH7jl','479-102-7520');
INSERT INTO telProv(RFC_Prov,Tel_Prov) VALUES ('ay9rYv7I7uvK','058-592-9027');
INSERT INTO telProv(RFC_Prov,Tel_Prov) VALUES ('rL2kDvg5soJ7','709-628-0852');
INSERT INTO telProv(RFC_Prov,Tel_Prov) VALUES ('CAeCHYELKjV9','135-182-4380');
INSERT INTO telProv(RFC_Prov,Tel_Prov) VALUES ('4wL24ohADJOG','608-327-6640');
INSERT INTO telProv(RFC_Prov,Tel_Prov) VALUES ('VllfAPfGQmG0','137-910-5680');
INSERT INTO telProv(RFC_Prov,Tel_Prov) VALUES ('4nKKertC39Ts','468-191-8593');
INSERT INTO telProv(RFC_Prov,Tel_Prov) VALUES ('QBeDUWO1q3TL','274-325-8405');
INSERT INTO telProv(RFC_Prov,Tel_Prov) VALUES ('e1zXPGeMVqr3','454-893-2437');
INSERT INTO telProv(RFC_Prov,Tel_Prov) VALUES ('xMUguscReBW5','511-244-8321');
INSERT INTO telProv(RFC_Prov,Tel_Prov) VALUES ('Skt2oeF8qNpv','118-705-2828');
INSERT INTO telProv(RFC_Prov,Tel_Prov) VALUES ('aQJOUy39khE1','620-335-3266');
INSERT INTO telProv(RFC_Prov,Tel_Prov) VALUES ('LUx9wt3t55fy','091-520-0939');
INSERT INTO telProv(RFC_Prov,Tel_Prov) VALUES ('HkDAuAcI0ziZ','887-262-6106');
INSERT INTO telProv(RFC_Prov,Tel_Prov) VALUES ('6SpPNw81CGxl','278-660-2045');
INSERT INTO telProv(RFC_Prov,Tel_Prov) VALUES ('5dXZiZUmDo9d','649-832-6022');
INSERT INTO telProv(RFC_Prov,Tel_Prov) VALUES ('4nKKertC39Ts','923-912-1303');
INSERT INTO telProv(RFC_Prov,Tel_Prov) VALUES ('ty1R5KxSBnbt','721-795-3107');
INSERT INTO telProv(RFC_Prov,Tel_Prov) VALUES ('e1zXPGeMVqr3','054-930-4026');
INSERT INTO telProv(RFC_Prov,Tel_Prov) VALUES ('QU5IrpuoTVIS','123-387-4935');
INSERT INTO telProv(RFC_Prov,Tel_Prov) VALUES ('dQoowyA1Agq2','321-749-8400');
INSERT INTO telProv(RFC_Prov,Tel_Prov) VALUES ('6BVMcB1DAckO','450-620-7036');
INSERT INTO telProv(RFC_Prov,Tel_Prov) VALUES ('QU5IrpuoTVIS','628-193-7768');
INSERT INTO telProv(RFC_Prov,Tel_Prov) VALUES ('SrAwZIE7fEBo','507-230-3808');
INSERT INTO telProv(RFC_Prov,Tel_Prov) VALUES ('7nkRD4ws518q','567-394-9004');
INSERT INTO telProv(RFC_Prov,Tel_Prov) VALUES ('CAeCHYELKjV9','848-949-4069');
INSERT INTO telProv(RFC_Prov,Tel_Prov) VALUES ('4nKKertC39Ts','331-516-7503');
INSERT INTO telProv(RFC_Prov,Tel_Prov) VALUES ('JsXgUHZaOb06','065-130-2081');
INSERT INTO telProv(RFC_Prov,Tel_Prov) VALUES ('QBeDUWO1q3TL','571-879-5058');
INSERT INTO telProv(RFC_Prov,Tel_Prov) VALUES ('HCx6E8SR80a4','585-247-5633');
INSERT INTO telProv(RFC_Prov,Tel_Prov) VALUES ('wQqjs1dFsSVx','446-604-2806');
INSERT INTO telProv(RFC_Prov,Tel_Prov) VALUES ('Qn291nVyL6PO','655-718-9878');
INSERT INTO telProv(RFC_Prov,Tel_Prov) VALUES ('bXabYbvKflII','881-534-7992');
INSERT INTO telProv(RFC_Prov,Tel_Prov) VALUES ('zMOnJsqlhaNh','142-642-0217');
INSERT INTO telProv(RFC_Prov,Tel_Prov) VALUES ('vfzgJJvM0EVm','278-550-3803');
INSERT INTO telProv(RFC_Prov,Tel_Prov) VALUES ('HnwO9nfmhtgT','816-188-2402');
INSERT INTO telProv(RFC_Prov,Tel_Prov) VALUES ('MDNcgWkQgyah','466-104-2993');
INSERT INTO telProv(RFC_Prov,Tel_Prov) VALUES ('e1zXPGeMVqr3','523-997-3083');
INSERT INTO telProv(RFC_Prov,Tel_Prov) VALUES ('V6n2kcXQXAsd','140-196-7913');
INSERT INTO telProv(RFC_Prov,Tel_Prov) VALUES ('A71fuv08O4oP','416-732-2622');
INSERT INTO telProv(RFC_Prov,Tel_Prov) VALUES ('aRmBBlQ8bWgu','476-104-7731');
INSERT INTO telProv(RFC_Prov,Tel_Prov) VALUES ('2pJCqZbHYrxz','491-533-7885');
INSERT INTO telProv(RFC_Prov,Tel_Prov) VALUES ('zNfnvvIafpSd','594-318-6830');
INSERT INTO telProv(RFC_Prov,Tel_Prov) VALUES ('eWisHLNQGPDX','609-516-3219');
INSERT INTO telProv(RFC_Prov,Tel_Prov) VALUES ('e1zXPGeMVqr3','462-452-4225');
INSERT INTO telProv(RFC_Prov,Tel_Prov) VALUES ('vfzgJJvM0EVm','769-025-5888');
INSERT INTO telProv(RFC_Prov,Tel_Prov) VALUES ('vwPmUbXjpw11','199-468-6691');
INSERT INTO telProv(RFC_Prov,Tel_Prov) VALUES ('A71fuv08O4oP','822-762-9290');
INSERT INTO telProv(RFC_Prov,Tel_Prov) VALUES ('bXabYbvKflII','989-572-3962');
INSERT INTO telProv(RFC_Prov,Tel_Prov) VALUES ('7nkRD4ws518q','563-888-1476');
INSERT INTO telProv(RFC_Prov,Tel_Prov) VALUES ('F8xMJ0FICuuP','174-905-4327');
INSERT INTO telProv(RFC_Prov,Tel_Prov) VALUES ('J4YhY94jv84l','195-755-8150');
INSERT INTO telProv(RFC_Prov,Tel_Prov) VALUES ('HnwO9nfmhtgT','636-633-9203');
INSERT INTO telProv(RFC_Prov,Tel_Prov) VALUES ('zNfnvvIafpSd','201-782-0009');
INSERT INTO telProv(RFC_Prov,Tel_Prov) VALUES ('czPM2vx1j7Hk','769-260-1738');
INSERT INTO telProv(RFC_Prov,Tel_Prov) VALUES ('QU5IrpuoTVIS','052-164-2812');
INSERT INTO telProv(RFC_Prov,Tel_Prov) VALUES ('S5l0fnKAw0ML','518-421-7932');
INSERT INTO telProv(RFC_Prov,Tel_Prov) VALUES ('jCWNfYIdro6S','857-586-4160');
INSERT INTO telProv(RFC_Prov,Tel_Prov) VALUES ('HNWg8fRkPYMn','818-330-7198');
INSERT INTO telProv(RFC_Prov,Tel_Prov) VALUES ('HkDAuAcI0ziZ','766-271-3320');
INSERT INTO telProv(RFC_Prov,Tel_Prov) VALUES ('dQoowyA1Agq2','382-003-1768');
INSERT INTO telProv(RFC_Prov,Tel_Prov) VALUES ('KHR6x7S64Tsz','216-069-1736');
INSERT INTO telProv(RFC_Prov,Tel_Prov) VALUES ('eWisHLNQGPDX','446-833-6138');
INSERT INTO telProv(RFC_Prov,Tel_Prov) VALUES ('jCWNfYIdro6S','306-974-0925');
INSERT INTO telProv(RFC_Prov,Tel_Prov) VALUES ('RLYoga94gYAg','258-256-2300');

-- TABLA CORREOPROVEEDOR(MULTIVLUADO)
--Correos Proveedores Medicinas
insert into correoProv (RFC_Prov, Correo_Prov) values ('08Iq30z40OPo', 'kbidgood0@ask.com');
insert into correoProv (RFC_Prov, Correo_Prov) values ('55WdUR1SF3pl', 'msculpher1@fema.gov');
insert into correoProv (RFC_Prov, Correo_Prov) values ('6wKq8JTv8ASo', 'smaudett2@seattletimes.com');
insert into correoProv (RFC_Prov, Correo_Prov) values ('4y698t83IMzT', 'lfellgatt3@de.vu');
insert into correoProv (RFC_Prov, Correo_Prov) values ('1fz9x82vgeOF', 'jtrenfield4@seesaa.net');
insert into correoProv (RFC_Prov, Correo_Prov) values ('i5k88Sbi6FYB', 'tgoodrum5@odnoklassniki.ru');
insert into correoProv (RFC_Prov, Correo_Prov) values ('NRw5uu6S5K9q', 'gcerman6@google.fr');
insert into correoProv (RFC_Prov, Correo_Prov) values ('gTCN1cJUyTRc', 'kgery7@cargocollective.com');
insert into correoProv (RFC_Prov, Correo_Prov) values ('a5hAaYACUe6r', 'otisor8@umich.edu');
insert into correoProv (RFC_Prov, Correo_Prov) values ('p8Zql1v12ij5', 'aantonellini9@liveinternet.ru');
insert into correoProv (RFC_Prov, Correo_Prov) values ('cxvPWtfd0AfL', 'sduna@posterous.com');
insert into correoProv (RFC_Prov, Correo_Prov) values ('qr1AwJu0xhB3', 'ftomanb@reference.com');
insert into correoProv (RFC_Prov, Correo_Prov) values ('DGn9cYOp11B3', 'jloughlanc@who.int');
insert into correoProv (RFC_Prov, Correo_Prov) values ('0XikWevqT0y0', 'screamend@tinypic.com');
insert into correoProv (RFC_Prov, Correo_Prov) values ('VXgPF7iQzgns', 'imessitere@bluehost.com');
insert into correoProv (RFC_Prov, Correo_Prov) values ('4y9wc49wci4r', 'dedwickerf@prnewswire.com');
insert into correoProv (RFC_Prov, Correo_Prov) values ('GB21GhE6Qbl7', 'gdanilovg@yellowpages.com');
insert into correoProv (RFC_Prov, Correo_Prov) values ('p9a3xlPiW0P5', 'olindenboimh@t.co');
insert into correoProv (RFC_Prov, Correo_Prov) values ('LLYyQ7SiF7tT', 'eralfei@nifty.com');
insert into correoProv (RFC_Prov, Correo_Prov) values ('Ugip20x9VT6g', 'lbutsonj@issuu.com');
insert into correoProv (RFC_Prov, Correo_Prov) values ('P9cekbCx6MsV', 'mmatussonk@dropbox.com');
insert into correoProv (RFC_Prov, Correo_Prov) values ('6wKq8JTv8ASo', 'cglamartl@gizmodo.com');
insert into correoProv (RFC_Prov, Correo_Prov) values ('72iBgwLYv1jz', 'nmusicom@zdnet.com');
insert into correoProv (RFC_Prov, Correo_Prov) values ('8AfhV0IA0JDR', 'ngaitonen@mac.com');
insert into correoProv (RFC_Prov, Correo_Prov) values ('3dh3pJZ3QVEk', 'cashbrooko@typepad.com');
insert into correoProv (RFC_Prov, Correo_Prov) values ('1h918Tx8y2y5', 'ccroxfordp@google.com.hk');
insert into correoProv (RFC_Prov, Correo_Prov) values ('8u4X10G23h42', 'amushrowq@godaddy.com');
insert into correoProv (RFC_Prov, Correo_Prov) values ('8D3zOSt4bzUI', 'osyfaxr@networksolutions.com');
insert into correoProv (RFC_Prov, Correo_Prov) values ('a34Qv1aW59d1', 'gbackmans@census.gov');
insert into correoProv (RFC_Prov, Correo_Prov) values ('jj7lh3N29Q4D', 'ilourencot@networksolutions.com');
insert into correoProv (RFC_Prov, Correo_Prov) values ('8D3zOSt4bzUI', 'cglayzeru@nydailynews.com');
insert into correoProv (RFC_Prov, Correo_Prov) values ('1fz9x82vgeOF', 'cnugentv@cnbc.com');
insert into correoProv (RFC_Prov, Correo_Prov) values ('885asPHeoR5B', 'rhonnicottw@phpbb.com');
insert into correoProv (RFC_Prov, Correo_Prov) values ('1h918Tx8y2y5', 'earmatagex@goodreads.com');
insert into correoProv (RFC_Prov, Correo_Prov) values ('qr1AwJu0xhB3', 'calldisy@ustream.tv');
insert into correoProv (RFC_Prov, Correo_Prov) values ('Qur2Q7YK4FhL', 'kmationz@nyu.edu');
insert into correoProv (RFC_Prov, Correo_Prov) values ('2rin3S59Yr5Y', 'galbion10@businessweek.com');
insert into correoProv (RFC_Prov, Correo_Prov) values ('OhIx6o5Ac1qU', 'viliffe11@seesaa.net');
insert into correoProv (RFC_Prov, Correo_Prov) values ('0XikWevqT0y0', 'bplait12@mayoclinic.com');
insert into correoProv (RFC_Prov, Correo_Prov) values ('V3cac096s5Ia', 'kmcgrah13@hc360.com');
insert into correoProv (RFC_Prov, Correo_Prov) values ('JO22PAByxda0', 'jricioppo14@sciencedaily.com');
insert into correoProv (RFC_Prov, Correo_Prov) values ('4y9wc49wci4r', 'clamberton15@bloomberg.com');
insert into correoProv (RFC_Prov, Correo_Prov) values ('NRw5uu6S5K9q', 'claborda16@independent.co.uk');
insert into correoProv (RFC_Prov, Correo_Prov) values ('cfE98W7lOAsz', 'babbets17@friendfeed.com');
insert into correoProv (RFC_Prov, Correo_Prov) values ('4y698t83IMzT', 'rshrive18@naver.com');
insert into correoProv (RFC_Prov, Correo_Prov) values ('8D3zOSt4bzUI', 'shumphris19@1und1.de');
insert into correoProv (RFC_Prov, Correo_Prov) values ('LFh5kcCk7Yk7', 'rgopsill1a@pen.io');
insert into correoProv (RFC_Prov, Correo_Prov) values ('y9OiO32Fum4U', 'tgivens1b@yellowbook.com');
insert into correoProv (RFC_Prov, Correo_Prov) values ('885asPHeoR5B', 'edebischop1c@de.vu');
insert into correoProv (RFC_Prov, Correo_Prov) values ('4d8jiSPu0F7B', 'nlittrick1d@ask.com');
insert into correoProv (RFC_Prov, Correo_Prov) values ('1fz9x82vgeOF', 'djacobowits1e@pcworld.com');
insert into correoProv (RFC_Prov, Correo_Prov) values ('I6Jv0z0rO308', 'mturner1f@ycombinator.com');
insert into correoProv (RFC_Prov, Correo_Prov) values ('4FTH3nnb91i2', 'owhiscard1g@shop-pro.jp');
insert into correoProv (RFC_Prov, Correo_Prov) values ('4zHYs5HJ0UsV', 'vpryn1h@washington.edu');
insert into correoProv (RFC_Prov, Correo_Prov) values ('Yg8k92gzCQeH', 'lcooling1i@linkedin.com');
insert into correoProv (RFC_Prov, Correo_Prov) values ('0vuNMmsZr006', 'ccarville1j@army.mil');
insert into correoProv (RFC_Prov, Correo_Prov) values ('NGM35fif4r5F', 'mfidelli1k@miibeian.gov.cn');
insert into correoProv (RFC_Prov, Correo_Prov) values ('pZ29012E643N', 'lwashbrook1l@prnewswire.com');
insert into correoProv (RFC_Prov, Correo_Prov) values ('0O7aKGzzEPRb', 'rharkins1m@nydailynews.com');
insert into correoProv (RFC_Prov, Correo_Prov) values ('08Iq30z40OPo', 'aburroughes1n@pcworld.com');
insert into correoProv (RFC_Prov, Correo_Prov) values ('p9a3xlPiW0P5', 'ajanousek1o@blog.com');
insert into correoProv (RFC_Prov, Correo_Prov) values ('p9a3xlPiW0P5', 'edashkov1p@imdb.com');
insert into correoProv (RFC_Prov, Correo_Prov) values ('SOA77ebhSgC8', 'gbensusan1q@about.me');
insert into correoProv (RFC_Prov, Correo_Prov) values ('4y698t83IMzT', 'gmacginlay1r@ed.gov');
insert into correoProv (RFC_Prov, Correo_Prov) values ('XY2pI303lexZ', 'blivingstone1s@sciencedaily.com');
insert into correoProv (RFC_Prov, Correo_Prov) values ('85TP5hr44deh', 'fhuguet1t@wikimedia.org');
insert into correoProv (RFC_Prov, Correo_Prov) values ('WNt2rNRl8Zn4', 'elorens1u@sourceforge.net');
insert into correoProv (RFC_Prov, Correo_Prov) values ('MZSMEj7fZ2uH', 'plobbe1v@facebook.com');
insert into correoProv (RFC_Prov, Correo_Prov) values ('72iBgwLYv1jz', 'betuck1w@deviantart.com');
insert into correoProv (RFC_Prov, Correo_Prov) values ('v6x1gUo5hU9R', 'pquenell1x@techcrunch.com');
insert into correoProv (RFC_Prov, Correo_Prov) values ('eYcv2Z4CSvlG', 'prodgerson1y@ocn.ne.jp');
insert into correoProv (RFC_Prov, Correo_Prov) values ('Ugip20x9VT6g', 'cketteridge1z@tmall.com');
insert into correoProv (RFC_Prov, Correo_Prov) values ('SOA77ebhSgC8', 'ubadsworth20@businessweek.com');
insert into correoProv (RFC_Prov, Correo_Prov) values ('P9cekbCx6MsV', 'sginni21@slideshare.net');
insert into correoProv (RFC_Prov, Correo_Prov) values ('LOOjrpW1H9TH', 'wdalliwater22@springer.com');
insert into correoProv (RFC_Prov, Correo_Prov) values ('LFh5kcCk7Yk7', 'jmungan23@dion.ne.jp');
insert into correoProv (RFC_Prov, Correo_Prov) values ('Z1aaQdEWO1ir', 'cjacks24@google.it');
insert into correoProv (RFC_Prov, Correo_Prov) values ('lkVQybu4Wo6n', 'dtigwell25@vk.com');
insert into correoProv (RFC_Prov, Correo_Prov) values ('cxvPWtfd0AfL', 'ekibblewhite26@drupal.org');
insert into correoProv (RFC_Prov, Correo_Prov) values ('1oWSgjRCPHKG', 'mwitchell27@mapquest.com');
insert into correoProv (RFC_Prov, Correo_Prov) values ('bw1UYcl1vw54', 'cdeares28@berkeley.edu');
insert into correoProv (RFC_Prov, Correo_Prov) values ('Ugip20x9VT6g', 'fizzatt29@nydailynews.com');
insert into correoProv (RFC_Prov, Correo_Prov) values ('Gb92T3Jw9TYY', 'cpullen2a@prweb.com');
insert into correoProv (RFC_Prov, Correo_Prov) values ('a34Qv1aW59d1', 'mtotterdell2b@google.it');
insert into correoProv (RFC_Prov, Correo_Prov) values ('4GR3J7528834', 'jhawthorne2c@google.com.hk');
insert into correoProv (RFC_Prov, Correo_Prov) values ('3XpGp0dY0XwX', 'dlappin2d@cisco.com');
insert into correoProv (RFC_Prov, Correo_Prov) values ('i5k88Sbi6FYB', 'htrudgian2e@printfriendly.com');
insert into correoProv (RFC_Prov, Correo_Prov) values ('qr1AwJu0xhB3', 'lledrun2f@domainmarket.com');
insert into correoProv (RFC_Prov, Correo_Prov) values ('NGM35fif4r5F', 'aklimushev2g@google.it');
insert into correoProv (RFC_Prov, Correo_Prov) values ('4zHYs5HJ0UsV', 'adallimare2h@hibu.com');
insert into correoProv (RFC_Prov, Correo_Prov) values ('08Iq30z40OPo', 'mdumpleton2i@dedecms.com');
insert into correoProv (RFC_Prov, Correo_Prov) values ('cfE98W7lOAsz', 'bbaseley2j@constantcontact.com');
insert into correoProv (RFC_Prov, Correo_Prov) values ('3Id8kyF9n7IK', 'jdorian2k@google.ru');
insert into correoProv (RFC_Prov, Correo_Prov) values ('3XpGp0dY0XwX', 'mbillings2l@wix.com');
insert into correoProv (RFC_Prov, Correo_Prov) values ('p9a3xlPiW0P5', 'dheyfield2m@php.net');
insert into correoProv (RFC_Prov, Correo_Prov) values ('SOA77ebhSgC8', 'weschalette2n@theguardian.com');
insert into correoProv (RFC_Prov, Correo_Prov) values ('4y698t83IMzT', 'mbenneyworth2o@cam.ac.uk');
insert into correoProv (RFC_Prov, Correo_Prov) values ('JO22PAByxda0', 'ayoungs2p@harvard.edu');
insert into correoProv (RFC_Prov, Correo_Prov) values ('8u4X10G23h42', 'zhenrion2q@unicef.org');
insert into correoProv (RFC_Prov, Correo_Prov) values ('7Ux6UK30Q76U', 'ceisikowitch2r@chicagotribune.com');
--Correos Proveedores Servicios
INSERT INTO correoProv(RFC_Prov,Correo_Prov) VALUES ('LHLdxZDw9jIY','gmccrystal0@microsoft.com');
INSERT INTO correoProv(RFC_Prov,Correo_Prov) VALUES ('gaQjlkhO7n3Z','roflaverty1@ifeng.com');
INSERT INTO correoProv(RFC_Prov,Correo_Prov) VALUES ('zcUKJ3TGOctR','pbullers2@discuz.net');
INSERT INTO correoProv(RFC_Prov,Correo_Prov) VALUES ('BHjlmDkgu71E','bgonnard3@loc.gov');
INSERT INTO correoProv(RFC_Prov,Correo_Prov) VALUES ('f8IlVH5ErrUV','aboddie4@mail.ru');
INSERT INTO correoProv(RFC_Prov,Correo_Prov) VALUES ('c4llv0fW7GG7','jgladtbach5@bbc.co.uk');
INSERT INTO correoProv(RFC_Prov,Correo_Prov) VALUES ('zO45Bwrt9HvA','anerne6@networksolutions.com');
INSERT INTO correoProv(RFC_Prov,Correo_Prov) VALUES ('h0Qe4djSeE3B','vroots7@google.ca');
INSERT INTO correoProv(RFC_Prov,Correo_Prov) VALUES ('tvFAhx1k1Wbl','swillis8@pagesperso-orange.fr');
INSERT INTO correoProv(RFC_Prov,Correo_Prov) VALUES ('oucpnim8hUUd','utrenholm9@xing.com');
INSERT INTO correoProv(RFC_Prov,Correo_Prov) VALUES ('eTvApDbN7Q6m','epuffetta@gizmodo.com');
INSERT INTO correoProv(RFC_Prov,Correo_Prov) VALUES ('AzGt3X69KiYB','fcaldowb@wikipedia.org');
INSERT INTO correoProv(RFC_Prov,Correo_Prov) VALUES ('TRHwhU945fxZ','nbryerc@ed.gov');
INSERT INTO correoProv(RFC_Prov,Correo_Prov) VALUES ('G7NjzerMAy4j','egipsond@slashdot.org');
INSERT INTO correoProv(RFC_Prov,Correo_Prov) VALUES ('rtoGEzgaTR8y','rmckimmeye@princeton.edu');
INSERT INTO correoProv(RFC_Prov,Correo_Prov) VALUES ('AwgTPyIrzed7','mallridgef@spotify.com');
INSERT INTO correoProv(RFC_Prov,Correo_Prov) VALUES ('AzGt3X69KiYB','tbarbeg@ucoz.ru');
INSERT INTO correoProv(RFC_Prov,Correo_Prov) VALUES ('wh73Ww0d8BFq','edalmanh@aol.com');
INSERT INTO correoProv(RFC_Prov,Correo_Prov) VALUES ('BGGnPa4Hhu9Q','gmattiatoi@rediff.com');
INSERT INTO correoProv(RFC_Prov,Correo_Prov) VALUES ('QrwQgTxKFHIF','dturnerj@domainmarket.com');
INSERT INTO correoProv(RFC_Prov,Correo_Prov) VALUES ('LHLdxZDw9jIY','craviliousk@youtu.be');
INSERT INTO correoProv(RFC_Prov,Correo_Prov) VALUES ('tvFAhx1k1Wbl','sagiolfingerl@infoseek.co.jp');
INSERT INTO correoProv(RFC_Prov,Correo_Prov) VALUES ('K4yTXMvHz545','ppeachmentm@cam.ac.uk');
INSERT INTO correoProv(RFC_Prov,Correo_Prov) VALUES ('c4llv0fW7GG7','rmichelin@w3.org');
INSERT INTO correoProv(RFC_Prov,Correo_Prov) VALUES ('AwgTPyIrzed7','mfulluno@angelfire.com');
INSERT INTO correoProv(RFC_Prov,Correo_Prov) VALUES ('LHLdxZDw9jIY','sarmingerp@unc.edu');
INSERT INTO correoProv(RFC_Prov,Correo_Prov) VALUES ('zO45Bwrt9HvA','jvanmerweq@delicious.com');
INSERT INTO correoProv(RFC_Prov,Correo_Prov) VALUES ('JHCwblmgX3CF','ccasalettor@hud.gov');
INSERT INTO correoProv(RFC_Prov,Correo_Prov) VALUES ('1DUgPqj8RsII','umcauleys@gnu.org');
INSERT INTO correoProv(RFC_Prov,Correo_Prov) VALUES ('inQ7TyifVUWF','usouthcombet@blog.com');
INSERT INTO correoProv(RFC_Prov,Correo_Prov) VALUES ('vi19MIL6aa4N','planfranchiu@macromedia.com');
INSERT INTO correoProv(RFC_Prov,Correo_Prov) VALUES ('4Xr1IUCbjcRs','fnoev@ask.com');
INSERT INTO correoProv(RFC_Prov,Correo_Prov) VALUES ('TRHwhU945fxZ','gtimbridgew@mapy.cz');
INSERT INTO correoProv(RFC_Prov,Correo_Prov) VALUES ('njlsRfaaLgHK','rtrowillx@shutterfly.com');
INSERT INTO correoProv(RFC_Prov,Correo_Prov) VALUES ('nQu7CzCyI5KH','shawky@hao123.com');
INSERT INTO correoProv(RFC_Prov,Correo_Prov) VALUES ('z8HYtMXZroX5','mwatsamz@youtube.com');
INSERT INTO correoProv(RFC_Prov,Correo_Prov) VALUES ('2EUCcF84O5rc','dmeah10@engadget.com');
INSERT INTO correoProv(RFC_Prov,Correo_Prov) VALUES ('U80It268CjV8','hhoulahan11@yahoo.co.jp');
INSERT INTO correoProv(RFC_Prov,Correo_Prov) VALUES ('J4SUUjPZpctR','rrapinett12@cloudflare.com');
INSERT INTO correoProv(RFC_Prov,Correo_Prov) VALUES ('SWBfzjQlIKlE','kfilewood13@admin.ch');
INSERT INTO correoProv(RFC_Prov,Correo_Prov) VALUES ('MvqobBYSbyGB','chanalan14@ustream.tv');
INSERT INTO correoProv(RFC_Prov,Correo_Prov) VALUES ('j00F1aUfuZKX','sjosowitz15@behance.net');
INSERT INTO correoProv(RFC_Prov,Correo_Prov) VALUES ('LHLdxZDw9jIY','mdavydkov16@nymag.com');
INSERT INTO correoProv(RFC_Prov,Correo_Prov) VALUES ('JN6atjwHTqO6','scarley17@scribd.com');
INSERT INTO correoProv(RFC_Prov,Correo_Prov) VALUES ('8BZv5FFFpNmt','eginsie18@stumbleupon.com');
INSERT INTO correoProv(RFC_Prov,Correo_Prov) VALUES ('JN6atjwHTqO6','ojerdan19@list-manage.com');
INSERT INTO correoProv(RFC_Prov,Correo_Prov) VALUES ('SxMfAbXCXOw9','rwarrilow1a@bbb.org');
INSERT INTO correoProv(RFC_Prov,Correo_Prov) VALUES ('BHjlmDkgu71E','hwanklin1b@adobe.com');
INSERT INTO correoProv(RFC_Prov,Correo_Prov) VALUES ('gaQjlkhO7n3Z','kofielly1c@apple.com');
INSERT INTO correoProv(RFC_Prov,Correo_Prov) VALUES ('vrs5HGcKx43Z','jcoping1d@twitter.com');
INSERT INTO correoProv(RFC_Prov,Correo_Prov) VALUES ('MvqobBYSbyGB','ovautrey1e@tumblr.com');
INSERT INTO correoProv(RFC_Prov,Correo_Prov) VALUES ('wh73Ww0d8BFq','vphelan1f@t-online.de');
INSERT INTO correoProv(RFC_Prov,Correo_Prov) VALUES ('MvqobBYSbyGB','gflamank1g@rambler.ru');
INSERT INTO correoProv(RFC_Prov,Correo_Prov) VALUES ('FYmxImm2OjqO','ggosart1h@smugmug.com');
INSERT INTO correoProv(RFC_Prov,Correo_Prov) VALUES ('6eYLYHAj2ojU','hsheahan1i@seattletimes.com');
INSERT INTO correoProv(RFC_Prov,Correo_Prov) VALUES ('r0GhHpndXZVV','zrathmell1j@senate.gov');
INSERT INTO correoProv(RFC_Prov,Correo_Prov) VALUES ('BGGnPa4Hhu9Q','jragat1k@networksolutions.com');
INSERT INTO correoProv(RFC_Prov,Correo_Prov) VALUES ('tvFAhx1k1Wbl','serrigo1l@cpanel.net');
INSERT INTO correoProv(RFC_Prov,Correo_Prov) VALUES ('rtoGEzgaTR8y','ashower1m@unicef.org');
INSERT INTO correoProv(RFC_Prov,Correo_Prov) VALUES ('6W5efiibYlaV','smccarroll1n@lulu.com');
INSERT INTO correoProv(RFC_Prov,Correo_Prov) VALUES ('oucpnim8hUUd','rgerb1o@jigsy.com');
INSERT INTO correoProv(RFC_Prov,Correo_Prov) VALUES ('cgvzR2DNQJO7','adomerq1p@posterous.com');
INSERT INTO correoProv(RFC_Prov,Correo_Prov) VALUES ('HbYFRK28D1KI','lcharlewood1q@scientificamerican.com');
INSERT INTO correoProv(RFC_Prov,Correo_Prov) VALUES ('BK8j9dqFdWNm','bchurchyard1r@ftc.gov');
INSERT INTO correoProv(RFC_Prov,Correo_Prov) VALUES ('CXW9CmwMBwAl','jwestrey1s@mail.ru');
INSERT INTO correoProv(RFC_Prov,Correo_Prov) VALUES ('98qAE43IunRq','htonsley1t@redcross.org');
INSERT INTO correoProv(RFC_Prov,Correo_Prov) VALUES ('JUq6H1GQ3oMU','cbrastead1u@cnbc.com');
INSERT INTO correoProv(RFC_Prov,Correo_Prov) VALUES ('LSAko2xooSCA','gwakley1v@dagondesign.com');
INSERT INTO correoProv(RFC_Prov,Correo_Prov) VALUES ('tvFAhx1k1Wbl','ckrienke1w@webmd.com');
INSERT INTO correoProv(RFC_Prov,Correo_Prov) VALUES ('LMYHnQa9fo83','dkingdom1x@google.com.au');
INSERT INTO correoProv(RFC_Prov,Correo_Prov) VALUES ('h0Qe4djSeE3B','llangeren1y@ftc.gov');
INSERT INTO correoProv(RFC_Prov,Correo_Prov) VALUES ('cgvzR2DNQJO7','umckane1z@statcounter.com');
INSERT INTO correoProv(RFC_Prov,Correo_Prov) VALUES ('rdjdcedPzDNS','dmaytom20@yellowpages.com');
INSERT INTO correoProv(RFC_Prov,Correo_Prov) VALUES ('BGGnPa4Hhu9Q','cfelix21@gmpg.org');
INSERT INTO correoProv(RFC_Prov,Correo_Prov) VALUES ('AwgTPyIrzed7','ghenner22@opensource.org');
INSERT INTO correoProv(RFC_Prov,Correo_Prov) VALUES ('rtoGEzgaTR8y','ftumber23@wikipedia.org');
INSERT INTO correoProv(RFC_Prov,Correo_Prov) VALUES ('nX8bBVhDM1ep','bcarabine24@ed.gov');
INSERT INTO correoProv(RFC_Prov,Correo_Prov) VALUES ('LHLdxZDw9jIY','jcomiam25@4shared.com');
INSERT INTO correoProv(RFC_Prov,Correo_Prov) VALUES ('UaeujLxJlS7O','naccombe26@aol.com');
INSERT INTO correoProv(RFC_Prov,Correo_Prov) VALUES ('JHWjfuyUVkcB','bbaldwin27@independent.co.uk');
INSERT INTO correoProv(RFC_Prov,Correo_Prov) VALUES ('8BZv5FFFpNmt','bgwilliam28@ovh.net');
INSERT INTO correoProv(RFC_Prov,Correo_Prov) VALUES ('JUq6H1GQ3oMU','jmacqueen29@amazon.co.uk');
INSERT INTO correoProv(RFC_Prov,Correo_Prov) VALUES ('nX8bBVhDM1ep','tgoforth2a@cdbaby.com');
INSERT INTO correoProv(RFC_Prov,Correo_Prov) VALUES ('mJLxNPr0LOEm','myegorchenkov2b@admin.ch');
INSERT INTO correoProv(RFC_Prov,Correo_Prov) VALUES ('SWBfzjQlIKlE','sgiberd2c@comcast.net');
INSERT INTO correoProv(RFC_Prov,Correo_Prov) VALUES ('FYmxImm2OjqO','ularrat2d@discuz.net');
INSERT INTO correoProv(RFC_Prov,Correo_Prov) VALUES ('aWRn7D5Wd5li','brosenhaus2e@privacy.gov.au');
INSERT INTO correoProv(RFC_Prov,Correo_Prov) VALUES ('1DUgPqj8RsII','vwyse2f@geocities.com');
INSERT INTO correoProv(RFC_Prov,Correo_Prov) VALUES ('njlsRfaaLgHK','drabat2g@smh.com.au');
INSERT INTO correoProv(RFC_Prov,Correo_Prov) VALUES ('NEimpcCDoxPp','fkimmerling2h@google.es');
INSERT INTO correoProv(RFC_Prov,Correo_Prov) VALUES ('oucpnim8hUUd','bmaccarroll2i@irs.gov');
INSERT INTO correoProv(RFC_Prov,Correo_Prov) VALUES ('G7NjzerMAy4j','ngiannasi2j@amazon.co.uk');
INSERT INTO correoProv(RFC_Prov,Correo_Prov) VALUES ('oM459tH5oMYu','rmartinson2k@twitter.com');
INSERT INTO correoProv(RFC_Prov,Correo_Prov) VALUES ('nU1QQ1AjsKAr','jronisch2l@mapquest.com');
INSERT INTO correoProv(RFC_Prov,Correo_Prov) VALUES ('udEipZbtrn92','bscutt2m@redcross.org');
INSERT INTO correoProv(RFC_Prov,Correo_Prov) VALUES ('LSAko2xooSCA','ptomaszewicz2n@webnode.com');
INSERT INTO correoProv(RFC_Prov,Correo_Prov) VALUES ('JHCwblmgX3CF','klasseter2o@acquirethisname.com');
INSERT INTO correoProv(RFC_Prov,Correo_Prov) VALUES ('vowUXhxQMHva','amounsey2p@cpanel.net');
INSERT INTO correoProv(RFC_Prov,Correo_Prov) VALUES ('wDkSKO5znmhk','rhaveline2q@cafepress.com');
INSERT INTO correoProv(RFC_Prov,Correo_Prov) VALUES ('U80It268CjV8','cbanbrigge2r@webmd.com');
--Correos Proveedores Articulos
INSERT INTO correoProv(RFC_Prov,Correo_Prov) VALUES ('eGnOxUBEZQFH','kcosty0@g.co');
INSERT INTO correoProv(RFC_Prov,Correo_Prov) VALUES ('WHLBN7iBv65D','neastcourt1@ed.gov');
INSERT INTO correoProv(RFC_Prov,Correo_Prov) VALUES ('6qFicM4OZ9kW','jbettenay2@1und1.de');
INSERT INTO correoProv(RFC_Prov,Correo_Prov) VALUES ('LitzzHWqBIus','cglanister3@chron.com');
INSERT INTO correoProv(RFC_Prov,Correo_Prov) VALUES ('JIlTZtusZdix','lverny4@noaa.gov');
INSERT INTO correoProv(RFC_Prov,Correo_Prov) VALUES ('6qFicM4OZ9kW','dkendell5@imgur.com');
INSERT INTO correoProv(RFC_Prov,Correo_Prov) VALUES ('szAk1IWN34DR','clippett6@taobao.com');
INSERT INTO correoProv(RFC_Prov,Correo_Prov) VALUES ('0afpYEiAYVI8','tbellringer7@printfriendly.com');
INSERT INTO correoProv(RFC_Prov,Correo_Prov) VALUES ('qbcnpFlQwGv0','csimmins8@freewebs.com');
INSERT INTO correoProv(RFC_Prov,Correo_Prov) VALUES ('uT7QYG6T6p4w','wferrick9@illinois.edu');
INSERT INTO correoProv(RFC_Prov,Correo_Prov) VALUES ('z666oD4Nqr8r','aamesa@bloglines.com');
INSERT INTO correoProv(RFC_Prov,Correo_Prov) VALUES ('dKxhG8cugn8Q','rsawkinb@mail.ru');
INSERT INTO correoProv(RFC_Prov,Correo_Prov) VALUES ('prj9AGRHf2zm','lquarlisc@sina.com.cn');
INSERT INTO correoProv(RFC_Prov,Correo_Prov) VALUES ('auIyfUgmV3wy','coborned@miibeian.gov.cn');
INSERT INTO correoProv(RFC_Prov,Correo_Prov) VALUES ('RFJvIj6ajthS','jbowermane@mozilla.org');
INSERT INTO correoProv(RFC_Prov,Correo_Prov) VALUES ('hMMnbYlrWpe8','kwohlersf@google.ru');
INSERT INTO correoProv(RFC_Prov,Correo_Prov) VALUES ('ynRjgRhKm5kU','fjemmisong@1und1.de');
INSERT INTO correoProv(RFC_Prov,Correo_Prov) VALUES ('3h8UvSpYCcwP','mklieslh@woothemes.com');
INSERT INTO correoProv(RFC_Prov,Correo_Prov) VALUES ('h3fklNLx6xZk','bblanquei@behance.net');
INSERT INTO correoProv(RFC_Prov,Correo_Prov) VALUES ('qgaprnNyPAGH','alambirthj@rambler.ru');
INSERT INTO correoProv(RFC_Prov,Correo_Prov) VALUES ('eGnOxUBEZQFH','caleksandrevk@ted.com');
INSERT INTO correoProv(RFC_Prov,Correo_Prov) VALUES ('orpNj60DkHI7','morthl@eventbrite.com');
INSERT INTO correoProv(RFC_Prov,Correo_Prov) VALUES ('PgI6aLFUJR6o','theaterm@ezinearticles.com');
INSERT INTO correoProv(RFC_Prov,Correo_Prov) VALUES ('5aAe2ATCaHFd','jmaplen@biglobe.ne.jp');
INSERT INTO correoProv(RFC_Prov,Correo_Prov) VALUES ('VFt3G2FymdQV','wlestrangeo@who.int');
INSERT INTO correoProv(RFC_Prov,Correo_Prov) VALUES ('uj3dSVghaVuk','rannettp@apple.com');
INSERT INTO correoProv(RFC_Prov,Correo_Prov) VALUES ('CxWMYAsgGnf7','cbutcherq@economist.com');
INSERT INTO correoProv(RFC_Prov,Correo_Prov) VALUES ('ATeKOgU8pXTr','spietaschr@squarespace.com');
INSERT INTO correoProv(RFC_Prov,Correo_Prov) VALUES ('moWc6UL2rAyV','lbleasdilles@uiuc.edu');
INSERT INTO correoProv(RFC_Prov,Correo_Prov) VALUES ('RWEVu73UygQ2','scasonet@digg.com');
INSERT INTO correoProv(RFC_Prov,Correo_Prov) VALUES ('KPBjHlHgBhmd','katwelu@squidoo.com');
INSERT INTO correoProv(RFC_Prov,Correo_Prov) VALUES ('Ug62bGj6oQYl','hferronetv@cisco.com');
INSERT INTO correoProv(RFC_Prov,Correo_Prov) VALUES ('RWEVu73UygQ2','glonerganw@jiathis.com');
INSERT INTO correoProv(RFC_Prov,Correo_Prov) VALUES ('EwqGK0ayA1eN','crosomanx@yellowbook.com');
INSERT INTO correoProv(RFC_Prov,Correo_Prov) VALUES ('EwqGK0ayA1eN','mmacginlayy@discuz.net');
INSERT INTO correoProv(RFC_Prov,Correo_Prov) VALUES ('n9EUQiwr0hww','alerganz@ftc.gov');
INSERT INTO correoProv(RFC_Prov,Correo_Prov) VALUES ('w7lNtTjRZhzF','etaveriner10@cloudflare.com');
INSERT INTO correoProv(RFC_Prov,Correo_Prov) VALUES ('0afpYEiAYVI8','mzanardii11@craigslist.org');
INSERT INTO correoProv(RFC_Prov,Correo_Prov) VALUES ('5aAe2ATCaHFd','erocks12@ovh.net');
INSERT INTO correoProv(RFC_Prov,Correo_Prov) VALUES ('M3n5H4knlq6d','msolon13@etsy.com');
INSERT INTO correoProv(RFC_Prov,Correo_Prov) VALUES ('h3fklNLx6xZk','gbarcroft14@xinhuanet.com');
INSERT INTO correoProv(RFC_Prov,Correo_Prov) VALUES ('dZJCVINUMxxp','ttinsey15@tripod.com');
INSERT INTO correoProv(RFC_Prov,Correo_Prov) VALUES ('Eyk7rsOv12lt','esarginson16@netlog.com');
INSERT INTO correoProv(RFC_Prov,Correo_Prov) VALUES ('lpZ0x5UApeR0','dgimblet17@drupal.org');
INSERT INTO correoProv(RFC_Prov,Correo_Prov) VALUES ('w0BPd1g4TBvP','adallaway18@huffingtonpost.com');
INSERT INTO correoProv(RFC_Prov,Correo_Prov) VALUES ('orpNj60DkHI7','aspadollini19@nyu.edu');
INSERT INTO correoProv(RFC_Prov,Correo_Prov) VALUES ('H3F8Jc0MaFMD','ohayers1a@buzzfeed.com');
INSERT INTO correoProv(RFC_Prov,Correo_Prov) VALUES ('eGnOxUBEZQFH','estarkings1b@bing.com');
INSERT INTO correoProv(RFC_Prov,Correo_Prov) VALUES ('VPQCg6NRAhBu','janker1c@creativecommons.org');
INSERT INTO correoProv(RFC_Prov,Correo_Prov) VALUES ('MC60NayP0lRS','jcattermole1d@istockphoto.com');
INSERT INTO correoProv(RFC_Prov,Correo_Prov) VALUES ('ukZmtHvB25lv','rpriestland1e@google.it');
INSERT INTO correoProv(RFC_Prov,Correo_Prov) VALUES ('0afpYEiAYVI8','gpetrosian1f@tmall.com');
INSERT INTO correoProv(RFC_Prov,Correo_Prov) VALUES ('hPEUjr96DHAt','hbaruch1g@qq.com');
INSERT INTO correoProv(RFC_Prov,Correo_Prov) VALUES ('V8rJyoqV4yzL','trisebrow1h@printfriendly.com');
INSERT INTO correoProv(RFC_Prov,Correo_Prov) VALUES ('WHLBN7iBv65D','moffill1i@shinystat.com');
INSERT INTO correoProv(RFC_Prov,Correo_Prov) VALUES ('hMMnbYlrWpe8','gpisco1j@hugedomains.com');
INSERT INTO correoProv(RFC_Prov,Correo_Prov) VALUES ('RWEVu73UygQ2','jstiffell1k@loc.gov');
INSERT INTO correoProv(RFC_Prov,Correo_Prov) VALUES ('eGnOxUBEZQFH','vread1l@tmall.com');
INSERT INTO correoProv(RFC_Prov,Correo_Prov) VALUES ('ZjYmEbnyj3Il','bblofeld1m@geocities.com');
INSERT INTO correoProv(RFC_Prov,Correo_Prov) VALUES ('VFt3G2FymdQV','cbandy1n@yahoo.com');
INSERT INTO correoProv(RFC_Prov,Correo_Prov) VALUES ('PgI6aLFUJR6o','acarine1o@dailymotion.com');
INSERT INTO correoProv(RFC_Prov,Correo_Prov) VALUES ('qF7j2IpcNe66','amillimoe1p@google.it');
INSERT INTO correoProv(RFC_Prov,Correo_Prov) VALUES ('KPBjHlHgBhmd','pbeachamp1q@ed.gov');
INSERT INTO correoProv(RFC_Prov,Correo_Prov) VALUES ('XRZbEtS9Gp6b','scolpus1r@ifeng.com');
INSERT INTO correoProv(RFC_Prov,Correo_Prov) VALUES ('lpZ0x5UApeR0','bgemnett1s@mediafire.com');
INSERT INTO correoProv(RFC_Prov,Correo_Prov) VALUES ('M3n5H4knlq6d','bsolly1t@tinyurl.com');
INSERT INTO correoProv(RFC_Prov,Correo_Prov) VALUES ('uT7QYG6T6p4w','egrichukhanov1u@weather.com');
INSERT INTO correoProv(RFC_Prov,Correo_Prov) VALUES ('MC60NayP0lRS','ethursby1v@imdb.com');
INSERT INTO correoProv(RFC_Prov,Correo_Prov) VALUES ('KOmqedy0bIPw','dhuntall1w@nasa.gov');
INSERT INTO correoProv(RFC_Prov,Correo_Prov) VALUES ('VPQCg6NRAhBu','cpencost1x@netlog.com');
INSERT INTO correoProv(RFC_Prov,Correo_Prov) VALUES ('H3F8Jc0MaFMD','klacelett1y@tmall.com');
INSERT INTO correoProv(RFC_Prov,Correo_Prov) VALUES ('ZjYmEbnyj3Il','jledster1z@weibo.com');
INSERT INTO correoProv(RFC_Prov,Correo_Prov) VALUES ('hlbYhWxEVOyI','kdurrett20@howstuffworks.com');
INSERT INTO correoProv(RFC_Prov,Correo_Prov) VALUES ('szAk1IWN34DR','abanfill21@ihg.com');
INSERT INTO correoProv(RFC_Prov,Correo_Prov) VALUES ('ErMjKOrY2AQZ','mskerman22@trellian.com');
INSERT INTO correoProv(RFC_Prov,Correo_Prov) VALUES ('vx41yhrtdiif','blindstrom23@google.ca');
INSERT INTO correoProv(RFC_Prov,Correo_Prov) VALUES ('UhEs1lwlUbvr','omilkin24@skype.com');
INSERT INTO correoProv(RFC_Prov,Correo_Prov) VALUES ('kYox4NRvRdI2','jjosefovic25@joomla.org');
INSERT INTO correoProv(RFC_Prov,Correo_Prov) VALUES ('L5ZCZeRPMGux','ucotesford26@npr.org');
INSERT INTO correoProv(RFC_Prov,Correo_Prov) VALUES ('Eyk7rsOv12lt','nbeinke27@facebook.com');
INSERT INTO correoProv(RFC_Prov,Correo_Prov) VALUES ('FDVl9flJHS48','bminto28@icq.com');
INSERT INTO correoProv(RFC_Prov,Correo_Prov) VALUES ('eDIvXfae5Dal','abill29@php.net');
INSERT INTO correoProv(RFC_Prov,Correo_Prov) VALUES ('hPEUjr96DHAt','eabramowsky2a@php.net');
INSERT INTO correoProv(RFC_Prov,Correo_Prov) VALUES ('qgaprnNyPAGH','craikes2b@omniture.com');
INSERT INTO correoProv(RFC_Prov,Correo_Prov) VALUES ('LitzzHWqBIus','dpittson2c@tumblr.com');
INSERT INTO correoProv(RFC_Prov,Correo_Prov) VALUES ('6qFicM4OZ9kW','ocatherine2d@clickbank.net');
INSERT INTO correoProv(RFC_Prov,Correo_Prov) VALUES ('w7lNtTjRZhzF','etrodler2e@hugedomains.com');
INSERT INTO correoProv(RFC_Prov,Correo_Prov) VALUES ('2qqb4Vie8LcG','jaddinall2f@amazon.com');
INSERT INTO correoProv(RFC_Prov,Correo_Prov) VALUES ('Gzp3suKSJ4Oz','ajurek2g@photobucket.com');
INSERT INTO correoProv(RFC_Prov,Correo_Prov) VALUES ('M3n5H4knlq6d','jhartop2h@zimbio.com');
INSERT INTO correoProv(RFC_Prov,Correo_Prov) VALUES ('rLRGrt9VwKEk','dchew2i@vkontakte.ru');
INSERT INTO correoProv(RFC_Prov,Correo_Prov) VALUES ('rLRGrt9VwKEk','pbazeley2j@deviantart.com');
INSERT INTO correoProv(RFC_Prov,Correo_Prov) VALUES ('PgI6aLFUJR6o','cshearn2k@kickstarter.com');
INSERT INTO correoProv(RFC_Prov,Correo_Prov) VALUES ('L5ZCZeRPMGux','srainard2l@diigo.com');
INSERT INTO correoProv(RFC_Prov,Correo_Prov) VALUES ('rLRGrt9VwKEk','gbelchambers2m@ask.com');
INSERT INTO correoProv(RFC_Prov,Correo_Prov) VALUES ('suzXzxD9YRug','tdalligan2n@weather.com');
INSERT INTO correoProv(RFC_Prov,Correo_Prov) VALUES ('L5ZCZeRPMGux','mgalliver2o@wisc.edu');
INSERT INTO correoProv(RFC_Prov,Correo_Prov) VALUES ('p6PXG6AKMex0','pcarne2p@yandex.ru');
INSERT INTO correoProv(RFC_Prov,Correo_Prov) VALUES ('RFJvIj6ajthS','acorsar2q@pcworld.com');
INSERT INTO correoProv(RFC_Prov,Correo_Prov) VALUES ('vWpkQKA60tdG','reastman2r@sina.com.cn');
--Correos Proveedores Alimentos
INSERT INTO correoProv(RFC_Prov,Correo_Prov) VALUES ('H49fqdTOXGt1','llesor0@bluehost.com');
INSERT INTO correoProv(RFC_Prov,Correo_Prov) VALUES ('469Hb84czQXu','pmithun1@uiuc.edu');
INSERT INTO correoProv(RFC_Prov,Correo_Prov) VALUES ('wQqjs1dFsSVx','fmcaree2@yahoo.com');
INSERT INTO correoProv(RFC_Prov,Correo_Prov) VALUES ('6BVMcB1DAckO','tgammet3@51.la');
INSERT INTO correoProv(RFC_Prov,Correo_Prov) VALUES ('XUABF6m3jND2','mbragginton4@omniture.com');
INSERT INTO correoProv(RFC_Prov,Correo_Prov) VALUES ('7nkRD4ws518q','rtunkin5@theatlantic.com');
INSERT INTO correoProv(RFC_Prov,Correo_Prov) VALUES ('TiS70ldvjxjH','zstittle6@instagram.com');
INSERT INTO correoProv(RFC_Prov,Correo_Prov) VALUES ('aAipbAGEV8Yh','kfellow7@webs.com');
INSERT INTO correoProv(RFC_Prov,Correo_Prov) VALUES ('tlstBdq9OkgF','wberringer8@va.gov');
INSERT INTO correoProv(RFC_Prov,Correo_Prov) VALUES ('ty1R5KxSBnbt','istlouis9@cbc.ca');
INSERT INTO correoProv(RFC_Prov,Correo_Prov) VALUES ('te5ybLgKH7jl','bwellbeloveda@google.pl');
INSERT INTO correoProv(RFC_Prov,Correo_Prov) VALUES ('D2PN8chwJRwI','qmckibbenb@army.mil');
INSERT INTO correoProv(RFC_Prov,Correo_Prov) VALUES ('HnwO9nfmhtgT','rtestroc@skype.com');
INSERT INTO correoProv(RFC_Prov,Correo_Prov) VALUES ('JsXgUHZaOb06','mwyleyd@unblog.fr');
INSERT INTO correoProv(RFC_Prov,Correo_Prov) VALUES ('aQJOUy39khE1','emcclancye@senate.gov');
INSERT INTO correoProv(RFC_Prov,Correo_Prov) VALUES ('jCdVKZzFLW3W','jdreverf@tripadvisor.com');
INSERT INTO correoProv(RFC_Prov,Correo_Prov) VALUES ('nmFto5wiozdm','bcrockfordg@sciencedirect.com');
INSERT INTO correoProv(RFC_Prov,Correo_Prov) VALUES ('zNfnvvIafpSd','kdeavallh@google.ru');
INSERT INTO correoProv(RFC_Prov,Correo_Prov) VALUES ('xMUguscReBW5','nfleeti@hostgator.com');
INSERT INTO correoProv(RFC_Prov,Correo_Prov) VALUES ('A71fuv08O4oP','agarthlandj@lulu.com');
INSERT INTO correoProv(RFC_Prov,Correo_Prov) VALUES ('D2PN8chwJRwI','ckeeneyk@newsvine.com');
INSERT INTO correoProv(RFC_Prov,Correo_Prov) VALUES ('yYAuROSxrMdx','sfobidgel@scientificamerican.com');
INSERT INTO correoProv(RFC_Prov,Correo_Prov) VALUES ('2pJCqZbHYrxz','cturbernm@facebook.com');
INSERT INTO correoProv(RFC_Prov,Correo_Prov) VALUES ('Q2EIbSyXSgEr','sgrzegorzewiczn@marriott.com');
INSERT INTO correoProv(RFC_Prov,Correo_Prov) VALUES ('Qn291nVyL6PO','cromanskio@indiatimes.com');
INSERT INTO correoProv(RFC_Prov,Correo_Prov) VALUES ('2pJCqZbHYrxz','dgallallyp@webnode.com');
INSERT INTO correoProv(RFC_Prov,Correo_Prov) VALUES ('V6n2kcXQXAsd','sbastinq@intel.com');
INSERT INTO correoProv(RFC_Prov,Correo_Prov) VALUES ('EKMgw0UiNb1X','aanfussor@bloglines.com');
INSERT INTO correoProv(RFC_Prov,Correo_Prov) VALUES ('zMOnJsqlhaNh','lablotts@blogtalkradio.com');
INSERT INTO correoProv(RFC_Prov,Correo_Prov) VALUES ('6SpPNw81CGxl','pwhitebreadt@ucla.edu');
INSERT INTO correoProv(RFC_Prov,Correo_Prov) VALUES ('5dXZiZUmDo9d','totuohyu@bing.com');
INSERT INTO correoProv(RFC_Prov,Correo_Prov) VALUES ('HNWg8fRkPYMn','spentlowv@wp.com');
INSERT INTO correoProv(RFC_Prov,Correo_Prov) VALUES ('HnwO9nfmhtgT','chedmanw@bloomberg.com');
INSERT INTO correoProv(RFC_Prov,Correo_Prov) VALUES ('QBeDUWO1q3TL','acardoex@answers.com');
INSERT INTO correoProv(RFC_Prov,Correo_Prov) VALUES ('XUABF6m3jND2','kstockoey@techcrunch.com');
INSERT INTO correoProv(RFC_Prov,Correo_Prov) VALUES ('Skt2oeF8qNpv','acollz@stumbleupon.com');
INSERT INTO correoProv(RFC_Prov,Correo_Prov) VALUES ('X68Dtyq3kcYD','lheskins10@whitehouse.gov');
INSERT INTO correoProv(RFC_Prov,Correo_Prov) VALUES ('bXabYbvKflII','rsimenet11@prweb.com');
INSERT INTO correoProv(RFC_Prov,Correo_Prov) VALUES ('aAipbAGEV8Yh','lsurgener12@over-blog.com');
INSERT INTO correoProv(RFC_Prov,Correo_Prov) VALUES ('J4YhY94jv84l','civetts13@pagesperso-orange.fr');
INSERT INTO correoProv(RFC_Prov,Correo_Prov) VALUES ('HCx6E8SR80a4','hhaizelden14@dedecms.com');
INSERT INTO correoProv(RFC_Prov,Correo_Prov) VALUES ('KOh5rUTgeN5q','bmckaile15@skype.com');
INSERT INTO correoProv(RFC_Prov,Correo_Prov) VALUES ('4nKKertC39Ts','dpennycuick16@blogtalkradio.com');
INSERT INTO correoProv(RFC_Prov,Correo_Prov) VALUES ('KHR6x7S64Tsz','nsiemianowicz17@lycos.com');
INSERT INTO correoProv(RFC_Prov,Correo_Prov) VALUES ('e1zXPGeMVqr3','pmorat18@auda.org.au');
INSERT INTO correoProv(RFC_Prov,Correo_Prov) VALUES ('jCdVKZzFLW3W','uotto19@ca.gov');
INSERT INTO correoProv(RFC_Prov,Correo_Prov) VALUES ('Skt2oeF8qNpv','ldanzelman1a@ucoz.ru');
INSERT INTO correoProv(RFC_Prov,Correo_Prov) VALUES ('aQJOUy39khE1','agenery1b@aol.com');
INSERT INTO correoProv(RFC_Prov,Correo_Prov) VALUES ('r0kkS2hbiIkw','rcastellino1c@discuz.net');
INSERT INTO correoProv(RFC_Prov,Correo_Prov) VALUES ('jCWNfYIdro6S','pcaser1d@tinypic.com');
INSERT INTO correoProv(RFC_Prov,Correo_Prov) VALUES ('Y7dmTJ5XGa6Q','rpomroy1e@theglobeandmail.com');
INSERT INTO correoProv(RFC_Prov,Correo_Prov) VALUES ('Zdn6ywj9htcX','hdowdeswell1f@xrea.com');
INSERT INTO correoProv(RFC_Prov,Correo_Prov) VALUES ('jCWNfYIdro6S','aklaussen1g@biglobe.ne.jp');
INSERT INTO correoProv(RFC_Prov,Correo_Prov) VALUES ('yYAuROSxrMdx','sslocomb1h@jigsy.com');
INSERT INTO correoProv(RFC_Prov,Correo_Prov) VALUES ('rPu2S92wdhrh','dcolebourn1i@linkedin.com');
INSERT INTO correoProv(RFC_Prov,Correo_Prov) VALUES ('HnwO9nfmhtgT','asantori1j@hud.gov');
INSERT INTO correoProv(RFC_Prov,Correo_Prov) VALUES ('vRBbKaO97tcQ','mbaudesson1k@vimeo.com');
INSERT INTO correoProv(RFC_Prov,Correo_Prov) VALUES ('PcJt6CteUEH1','chayworth1l@163.com');
INSERT INTO correoProv(RFC_Prov,Correo_Prov) VALUES ('SrAwZIE7fEBo','sdevorill1m@theguardian.com');
INSERT INTO correoProv(RFC_Prov,Correo_Prov) VALUES ('b1RnUXE21FBe','mabelevitz1n@cyberchimps.com');
INSERT INTO correoProv(RFC_Prov,Correo_Prov) VALUES ('lsM7gvNf4oyZ','pollivier1o@princeton.edu');
INSERT INTO correoProv(RFC_Prov,Correo_Prov) VALUES ('X68Dtyq3kcYD','bfidele1p@360.cn');
INSERT INTO correoProv(RFC_Prov,Correo_Prov) VALUES ('KOh5rUTgeN5q','celdredge1q@hibu.com');
INSERT INTO correoProv(RFC_Prov,Correo_Prov) VALUES ('zMOnJsqlhaNh','dberthomieu1r@wikispaces.com');
INSERT INTO correoProv(RFC_Prov,Correo_Prov) VALUES ('ty1R5KxSBnbt','cmurrill1s@samsung.com');
INSERT INTO correoProv(RFC_Prov,Correo_Prov) VALUES ('vRBbKaO97tcQ','jearland1t@springer.com');
INSERT INTO correoProv(RFC_Prov,Correo_Prov) VALUES ('Q5U2ki3wISmb','wkemsley1u@acquirethisname.com');
INSERT INTO correoProv(RFC_Prov,Correo_Prov) VALUES ('rPu2S92wdhrh','sarnold1v@washingtonpost.com');
INSERT INTO correoProv(RFC_Prov,Correo_Prov) VALUES ('QBeDUWO1q3TL','csunners1w@ucla.edu');
INSERT INTO correoProv(RFC_Prov,Correo_Prov) VALUES ('eWisHLNQGPDX','ksprowle1x@digg.com');
INSERT INTO correoProv(RFC_Prov,Correo_Prov) VALUES ('Q2EIbSyXSgEr','obadam1y@blog.com');
INSERT INTO correoProv(RFC_Prov,Correo_Prov) VALUES ('eWisHLNQGPDX','wfox1z@godaddy.com');
INSERT INTO correoProv(RFC_Prov,Correo_Prov) VALUES ('rL2kDvg5soJ7','asummerson20@sourceforge.net');
INSERT INTO correoProv(RFC_Prov,Correo_Prov) VALUES ('lDeHAtZEL7qx','nrogerot21@addthis.com');
INSERT INTO correoProv(RFC_Prov,Correo_Prov) VALUES ('ONQknYwOZ3Qx','cgamil22@e-recht24.de');
INSERT INTO correoProv(RFC_Prov,Correo_Prov) VALUES ('rPu2S92wdhrh','ceckels23@cisco.com');
INSERT INTO correoProv(RFC_Prov,Correo_Prov) VALUES ('X68Dtyq3kcYD','dsheardown24@alexa.com');
INSERT INTO correoProv(RFC_Prov,Correo_Prov) VALUES ('WFAZHlJkrTRL','sholttom25@godaddy.com');
INSERT INTO correoProv(RFC_Prov,Correo_Prov) VALUES ('xMUguscReBW5','avanderbrug26@tripadvisor.com');
INSERT INTO correoProv(RFC_Prov,Correo_Prov) VALUES ('zNfnvvIafpSd','mtorricella27@parallels.com');
INSERT INTO correoProv(RFC_Prov,Correo_Prov) VALUES ('sDTyQObSvKKq','geadmeades28@house.gov');
INSERT INTO correoProv(RFC_Prov,Correo_Prov) VALUES ('eWisHLNQGPDX','koven29@ucla.edu');
INSERT INTO correoProv(RFC_Prov,Correo_Prov) VALUES ('PcJt6CteUEH1','lmerritt2a@ucsd.edu');
INSERT INTO correoProv(RFC_Prov,Correo_Prov) VALUES ('HNWg8fRkPYMn','tkinsett2b@google.nl');
INSERT INTO correoProv(RFC_Prov,Correo_Prov) VALUES ('bXabYbvKflII','oleere2c@google.co.uk');
INSERT INTO correoProv(RFC_Prov,Correo_Prov) VALUES ('pMGxxpTKi4SQ','pguilliland2d@hostgator.com');
INSERT INTO correoProv(RFC_Prov,Correo_Prov) VALUES ('RsNwoWZYkflz','pedgehill2e@creativecommons.org');
INSERT INTO correoProv(RFC_Prov,Correo_Prov) VALUES ('vfzgJJvM0EVm','eteml2f@java.com');
INSERT INTO correoProv(RFC_Prov,Correo_Prov) VALUES ('BAKNQpuO8WMP','fwipper2g@51.la');
INSERT INTO correoProv(RFC_Prov,Correo_Prov) VALUES ('QkGCRdI5rgKu','bmerriman2h@imgur.com');
INSERT INTO correoProv(RFC_Prov,Correo_Prov) VALUES ('KHR6x7S64Tsz','ehagger2i@instagram.com');
INSERT INTO correoProv(RFC_Prov,Correo_Prov) VALUES ('YmDMiBQAJJLE','amitskevich2j@mail.ru');
INSERT INTO correoProv(RFC_Prov,Correo_Prov) VALUES ('ay9rYv7I7uvK','smaccosto2k@weibo.com');
INSERT INTO correoProv(RFC_Prov,Correo_Prov) VALUES ('F8xMJ0FICuuP','ggother2l@reuters.com');
INSERT INTO correoProv(RFC_Prov,Correo_Prov) VALUES ('jCdVKZzFLW3W','fhamly2m@psu.edu');
INSERT INTO correoProv(RFC_Prov,Correo_Prov) VALUES ('vwPmUbXjpw11','ccastella2n@cdc.gov');
INSERT INTO correoProv(RFC_Prov,Correo_Prov) VALUES ('czPM2vx1j7Hk','pmeran2o@smugmug.com');
INSERT INTO correoProv(RFC_Prov,Correo_Prov) VALUES ('gnPuhoSuKVyW','kdohmer2p@army.mil');
INSERT INTO correoProv(RFC_Prov,Correo_Prov) VALUES ('yYAuROSxrMdx','vinglesent2q@scribd.com');
INSERT INTO correoProv(RFC_Prov,Correo_Prov) VALUES ('a6faJnTGPJaA','gproppers2r@illinois.edu');

/* TABLA VETERINARIO */ 
insert into Veterinario (RFC_Vet, Nombre, ApellidoPat, ApellidoMat, Calle, Num_Ext, Num_Int, Estado, Fecha_Nac, FechaIn_Con, FechaFin_Con, Salario, Genero) values ('0Gb3Sp6iRO7X', 'Wilfrid', 'Fratczak', 'Sterley', 'Springs', '12286', '26', 'Ma’ao', '3/27/1976', '1/4/2017', '6/4/2024', 38116.06, 'M');
insert into Veterinario (RFC_Vet, Nombre, ApellidoPat, ApellidoMat, Calle, Num_Ext, Num_Int, Estado, Fecha_Nac, FechaIn_Con, FechaFin_Con, Salario, Genero) values ('I16QYx61Hna6', 'Cara', 'Wetheril', 'Sprionghall', 'Raven', '8', '200', 'Sulang Tengah', '6/9/2002', '12/23/2012', '2/5/2023', 3593.8, 'F');
insert into Veterinario (RFC_Vet, Nombre, ApellidoPat, ApellidoMat, Calle, Num_Ext, Num_Int, Estado, Fecha_Nac, FechaIn_Con, FechaFin_Con, Salario, Genero) values ('eT8M7HrYQV6V', 'Levon', 'Float', 'Powrie', 'Ohio', '02', '98528', 'Abovyan', '7/27/1996', '11/15/2014', '5/31/2024', 20301.54, 'M');
insert into Veterinario (RFC_Vet, Nombre, ApellidoPat, ApellidoMat, Calle, Num_Ext, Num_Int, Estado, Fecha_Nac, FechaIn_Con, FechaFin_Con, Salario, Genero) values ('knHD6SNm0iDC', 'Lari', 'Duckham', 'Belcham', 'Oxford', '8850', '25621', 'Shifan', '7/16/1981', '10/26/2014', '4/13/2023', 20697.97, 'F');
insert into Veterinario (RFC_Vet, Nombre, ApellidoPat, ApellidoMat, Calle, Num_Ext, Num_Int, Estado, Fecha_Nac, FechaIn_Con, FechaFin_Con, Salario, Genero) values ('Kc7XT3aFB9WT', 'Hamlen', 'Ridgley', 'Lippett', 'Commercial', '3', '922', 'Yuetang', '7/25/1974', '8/30/2015', '5/27/2023', 26315.84, 'M');
insert into Veterinario (RFC_Vet, Nombre, ApellidoPat, ApellidoMat, Calle, Num_Ext, Num_Int, Estado, Fecha_Nac, FechaIn_Con, FechaFin_Con, Salario, Genero) values ('n421U00eEXJr', 'Pinchas', 'Shevlane', 'Cain', 'Coleman', '90', '87178', 'Cintra', '2/15/2001', '4/27/2020', '11/11/2024', 32358.21, 'M');
insert into Veterinario (RFC_Vet, Nombre, ApellidoPat, ApellidoMat, Calle, Num_Ext, Num_Int, Estado, Fecha_Nac, FechaIn_Con, FechaFin_Con, Salario, Genero) values ('vQlZACs5UlbW', 'Dylan', 'Campkin', 'Sivess', 'Knutson', '5321', '29', 'Malešići', '7/26/1976', '11/6/2010', '10/19/2023', 11397.48, 'M');
insert into Veterinario (RFC_Vet, Nombre, ApellidoPat, ApellidoMat, Calle, Num_Ext, Num_Int, Estado, Fecha_Nac, FechaIn_Con, FechaFin_Con, Salario, Genero) values ('2BdKKKU8bXh6', 'Ninetta', 'Sleite', 'Elsworth', 'Chive', '92720', '48323', 'Qŭrghonteppa', '11/20/1999', '10/24/2014', '7/10/2023', 30095.66, 'F');
insert into Veterinario (RFC_Vet, Nombre, ApellidoPat, ApellidoMat, Calle, Num_Ext, Num_Int, Estado, Fecha_Nac, FechaIn_Con, FechaFin_Con, Salario, Genero) values ('2q2zK4ExUn9J', 'Alejandra', 'Braunroth', 'Fake', 'Moulton', '24264', '2808', 'Liuzhuang', '6/18/1974', '6/24/2015', '3/5/2023', 4290.09, 'F');
insert into Veterinario (RFC_Vet, Nombre, ApellidoPat, ApellidoMat, Calle, Num_Ext, Num_Int, Estado, Fecha_Nac, FechaIn_Con, FechaFin_Con, Salario, Genero) values ('wAYGxOJ7jN6G', 'Lorelei', 'Karolewski', 'Coney', 'Novick', '12', '01850', 'Talashkino', '3/6/1991', '1/11/2016', '4/14/2024', 12968.44, 'F');
insert into Veterinario (RFC_Vet, Nombre, ApellidoPat, ApellidoMat, Calle, Num_Ext, Num_Int, Estado, Fecha_Nac, FechaIn_Con, FechaFin_Con, Salario, Genero) values ('LHbaGBqz3128', 'Felic', 'Tzuker', 'Baunton', 'Fairview', '98164', '4', 'Shangjing', '4/4/1990', '10/23/2018', '10/13/2023', 13846.98, 'M');
insert into Veterinario (RFC_Vet, Nombre, ApellidoPat, ApellidoMat, Calle, Num_Ext, Num_Int, Estado, Fecha_Nac, FechaIn_Con, FechaFin_Con, Salario, Genero) values ('44xi740IxfXX', 'Thorsten', 'Willans', 'Hallan', 'Burning Wood', '82555', '21424', 'Mayo', '8/13/1974', '6/1/2021', '12/26/2023', 26574.01, 'M');
insert into Veterinario (RFC_Vet, Nombre, ApellidoPat, ApellidoMat, Calle, Num_Ext, Num_Int, Estado, Fecha_Nac, FechaIn_Con, FechaFin_Con, Salario, Genero) values ('i6O954OQXjzq', 'Chip', 'Rolston', 'Bewlie', 'Center', '42', '698', 'Mashan', '4/17/1976', '3/14/2020', '9/12/2024', 21826.86, 'M');
insert into Veterinario (RFC_Vet, Nombre, ApellidoPat, ApellidoMat, Calle, Num_Ext, Num_Int, Estado, Fecha_Nac, FechaIn_Con, FechaFin_Con, Salario, Genero) values ('5V2fZ86F06k6', 'Florry', 'Dossantos', 'Crinidge', 'Green', '85451', '832', 'Ábidos', '10/20/1992', '1/10/2015', '12/7/2023', 7269.96, 'F');
insert into Veterinario (RFC_Vet, Nombre, ApellidoPat, ApellidoMat, Calle, Num_Ext, Num_Int, Estado, Fecha_Nac, FechaIn_Con, FechaFin_Con, Salario, Genero) values ('9pTnOPtPdp3p', 'Reinwald', 'MacGray', 'Costell', 'Fisk', '97', '4', 'Borovskiy', '8/12/2000', '7/29/2021', '3/10/2023', 25750.3, 'M');
insert into Veterinario (RFC_Vet, Nombre, ApellidoPat, ApellidoMat, Calle, Num_Ext, Num_Int, Estado, Fecha_Nac, FechaIn_Con, FechaFin_Con, Salario, Genero) values ('Gt6s1MtMGaw0', 'Eartha', 'Clutterham', 'Snaddin', 'Hansons', '3919', '0332', 'Dongkan', '7/25/2002', '4/2/2018', '8/9/2024', 11565.58, 'F');
insert into Veterinario (RFC_Vet, Nombre, ApellidoPat, ApellidoMat, Calle, Num_Ext, Num_Int, Estado, Fecha_Nac, FechaIn_Con, FechaFin_Con, Salario, Genero) values ('3W7nrCook4pG', 'Judas', 'Skatcher', 'Peiro', 'Macpherson', '4', '33686', 'Strenči', '11/1/1986', '3/26/2017', '11/22/2024', 31861.39, 'M');
insert into Veterinario (RFC_Vet, Nombre, ApellidoPat, ApellidoMat, Calle, Num_Ext, Num_Int, Estado, Fecha_Nac, FechaIn_Con, FechaFin_Con, Salario, Genero) values ('Z3njLXiDjQR5', 'Prinz', 'Van Niekerk', 'Peart', 'Dawn', '017', '529', 'Krajan Pocangan', '6/25/2000', '9/20/2014', '12/14/2023', 13233.25, 'M');
insert into Veterinario (RFC_Vet, Nombre, ApellidoPat, ApellidoMat, Calle, Num_Ext, Num_Int, Estado, Fecha_Nac, FechaIn_Con, FechaFin_Con, Salario, Genero) values ('Sp6eoJN8qm9S', 'Ardyce', 'Trengrove', 'Petty', 'Fisk', '880', '1', 'Iralaya', '9/12/1971', '3/25/2015', '11/6/2023', 23266.61, 'F');
insert into Veterinario (RFC_Vet, Nombre, ApellidoPat, ApellidoMat, Calle, Num_Ext, Num_Int, Estado, Fecha_Nac, FechaIn_Con, FechaFin_Con, Salario, Genero) values ('tJMXvrUtzSN7', 'Rudd', 'McKeaveney', 'Cuppleditch', 'Southridge', '2', '6', 'Novi Bečej', '8/9/2001', '11/12/2022', '11/14/2024', 4554.22, 'M');
insert into Veterinario (RFC_Vet, Nombre, ApellidoPat, ApellidoMat, Calle, Num_Ext, Num_Int, Estado, Fecha_Nac, FechaIn_Con, FechaFin_Con, Salario, Genero) values ('Tio1ZjyCp1OB', 'Reyna', 'Tremathick', 'Batchelor', 'Red Cloud', '7947', '1699', 'Pomahuaca', '7/13/1980', '11/26/2016', '12/30/2024', 36456.94, 'F');
insert into Veterinario (RFC_Vet, Nombre, ApellidoPat, ApellidoMat, Calle, Num_Ext, Num_Int, Estado, Fecha_Nac, FechaIn_Con, FechaFin_Con, Salario, Genero) values ('8z3SKH6y7GoW', 'Simonne', 'Gertray', 'Clail', 'Rowland', '63716', '375', 'Santo Aleixo', '10/4/1970', '3/5/2018', '11/3/2024', 21582.61, 'F');
insert into Veterinario (RFC_Vet, Nombre, ApellidoPat, ApellidoMat, Calle, Num_Ext, Num_Int, Estado, Fecha_Nac, FechaIn_Con, FechaFin_Con, Salario, Genero) values ('gn7cQRt81xz4', 'Lester', 'Johannesson', 'Detoc', 'Thompson', '5', '7', 'Anding', '12/5/1980', '6/1/2015', '2/14/2023', 18395.96, 'M');
insert into Veterinario (RFC_Vet, Nombre, ApellidoPat, ApellidoMat, Calle, Num_Ext, Num_Int, Estado, Fecha_Nac, FechaIn_Con, FechaFin_Con, Salario, Genero) values ('nnwx66eX5y2i', 'Ed', 'Bakster', 'McCaig', 'Judy', '7', '44703', 'Hepang', '2/20/2002', '9/6/2010', '7/10/2023', 6643.04, 'M');
insert into Veterinario (RFC_Vet, Nombre, ApellidoPat, ApellidoMat, Calle, Num_Ext, Num_Int, Estado, Fecha_Nac, FechaIn_Con, FechaFin_Con, Salario, Genero) values ('tJ6UQHdOJA0e', 'Laura', 'Hospital', 'Hamblington', 'Lindbergh', '270', '2338', 'Casal do Sapo', '11/22/1984', '6/24/2014', '10/27/2024', 21670.94, 'F');
insert into Veterinario (RFC_Vet, Nombre, ApellidoPat, ApellidoMat, Calle, Num_Ext, Num_Int, Estado, Fecha_Nac, FechaIn_Con, FechaFin_Con, Salario, Genero) values ('N5zDKVS4Tk2D', 'Doti', 'Sills', 'Bevis', 'Summer Ridge', '65783', '7', 'Banjar Dauhpangkung', '6/19/2001', '5/6/2010', '6/29/2024', 8673.8, 'F');
insert into Veterinario (RFC_Vet, Nombre, ApellidoPat, ApellidoMat, Calle, Num_Ext, Num_Int, Estado, Fecha_Nac, FechaIn_Con, FechaFin_Con, Salario, Genero) values ('rJ2sPhIzHA3f', 'Gwenore', 'Kilshaw', 'Luttgert', 'Brentwood', '5', '6045', 'Norfolk County', '1/5/1996', '9/28/2012', '3/13/2024', 37631.74, 'F');
insert into Veterinario (RFC_Vet, Nombre, ApellidoPat, ApellidoMat, Calle, Num_Ext, Num_Int, Estado, Fecha_Nac, FechaIn_Con, FechaFin_Con, Salario, Genero) values ('iA37g7YPYyUN', 'Raphaela', 'Darte', 'Molloy', 'Steensland', '21368', '1552', 'Manquiring', '3/27/1989', '5/13/2010', '3/21/2024', 18511.26, 'F');
insert into Veterinario (RFC_Vet, Nombre, ApellidoPat, ApellidoMat, Calle, Num_Ext, Num_Int, Estado, Fecha_Nac, FechaIn_Con, FechaFin_Con, Salario, Genero) values ('i3LclHOYIo63', 'Yankee', 'Taberer', 'Jirousek', 'Clyde Gallagher', '04', '51258', 'Kapasan', '3/1/1989', '6/9/2020', '10/10/2024', 30127.49, 'M');
insert into Veterinario (RFC_Vet, Nombre, ApellidoPat, ApellidoMat, Calle, Num_Ext, Num_Int, Estado, Fecha_Nac, FechaIn_Con, FechaFin_Con, Salario, Genero) values ('j8N89FP4VK3u', 'Maximo', 'Bourgaize', 'Erangey', 'Mallory', '7', '6731', 'Pulo', '3/6/1997', '3/28/2021', '7/31/2024', 28793.04, 'M');
insert into Veterinario (RFC_Vet, Nombre, ApellidoPat, ApellidoMat, Calle, Num_Ext, Num_Int, Estado, Fecha_Nac, FechaIn_Con, FechaFin_Con, Salario, Genero) values ('0jqqi6PKe1Yd', 'Lief', 'Ruddiforth', 'Adhams', 'Scoville', '96', '64', 'Goléré', '11/10/1996', '8/20/2015', '11/7/2023', 11089.47, 'M');
insert into Veterinario (RFC_Vet, Nombre, ApellidoPat, ApellidoMat, Calle, Num_Ext, Num_Int, Estado, Fecha_Nac, FechaIn_Con, FechaFin_Con, Salario, Genero) values ('afkGU37V92jH', 'Germain', 'Jouanny', 'Whaites', 'Northridge', '26175', '33739', 'Dobra', '4/7/1991', '11/22/2017', '9/26/2024', 12659.4, 'F');
insert into Veterinario (RFC_Vet, Nombre, ApellidoPat, ApellidoMat, Calle, Num_Ext, Num_Int, Estado, Fecha_Nac, FechaIn_Con, FechaFin_Con, Salario, Genero) values ('on6o7El1mWWP', 'Rollins', 'Brame', 'Goundry', '2nd', '3123', '7963', 'Zhukovskiy', '6/12/1987', '9/27/2021', '3/10/2023', 26179.86, 'M');
insert into Veterinario (RFC_Vet, Nombre, ApellidoPat, ApellidoMat, Calle, Num_Ext, Num_Int, Estado, Fecha_Nac, FechaIn_Con, FechaFin_Con, Salario, Genero) values ('tMXkZIM97Mb0', 'Tracey', 'Colliard', 'Oseland', 'Pennsylvania', '165', '33838', 'Adrasmon', '2/24/1978', '12/16/2017', '9/25/2023', 6729.93, 'F');
insert into Veterinario (RFC_Vet, Nombre, ApellidoPat, ApellidoMat, Calle, Num_Ext, Num_Int, Estado, Fecha_Nac, FechaIn_Con, FechaFin_Con, Salario, Genero) values ('i04D0pzmvbcj', 'Corissa', 'Manuele', 'Hainsworth', 'Lillian', '65', '5831', 'Banqiao', '3/9/1984', '6/12/2018', '2/14/2024', 12255.42, 'F');
insert into Veterinario (RFC_Vet, Nombre, ApellidoPat, ApellidoMat, Calle, Num_Ext, Num_Int, Estado, Fecha_Nac, FechaIn_Con, FechaFin_Con, Salario, Genero) values ('PsD46leetA97', 'Hyacintha', 'Tocque', 'Lisett', 'Claremont', '5555', '916', 'Liangshan', '8/1/1982', '1/25/2014', '12/16/2024', 17502.36, 'F');
insert into Veterinario (RFC_Vet, Nombre, ApellidoPat, ApellidoMat, Calle, Num_Ext, Num_Int, Estado, Fecha_Nac, FechaIn_Con, FechaFin_Con, Salario, Genero) values ('C0xzXACoG00y', 'Regan', 'Tolley', 'Jaquest', 'Mifflin', '9651', '80154', 'Pohrebyshche', '12/2/1982', '1/2/2018', '7/5/2024', 33578.49, 'F');
insert into Veterinario (RFC_Vet, Nombre, ApellidoPat, ApellidoMat, Calle, Num_Ext, Num_Int, Estado, Fecha_Nac, FechaIn_Con, FechaFin_Con, Salario, Genero) values ('Ri7h9Ho8NOf8', 'Balduin', 'O''Beirne', 'Sedcole', 'Grim', '99', '277', 'Boawae', '2/26/1976', '11/5/2017', '3/5/2024', 10878.39, 'M');
insert into Veterinario (RFC_Vet, Nombre, ApellidoPat, ApellidoMat, Calle, Num_Ext, Num_Int, Estado, Fecha_Nac, FechaIn_Con, FechaFin_Con, Salario, Genero) values ('4oWTqiNKHTVM', 'Daisey', 'Arendsen', 'Briatt', 'Arkansas', '58645', '8026', 'Cibojong', '3/18/1999', '2/12/2017', '3/27/2023', 36816.86, 'F');
insert into Veterinario (RFC_Vet, Nombre, ApellidoPat, ApellidoMat, Calle, Num_Ext, Num_Int, Estado, Fecha_Nac, FechaIn_Con, FechaFin_Con, Salario, Genero) values ('ZvuRVCqsXKK9', 'Renie', 'Dourin', 'Codi', 'Lunder', '731', '0207', 'Caringin', '10/8/1973', '8/13/2016', '11/25/2023', 38463.64, 'F');
insert into Veterinario (RFC_Vet, Nombre, ApellidoPat, ApellidoMat, Calle, Num_Ext, Num_Int, Estado, Fecha_Nac, FechaIn_Con, FechaFin_Con, Salario, Genero) values ('2St67O1J0PuF', 'Claudia', 'Kidder', 'Dimmne', 'Fair Oaks', '8', '4', 'Odintsovo', '1/27/1991', '10/26/2011', '8/19/2023', 34622.8, 'F');
insert into Veterinario (RFC_Vet, Nombre, ApellidoPat, ApellidoMat, Calle, Num_Ext, Num_Int, Estado, Fecha_Nac, FechaIn_Con, FechaFin_Con, Salario, Genero) values ('83e0713Q5Ht3', 'Ricardo', 'Tessier', 'Margetson', 'Victoria', '13688', '11739', 'Ulluaya', '9/19/1994', '12/10/2017', '4/29/2023', 30002.58, 'M');
insert into Veterinario (RFC_Vet, Nombre, ApellidoPat, ApellidoMat, Calle, Num_Ext, Num_Int, Estado, Fecha_Nac, FechaIn_Con, FechaFin_Con, Salario, Genero) values ('93rG037Q816w', 'Haroun', 'Enright', 'Yuille', 'Pierstorff', '507', '5', 'Zhiletovo', '1/25/1991', '2/6/2019', '7/28/2024', 21533.73, 'M');
insert into Veterinario (RFC_Vet, Nombre, ApellidoPat, ApellidoMat, Calle, Num_Ext, Num_Int, Estado, Fecha_Nac, FechaIn_Con, FechaFin_Con, Salario, Genero) values ('06a52jKFacp4', 'Molly', 'Facher', 'Cheese', 'Fieldstone', '20467', '70', 'Dieppe', '9/24/1998', '5/21/2014', '9/27/2024', 26972.04, 'F');
insert into Veterinario (RFC_Vet, Nombre, ApellidoPat, ApellidoMat, Calle, Num_Ext, Num_Int, Estado, Fecha_Nac, FechaIn_Con, FechaFin_Con, Salario, Genero) values ('Lte1kdo10bEi', 'Eb', 'Cammocke', 'Greatbatch', 'Roth', '10797', '466', 'Miandrarivo', '8/9/1991', '4/4/2022', '12/23/2023', 37167.17, 'M');
insert into Veterinario (RFC_Vet, Nombre, ApellidoPat, ApellidoMat, Calle, Num_Ext, Num_Int, Estado, Fecha_Nac, FechaIn_Con, FechaFin_Con, Salario, Genero) values ('6NyIs9Lir1yv', 'Teresita', 'Escritt', 'Poltone', 'Shasta', '53459', '557', 'Shawnee Mission', '1/17/1994', '12/7/2014', '4/11/2024', 4874.44, 'F');
insert into Veterinario (RFC_Vet, Nombre, ApellidoPat, ApellidoMat, Calle, Num_Ext, Num_Int, Estado, Fecha_Nac, FechaIn_Con, FechaFin_Con, Salario, Genero) values ('lIb5SK577I1w', 'Elbertina', 'Blackway', 'Barefoot', 'Wayridge', '77200', '94', 'Carcassonne', '9/6/2002', '10/29/2014', '9/12/2024', 38273.17, 'F');
insert into Veterinario (RFC_Vet, Nombre, ApellidoPat, ApellidoMat, Calle, Num_Ext, Num_Int, Estado, Fecha_Nac, FechaIn_Con, FechaFin_Con, Salario, Genero) values ('gqRUV4BH8D2c', 'Hi', 'Hobden', 'Rollin', 'Garrison', '1935', '428', 'Chaowai', '10/31/1980', '7/1/2013', '7/14/2024', 15867.2, 'M');
insert into Veterinario (RFC_Vet, Nombre, ApellidoPat, ApellidoMat, Calle, Num_Ext, Num_Int, Estado, Fecha_Nac, FechaIn_Con, FechaFin_Con, Salario, Genero) values ('3LcWji95ON5i', 'Tabby', 'Garlant', 'Eakeley', 'Meadow Ridge', '2875', '8', 'Yongjiu', '5/15/1993', '8/18/2011', '9/3/2024', 24533.41, 'M');
insert into Veterinario (RFC_Vet, Nombre, ApellidoPat, ApellidoMat, Calle, Num_Ext, Num_Int, Estado, Fecha_Nac, FechaIn_Con, FechaFin_Con, Salario, Genero) values ('bK34YNVIQOcp', 'Baldwin', 'Scopham', 'Kelmere', 'Crowley', '811', '8561', 'Mérignac', '10/8/1991', '3/31/2016', '8/19/2023', 34200.5, 'M');
insert into Veterinario (RFC_Vet, Nombre, ApellidoPat, ApellidoMat, Calle, Num_Ext, Num_Int, Estado, Fecha_Nac, FechaIn_Con, FechaFin_Con, Salario, Genero) values ('1i7aZP3zsuQk', 'Bunny', 'Gogay', 'Chapellow', 'Melvin', '25', '32', 'Potrerillos Arriba', '9/4/1993', '10/13/2011', '10/14/2023', 39282.9, 'F');
insert into Veterinario (RFC_Vet, Nombre, ApellidoPat, ApellidoMat, Calle, Num_Ext, Num_Int, Estado, Fecha_Nac, FechaIn_Con, FechaFin_Con, Salario, Genero) values ('882w200YSK1g', 'Lonnie', 'Tyrone', 'Levermore', 'Butterfield', '4103', '5615', 'Uba', '11/5/1971', '5/18/2016', '4/10/2023', 36700.1, 'F');
insert into Veterinario (RFC_Vet, Nombre, ApellidoPat, ApellidoMat, Calle, Num_Ext, Num_Int, Estado, Fecha_Nac, FechaIn_Con, FechaFin_Con, Salario, Genero) values ('BKQPWE53464W', 'Robb', 'Wyer', 'Gladbach', 'Morrow', '9978', '3208', 'Gayle', '11/28/1980', '5/3/2016', '3/15/2023', 3977.04, 'M');
insert into Veterinario (RFC_Vet, Nombre, ApellidoPat, ApellidoMat, Calle, Num_Ext, Num_Int, Estado, Fecha_Nac, FechaIn_Con, FechaFin_Con, Salario, Genero) values ('pb3rRdoEw050', 'Lucais', 'Gallihaulk', 'Pinnell', 'Mockingbird', '956', '936', 'Seremban', '7/23/1987', '3/4/2022', '8/10/2023', 23098.94, 'M');
insert into Veterinario (RFC_Vet, Nombre, ApellidoPat, ApellidoMat, Calle, Num_Ext, Num_Int, Estado, Fecha_Nac, FechaIn_Con, FechaFin_Con, Salario, Genero) values ('yP2V65TznMrW', 'Caryl', 'Bythell', 'Strete', 'Kinsman', '5811', '9', 'Gamut', '6/1/1987', '9/5/2014', '7/31/2023', 18636.6, 'F');
insert into Veterinario (RFC_Vet, Nombre, ApellidoPat, ApellidoMat, Calle, Num_Ext, Num_Int, Estado, Fecha_Nac, FechaIn_Con, FechaFin_Con, Salario, Genero) values ('4ADigFFZ75Wu', 'Hilary', 'Oldale', 'Sains', 'Clarendon', '6', '50874', 'Al ‘Ashshah', '6/3/1999', '3/25/2020', '8/20/2023', 35718.32, 'F');
insert into Veterinario (RFC_Vet, Nombre, ApellidoPat, ApellidoMat, Calle, Num_Ext, Num_Int, Estado, Fecha_Nac, FechaIn_Con, FechaFin_Con, Salario, Genero) values ('Tok66IK8ZRT6', 'Happy', 'Butten', 'Salandino', 'Loomis', '2508', '0', 'Linköping', '3/14/1998', '12/15/2013', '2/7/2024', 38257.16, 'F');
insert into Veterinario (RFC_Vet, Nombre, ApellidoPat, ApellidoMat, Calle, Num_Ext, Num_Int, Estado, Fecha_Nac, FechaIn_Con, FechaFin_Con, Salario, Genero) values ('aKeDW2Rxq9R0', 'Dee', 'Hurlin', 'Birchenhead', 'Wayridge', '94841', '845', 'Sucun', '4/22/1994', '5/23/2015', '3/9/2023', 38160.65, 'F');
insert into Veterinario (RFC_Vet, Nombre, ApellidoPat, ApellidoMat, Calle, Num_Ext, Num_Int, Estado, Fecha_Nac, FechaIn_Con, FechaFin_Con, Salario, Genero) values ('p4L6zA2s07uG', 'Ansley', 'Minear', 'Aylmore', 'Hoepker', '7', '91939', 'San Jerónimo', '3/14/1971', '1/16/2013', '2/1/2023', 11291.5, 'F');
insert into Veterinario (RFC_Vet, Nombre, ApellidoPat, ApellidoMat, Calle, Num_Ext, Num_Int, Estado, Fecha_Nac, FechaIn_Con, FechaFin_Con, Salario, Genero) values ('IZar8k65TrJ1', 'Dani', 'Flute', 'Dotterill', 'Glacier Hill', '0', '6', 'Saint-Jean-de-Monts', '8/23/1979', '7/16/2016', '4/11/2023', 8629.63, 'M');
insert into Veterinario (RFC_Vet, Nombre, ApellidoPat, ApellidoMat, Calle, Num_Ext, Num_Int, Estado, Fecha_Nac, FechaIn_Con, FechaFin_Con, Salario, Genero) values ('GN7jwa6OEqK6', 'Son', 'Rounsivall', 'Jedrysik', 'Northview', '740', '6820', 'Minji', '7/30/1992', '7/18/2020', '11/16/2023', 21254.62, 'M');
insert into Veterinario (RFC_Vet, Nombre, ApellidoPat, ApellidoMat, Calle, Num_Ext, Num_Int, Estado, Fecha_Nac, FechaIn_Con, FechaFin_Con, Salario, Genero) values ('aYobUFOThcMd', 'Priscella', 'de Mullett', 'Paulson', 'Anzinger', '0', '2403', 'Ropa', '1/12/1982', '6/7/2016', '6/3/2023', 26115.68, 'F');
insert into Veterinario (RFC_Vet, Nombre, ApellidoPat, ApellidoMat, Calle, Num_Ext, Num_Int, Estado, Fecha_Nac, FechaIn_Con, FechaFin_Con, Salario, Genero) values ('8syzo8yt0h93', 'Andre', 'Tweedle', 'Barkley', 'Golf View', '2178', '19', 'Zliten', '10/21/2000', '11/2/2016', '9/4/2023', 31764.92, 'M');
insert into Veterinario (RFC_Vet, Nombre, ApellidoPat, ApellidoMat, Calle, Num_Ext, Num_Int, Estado, Fecha_Nac, FechaIn_Con, FechaFin_Con, Salario, Genero) values ('iQwVw15d24hW', 'Jerald', 'Dome', 'Mebs', 'Hansons', '2', '49594', 'Parion', '12/25/1986', '7/28/2019', '10/24/2023', 11245.13, 'M');
insert into Veterinario (RFC_Vet, Nombre, ApellidoPat, ApellidoMat, Calle, Num_Ext, Num_Int, Estado, Fecha_Nac, FechaIn_Con, FechaFin_Con, Salario, Genero) values ('8Ds8yuX6q3HJ', 'Vladimir', 'Baszkiewicz', 'Cordeau]', 'Heath', '8366', '405', 'New Shagunnu', '7/19/1977', '11/28/2014', '6/1/2024', 8805.88, 'M');
insert into Veterinario (RFC_Vet, Nombre, ApellidoPat, ApellidoMat, Calle, Num_Ext, Num_Int, Estado, Fecha_Nac, FechaIn_Con, FechaFin_Con, Salario, Genero) values ('6RSP2b41Ib87', 'Doyle', 'Dearness', 'Spaunton', 'Vernon', '1605', '59', 'Ponte', '10/8/1991', '1/16/2017', '1/8/2024', 21025.96, 'M');
insert into Veterinario (RFC_Vet, Nombre, ApellidoPat, ApellidoMat, Calle, Num_Ext, Num_Int, Estado, Fecha_Nac, FechaIn_Con, FechaFin_Con, Salario, Genero) values ('HLZgGzywNxb2', 'Irving', 'Sima', 'Szreter', 'Towne', '77', '9', 'Mogzon', '9/2/1994', '10/5/2018', '10/29/2023', 21822.98, 'M');
insert into Veterinario (RFC_Vet, Nombre, ApellidoPat, ApellidoMat, Calle, Num_Ext, Num_Int, Estado, Fecha_Nac, FechaIn_Con, FechaFin_Con, Salario, Genero) values ('fQgLsMdfzcec', 'Robin', 'Engel', 'Castiglio', 'Mandrake', '1134', '1', 'El Paso', '8/18/2001', '4/3/2019', '8/25/2023', 9498.54, 'M');
insert into Veterinario (RFC_Vet, Nombre, ApellidoPat, ApellidoMat, Calle, Num_Ext, Num_Int, Estado, Fecha_Nac, FechaIn_Con, FechaFin_Con, Salario, Genero) values ('3m38M650Lo19', 'Lazarus', 'Leng', 'Schall', 'Cordelia', '1329', '0870', 'Piraí do Sul', '10/7/1985', '11/18/2015', '7/14/2024', 12182.27, 'M');
insert into Veterinario (RFC_Vet, Nombre, ApellidoPat, ApellidoMat, Calle, Num_Ext, Num_Int, Estado, Fecha_Nac, FechaIn_Con, FechaFin_Con, Salario, Genero) values ('TLCVH493OuI5', 'Berkley', 'Lorraine', 'Shuker', 'Fremont', '3', '08217', 'Dangbigih', '2/5/1970', '11/10/2013', '3/9/2024', 14582.95, 'M');
insert into Veterinario (RFC_Vet, Nombre, ApellidoPat, ApellidoMat, Calle, Num_Ext, Num_Int, Estado, Fecha_Nac, FechaIn_Con, FechaFin_Con, Salario, Genero) values ('OX51G7isZZvi', 'Sergei', 'Thombleson', 'Paule', 'Boyd', '86', '29', 'Moissy-Cramayel', '8/2/1995', '9/25/2017', '6/7/2024', 29566.22, 'M');
insert into Veterinario (RFC_Vet, Nombre, ApellidoPat, ApellidoMat, Calle, Num_Ext, Num_Int, Estado, Fecha_Nac, FechaIn_Con, FechaFin_Con, Salario, Genero) values ('DoF92HxxFnmG', 'Laurens', 'Nardoni', 'McGettigan', 'Lukken', '6040', '4026', 'Tari', '4/19/1989', '8/16/2019', '6/30/2023', 28007.65, 'M');
insert into Veterinario (RFC_Vet, Nombre, ApellidoPat, ApellidoMat, Calle, Num_Ext, Num_Int, Estado, Fecha_Nac, FechaIn_Con, FechaFin_Con, Salario, Genero) values ('Yt7er78U95QX', 'Netti', 'McArley', 'Ricart', 'East', '660', '99', 'Yongxing Chengguanzhen', '5/23/1974', '3/25/2015', '11/22/2023', 11092.73, 'F');
insert into Veterinario (RFC_Vet, Nombre, ApellidoPat, ApellidoMat, Calle, Num_Ext, Num_Int, Estado, Fecha_Nac, FechaIn_Con, FechaFin_Con, Salario, Genero) values ('6UnXDQ2E50ny', 'Xever', 'Birney', 'Bankhurst', 'David', '25056', '3', 'Jeżów Sudecki', '10/22/2002', '3/8/2013', '9/3/2024', 9074.42, 'M');
insert into Veterinario (RFC_Vet, Nombre, ApellidoPat, ApellidoMat, Calle, Num_Ext, Num_Int, Estado, Fecha_Nac, FechaIn_Con, FechaFin_Con, Salario, Genero) values ('sM35Nb9t5obp', 'Betty', 'Leverentz', 'Benet', 'Sycamore', '4859', '3863', 'Sterlibashevo', '3/13/1979', '4/18/2014', '6/28/2024', 18294.21, 'F');
insert into Veterinario (RFC_Vet, Nombre, ApellidoPat, ApellidoMat, Calle, Num_Ext, Num_Int, Estado, Fecha_Nac, FechaIn_Con, FechaFin_Con, Salario, Genero) values ('Qv3W9gHKVKlu', 'Denni', 'Marvelley', 'Genese', 'Commercial', '9', '3', 'Linköping', '11/10/1990', '5/1/2020', '2/15/2023', 31239.9, 'F');
insert into Veterinario (RFC_Vet, Nombre, ApellidoPat, ApellidoMat, Calle, Num_Ext, Num_Int, Estado, Fecha_Nac, FechaIn_Con, FechaFin_Con, Salario, Genero) values ('j64X1MPu74YV', 'Carlin', 'O'' Gara', 'MacInherney', 'Mifflin', '614', '238', 'Lian’an', '7/24/1987', '6/17/2010', '5/25/2024', 14331.55, 'F');
insert into Veterinario (RFC_Vet, Nombre, ApellidoPat, ApellidoMat, Calle, Num_Ext, Num_Int, Estado, Fecha_Nac, FechaIn_Con, FechaFin_Con, Salario, Genero) values ('8177jC7dM8m1', 'Trueman', 'Ceschini', 'Crother', 'Hoffman', '7841', '70', 'Niny', '8/1/1972', '11/1/2019', '1/1/2024', 24860.0, 'M');
insert into Veterinario (RFC_Vet, Nombre, ApellidoPat, ApellidoMat, Calle, Num_Ext, Num_Int, Estado, Fecha_Nac, FechaIn_Con, FechaFin_Con, Salario, Genero) values ('bI58cxI50XbJ', 'Ema', 'Ost', 'Bowering', 'Toban', '402', '39', 'Woniuhe', '10/5/1974', '6/12/2022', '1/23/2024', 11718.48, 'F');
insert into Veterinario (RFC_Vet, Nombre, ApellidoPat, ApellidoMat, Calle, Num_Ext, Num_Int, Estado, Fecha_Nac, FechaIn_Con, FechaFin_Con, Salario, Genero) values ('pC316aE5I5l8', 'Kenton', 'Twigger', 'Morris', 'Helena', '2', '4', 'Kuching', '1/10/2001', '12/18/2019', '5/22/2024', 26341.11, 'M');
insert into Veterinario (RFC_Vet, Nombre, ApellidoPat, ApellidoMat, Calle, Num_Ext, Num_Int, Estado, Fecha_Nac, FechaIn_Con, FechaFin_Con, Salario, Genero) values ('5O3eN5a3Xwqn', 'Yetta', 'Rudeforth', 'Sprules', 'Larry', '89886', '086', 'Kiiminki', '8/12/1987', '8/15/2010', '4/25/2024', 33749.93, 'F');
insert into Veterinario (RFC_Vet, Nombre, ApellidoPat, ApellidoMat, Calle, Num_Ext, Num_Int, Estado, Fecha_Nac, FechaIn_Con, FechaFin_Con, Salario, Genero) values ('7T8H08HOoN5P', 'Yvor', 'Whittenbury', 'Sinnett', 'Packers', '4739', '680', 'Arroio Grande', '7/19/1982', '10/21/2011', '4/8/2023', 22406.95, 'M');
insert into Veterinario (RFC_Vet, Nombre, ApellidoPat, ApellidoMat, Calle, Num_Ext, Num_Int, Estado, Fecha_Nac, FechaIn_Con, FechaFin_Con, Salario, Genero) values ('ufn8a7fnD3a4', 'Gracia', 'Gemlbett', 'Perone', '6th', '9496', '9', 'Mafa', '4/3/1982', '3/31/2022', '11/4/2023', 24774.74, 'F');
insert into Veterinario (RFC_Vet, Nombre, ApellidoPat, ApellidoMat, Calle, Num_Ext, Num_Int, Estado, Fecha_Nac, FechaIn_Con, FechaFin_Con, Salario, Genero) values ('LWAyo2G7dE82', 'Carolynn', 'Emblen', 'Mirralls', 'Golf View', '00', '3', 'Uppsala', '10/13/1993', '4/3/2018', '7/11/2023', 31311.0, 'F');
insert into Veterinario (RFC_Vet, Nombre, ApellidoPat, ApellidoMat, Calle, Num_Ext, Num_Int, Estado, Fecha_Nac, FechaIn_Con, FechaFin_Con, Salario, Genero) values ('5x47ra60rJBg', 'Leland', 'Colqueran', 'Dunniom', 'Warbler', '7871', '8547', 'Arrentela', '9/9/1990', '3/8/2018', '3/22/2023', 36164.59, 'F');
insert into Veterinario (RFC_Vet, Nombre, ApellidoPat, ApellidoMat, Calle, Num_Ext, Num_Int, Estado, Fecha_Nac, FechaIn_Con, FechaFin_Con, Salario, Genero) values ('IT2lkSH7So5E', 'Dasya', 'Lobley', 'Tuttle', 'Sundown', '1', '3699', 'Venustiano Carranza', '2/1/1998', '4/21/2017', '11/1/2024', 13773.12, 'F');
insert into Veterinario (RFC_Vet, Nombre, ApellidoPat, ApellidoMat, Calle, Num_Ext, Num_Int, Estado, Fecha_Nac, FechaIn_Con, FechaFin_Con, Salario, Genero) values ('27619S7i1IKB', 'Guillemette', 'Liddyard', 'O''Sheerin', 'Mosinee', '3944', '745', 'Madala', '9/26/1989', '10/3/2018', '9/30/2023', 23549.18, 'F');
insert into Veterinario (RFC_Vet, Nombre, ApellidoPat, ApellidoMat, Calle, Num_Ext, Num_Int, Estado, Fecha_Nac, FechaIn_Con, FechaFin_Con, Salario, Genero) values ('N98Wy4p8oH9H', 'Lezlie', 'Griffithe', 'MacGaffey', 'Orin', '5855', '7', 'Péfki', '9/25/1990', '3/1/2010', '6/9/2023', 27085.63, 'F');
insert into Veterinario (RFC_Vet, Nombre, ApellidoPat, ApellidoMat, Calle, Num_Ext, Num_Int, Estado, Fecha_Nac, FechaIn_Con, FechaFin_Con, Salario, Genero) values ('44iZbB23V1g6', 'Karna', 'Jane', 'Bullier', 'Rutledge', '22', '5703', 'Kawanoechō', '1/30/1992', '3/26/2021', '11/24/2023', 20190.81, 'F');
insert into Veterinario (RFC_Vet, Nombre, ApellidoPat, ApellidoMat, Calle, Num_Ext, Num_Int, Estado, Fecha_Nac, FechaIn_Con, FechaFin_Con, Salario, Genero) values ('8KOOz01edTR1', 'Rog', 'Ivie', 'Kneaphsey', 'Tomscot', '19', '337', 'Kamo', '12/9/1971', '2/8/2020', '8/10/2023', 13583.82, 'M');
insert into Veterinario (RFC_Vet, Nombre, ApellidoPat, ApellidoMat, Calle, Num_Ext, Num_Int, Estado, Fecha_Nac, FechaIn_Con, FechaFin_Con, Salario, Genero) values ('nR816n3KFlDq', 'Kareem', 'Yellep', 'Painswick', 'Corscot', '6', '13', 'Newbiggin', '5/22/2000', '9/29/2022', '1/24/2024', 21257.68, 'M');
insert into Veterinario (RFC_Vet, Nombre, ApellidoPat, ApellidoMat, Calle, Num_Ext, Num_Int, Estado, Fecha_Nac, FechaIn_Con, FechaFin_Con, Salario, Genero) values ('MCT9OW8y3Z8o', 'Kermit', 'McLenaghan', 'Burburough', 'Hayes', '6573', '11334', 'San Agustin', '4/11/1975', '3/19/2020', '7/12/2024', 15641.16, 'M');
insert into Veterinario (RFC_Vet, Nombre, ApellidoPat, ApellidoMat, Calle, Num_Ext, Num_Int, Estado, Fecha_Nac, FechaIn_Con, FechaFin_Con, Salario, Genero) values ('ah357sY4595p', 'Joey', 'De Bruin', 'Watford', 'Florence', '2', '59', 'Villeneuve-la-Garenne', '12/24/1998', '8/12/2014', '11/10/2024', 8046.49, 'M');
insert into Veterinario (RFC_Vet, Nombre, ApellidoPat, ApellidoMat, Calle, Num_Ext, Num_Int, Estado, Fecha_Nac, FechaIn_Con, FechaFin_Con, Salario, Genero) values ('LMc9VWiEeNgV', 'Hamnet', 'France', 'Ixor', 'Nancy', '949', '17740', 'Xuling', '4/2/1970', '3/25/2018', '3/22/2024', 21419.58, 'M');
insert into Veterinario (RFC_Vet, Nombre, ApellidoPat, ApellidoMat, Calle, Num_Ext, Num_Int, Estado, Fecha_Nac, FechaIn_Con, FechaFin_Con, Salario, Genero) values ('Ll533u5xCDK6', 'Corby', 'Verne', 'Tassell', 'Banding', '03634', '06', 'Mene de Mauroa', '9/17/1998', '3/17/2017', '12/18/2023', 37054.92, 'M');
insert into Veterinario (RFC_Vet, Nombre, ApellidoPat, ApellidoMat, Calle, Num_Ext, Num_Int, Estado, Fecha_Nac, FechaIn_Con, FechaFin_Con, Salario, Genero) values ('EQTsOdzpdpw1', 'Muhammad', 'Sambeck', 'Vasilischev', 'Artisan', '3990', '21', 'Pokrovka', '8/30/1989', '11/20/2014', '7/26/2023', 18056.77, 'M');
insert into Veterinario (RFC_Vet, Nombre, ApellidoPat, ApellidoMat, Calle, Num_Ext, Num_Int, Estado, Fecha_Nac, FechaIn_Con, FechaFin_Con, Salario, Genero) values ('ZJwBG3GGTEkO', 'Bryn', 'Glinde', 'Foye', 'American', '274', '6', 'Kaz', '4/3/1980', '1/31/2018', '6/20/2023', 37062.33, 'F');
insert into Veterinario (RFC_Vet, Nombre, ApellidoPat, ApellidoMat, Calle, Num_Ext, Num_Int, Estado, Fecha_Nac, FechaIn_Con, FechaFin_Con, Salario, Genero) values ('MsDs1A48KhX7', 'Geoff', 'Langmead', 'Esplin', 'Northland', '31358', '9253', 'Angkup', '10/10/1998', '5/11/2020', '4/8/2024', 29218.47, 'M');
insert into Veterinario (RFC_Vet, Nombre, ApellidoPat, ApellidoMat, Calle, Num_Ext, Num_Int, Estado, Fecha_Nac, FechaIn_Con, FechaFin_Con, Salario, Genero) values ('1qQ6NHQxVBs7', 'Dame', 'Ladlow', 'Trowel', 'Lindbergh', '5', '49086', 'Catarman', '2/3/1973', '12/25/2020', '8/29/2023', 10800.09, 'M');
insert into Veterinario (RFC_Vet, Nombre, ApellidoPat, ApellidoMat, Calle, Num_Ext, Num_Int, Estado, Fecha_Nac, FechaIn_Con, FechaFin_Con, Salario, Genero) values ('tTTr01K894BK', 'Amory', 'Canto', 'Aiton', 'Blaine', '7', '91', 'Nanying', '3/13/1971', '12/12/2017', '1/3/2024', 4788.12, 'M');

--TABLA ESPECIALIDAD

insert into especialidad (Especialidad, RFC_Vet) values ('Especialidad en Animales Exóticos', '0Gb3Sp6iRO7X');
insert into especialidad (Especialidad, RFC_Vet) values ('Especialidad en Animales de Granja', 'I16QYx61Hna6');
insert into especialidad (Especialidad, RFC_Vet) values ('Especialidad en Animales de Granja', 'eT8M7HrYQV6V');
insert into especialidad (Especialidad, RFC_Vet) values ('Especialidad en Animales de Caza', 'knHD6SNm0iDC');
insert into especialidad (Especialidad, RFC_Vet) values ('Especialidad en Animales Marinos', 'Kc7XT3aFB9WT');
insert into especialidad (Especialidad, RFC_Vet) values ('Especialidad en Animales de Caza', 'n421U00eEXJr');
insert into especialidad (Especialidad, RFC_Vet) values ('Especialidad en Animales de Zoológico', 'vQlZACs5UlbW');
insert into especialidad (Especialidad, RFC_Vet) values ('Especialidad en Fauna Silvestre', '2BdKKKU8bXh6');
insert into especialidad (Especialidad, RFC_Vet) values ('Especialidad en Fauna Silvestre', '2q2zK4ExUn9J');
insert into especialidad (Especialidad, RFC_Vet) values ('Especialidad en Reptiles y Anfibios', 'wAYGxOJ7jN6G');
insert into especialidad (Especialidad, RFC_Vet) values ('Especialidad en Felinos', 'LHbaGBqz3128');
insert into especialidad (Especialidad, RFC_Vet) values ('Especialidad en Animales de Compañía', '44xi740IxfXX');
insert into especialidad (Especialidad, RFC_Vet) values ('Especialidad en Fauna Silvestre', 'i6O954OQXjzq');
insert into especialidad (Especialidad, RFC_Vet) values ('Especialidad en Reptiles y Anfibios', '5V2fZ86F06k6');
insert into especialidad (Especialidad, RFC_Vet) values ('Especialidad en Animales Domésticos', '9pTnOPtPdp3p');
insert into especialidad (Especialidad, RFC_Vet) values ('Especialidad en Animales de Zoológico', 'Gt6s1MtMGaw0');
insert into especialidad (Especialidad, RFC_Vet) values ('Especialidad en Roedores y Pequeños Mamíferos', '3W7nrCook4pG');
insert into especialidad (Especialidad, RFC_Vet) values ('Especialidad en Animales Domésticos', 'Z3njLXiDjQR5');
insert into especialidad (Especialidad, RFC_Vet) values ('Especialidad en Roedores y Pequeños Mamíferos', 'Sp6eoJN8qm9S');
insert into especialidad (Especialidad, RFC_Vet) values ('Especialidad en Ovinos y Caprinos', 'tJMXvrUtzSN7');
insert into especialidad (Especialidad, RFC_Vet) values ('Especialidad en Animales Exóticos', 'Tio1ZjyCp1OB');
insert into especialidad (Especialidad, RFC_Vet) values ('Especialidad en Animales de Caza', '8z3SKH6y7GoW');
insert into especialidad (Especialidad, RFC_Vet) values ('Especialidad en Animales Domésticos', 'gn7cQRt81xz4');
insert into especialidad (Especialidad, RFC_Vet) values ('Especialidad en Fauna Silvestre', 'nnwx66eX5y2i');
insert into especialidad (Especialidad, RFC_Vet) values ('Especialidad en Animales de Caza', 'tJ6UQHdOJA0e');
insert into especialidad (Especialidad, RFC_Vet) values ('Especialidad en Animales Marinos', 'N5zDKVS4Tk2D');
insert into especialidad (Especialidad, RFC_Vet) values ('Especialidad en Fauna Silvestre', 'rJ2sPhIzHA3f');
insert into especialidad (Especialidad, RFC_Vet) values ('Especialidad en Fauna Silvestre', 'iA37g7YPYyUN');
insert into especialidad (Especialidad, RFC_Vet) values ('Especialidad en Animales de Caza', 'i3LclHOYIo63');
insert into especialidad (Especialidad, RFC_Vet) values ('Especialidad en Animales Domésticos', 'j8N89FP4VK3u');
insert into especialidad (Especialidad, RFC_Vet) values ('Especialidad en Caninos', '0jqqi6PKe1Yd');
insert into especialidad (Especialidad, RFC_Vet) values ('Especialidad en Caninos', 'afkGU37V92jH');
insert into especialidad (Especialidad, RFC_Vet) values ('Especialidad en Fauna Silvestre', 'on6o7El1mWWP');
insert into especialidad (Especialidad, RFC_Vet) values ('Especialidad en Reptiles y Anfibios', 'tMXkZIM97Mb0');
insert into especialidad (Especialidad, RFC_Vet) values ('Especialidad en Ganado Bovino', 'i04D0pzmvbcj');
insert into especialidad (Especialidad, RFC_Vet) values ('Especialidad en Ganado Bovino', 'PsD46leetA97');
insert into especialidad (Especialidad, RFC_Vet) values ('Especialidad en Animales Domésticos', 'C0xzXACoG00y');
insert into especialidad (Especialidad, RFC_Vet) values ('Especialidad en Caninos', 'Ri7h9Ho8NOf8');
insert into especialidad (Especialidad, RFC_Vet) values ('Especialidad en Animales de Granja', '4oWTqiNKHTVM');
insert into especialidad (Especialidad, RFC_Vet) values ('Especialidad en Animales Domésticos', 'ZvuRVCqsXKK9');
insert into especialidad (Especialidad, RFC_Vet) values ('Especialidad en Animales Marinos', '2St67O1J0PuF');
insert into especialidad (Especialidad, RFC_Vet) values ('Especialidad en Ovinos y Caprinos', '83e0713Q5Ht3');
insert into especialidad (Especialidad, RFC_Vet) values ('Especialidad en Felinos', '93rG037Q816w');
insert into especialidad (Especialidad, RFC_Vet) values ('Especialidad en Caninos', '06a52jKFacp4');
insert into especialidad (Especialidad, RFC_Vet) values ('Especialidad en Animales Domésticos', 'Lte1kdo10bEi');
insert into especialidad (Especialidad, RFC_Vet) values ('Especialidad en Ovinos y Caprinos', '6NyIs9Lir1yv');
insert into especialidad (Especialidad, RFC_Vet) values ('Especialidad en Animales Exóticos', 'lIb5SK577I1w');
insert into especialidad (Especialidad, RFC_Vet) values ('Especialidad en Animales Domésticos', 'gqRUV4BH8D2c');
insert into especialidad (Especialidad, RFC_Vet) values ('Especialidad en Ganado Bovino', '3LcWji95ON5i');
insert into especialidad (Especialidad, RFC_Vet) values ('Especialidad en Animales de Granja', 'bK34YNVIQOcp');
insert into especialidad (Especialidad, RFC_Vet) values ('Especialidad en Reptiles y Anfibios', '1i7aZP3zsuQk');
insert into especialidad (Especialidad, RFC_Vet) values ('Especialidad en Animales de Compañía', '882w200YSK1g');
insert into especialidad (Especialidad, RFC_Vet) values ('Especialidad en Animales Exóticos', 'BKQPWE53464W');
insert into especialidad (Especialidad, RFC_Vet) values ('Especialidad en Roedores y Pequeños Mamíferos', 'pb3rRdoEw050');
insert into especialidad (Especialidad, RFC_Vet) values ('Especialidad en Reptiles y Anfibios', 'yP2V65TznMrW');
insert into especialidad (Especialidad, RFC_Vet) values ('Especialidad en Felinos', '4ADigFFZ75Wu');
insert into especialidad (Especialidad, RFC_Vet) values ('Especialidad en Animales de Caza', 'Tok66IK8ZRT6');
insert into especialidad (Especialidad, RFC_Vet) values ('Especialidad en Animales Exóticos', 'aKeDW2Rxq9R0');
insert into especialidad (Especialidad, RFC_Vet) values ('Especialidad en Animales Marinos', 'p4L6zA2s07uG');
insert into especialidad (Especialidad, RFC_Vet) values ('Especialidad en Animales de Granja', 'IZar8k65TrJ1');
insert into especialidad (Especialidad, RFC_Vet) values ('Especialidad en Animales de Caza', 'GN7jwa6OEqK6');
insert into especialidad (Especialidad, RFC_Vet) values ('Especialidad en Animales de Compañía', 'aYobUFOThcMd');
insert into especialidad (Especialidad, RFC_Vet) values ('Especialidad en Animales de Carga ', '8syzo8yt0h93');
insert into especialidad (Especialidad, RFC_Vet) values ('Especialidad en Animales de Caza', 'iQwVw15d24hW');
insert into especialidad (Especialidad, RFC_Vet) values ('Especialidad en Aves', '8Ds8yuX6q3HJ');
insert into especialidad (Especialidad, RFC_Vet) values ('Especialidad en Animales de Compañía', '6RSP2b41Ib87');
insert into especialidad (Especialidad, RFC_Vet) values ('Especialidad en Animales de Compañía', 'HLZgGzywNxb2');
insert into especialidad (Especialidad, RFC_Vet) values ('Especialidad en Animales Marinos', 'fQgLsMdfzcec');
insert into especialidad (Especialidad, RFC_Vet) values ('Especialidad en Animales de Carga ', '3m38M650Lo19');
insert into especialidad (Especialidad, RFC_Vet) values ('Especialidad en Animales de Granja', 'TLCVH493OuI5');
insert into especialidad (Especialidad, RFC_Vet) values ('Especialidad en Roedores y Pequeños Mamíferos', 'OX51G7isZZvi');
insert into especialidad (Especialidad, RFC_Vet) values ('Especialidad en Animales de Zoológico', 'DoF92HxxFnmG');
insert into especialidad (Especialidad, RFC_Vet) values ('Especialidad en Caninos', 'Yt7er78U95QX');
insert into especialidad (Especialidad, RFC_Vet) values ('Especialidad en Animales de Carga ', '6UnXDQ2E50ny');
insert into especialidad (Especialidad, RFC_Vet) values ('Especialidad en Animales de Compañía', 'sM35Nb9t5obp');
insert into especialidad (Especialidad, RFC_Vet) values ('Especialidad en Animales de Granja', 'Qv3W9gHKVKlu');
insert into especialidad (Especialidad, RFC_Vet) values ('Especialidad en Reptiles y Anfibios', 'j64X1MPu74YV');
insert into especialidad (Especialidad, RFC_Vet) values ('Especialidad en Ovinos y Caprinos', '8177jC7dM8m1');
insert into especialidad (Especialidad, RFC_Vet) values ('Especialidad en Felinos', 'bI58cxI50XbJ');
insert into especialidad (Especialidad, RFC_Vet) values ('Especialidad en Animales Marinos', 'pC316aE5I5l8');


-- TABLA TELVETERINARIO(MULTIVLUADO)
insert into telVet (RFC_Vet, Tel_Vet) values ('Gt6s1MtMGaw0', '816-454-5160');
insert into telVet (RFC_Vet, Tel_Vet) values ('44iZbB23V1g6', '415-602-5758');
insert into telVet (RFC_Vet, Tel_Vet) values ('2BdKKKU8bXh6', '540-836-6587');
insert into telVet (RFC_Vet, Tel_Vet) values ('j8N89FP4VK3u', '435-573-0503');
insert into telVet (RFC_Vet, Tel_Vet) values ('p4L6zA2s07uG', '756-166-7491');
insert into telVet (RFC_Vet, Tel_Vet) values ('8syzo8yt0h93', '915-738-0627');
insert into telVet (RFC_Vet, Tel_Vet) values ('TLCVH493OuI5', '696-741-2852');
insert into telVet (RFC_Vet, Tel_Vet) values ('j64X1MPu74YV', '718-914-7222');
insert into telVet (RFC_Vet, Tel_Vet) values ('lIb5SK577I1w', '898-759-1166');
insert into telVet (RFC_Vet, Tel_Vet) values ('2St67O1J0PuF', '651-458-9921');
insert into telVet (RFC_Vet, Tel_Vet) values ('DoF92HxxFnmG', '653-798-5626');
insert into telVet (RFC_Vet, Tel_Vet) values ('Tok66IK8ZRT6', '683-297-2005');
insert into telVet (RFC_Vet, Tel_Vet) values ('OX51G7isZZvi', '508-734-7985');
insert into telVet (RFC_Vet, Tel_Vet) values ('bK34YNVIQOcp', '618-530-4046');
insert into telVet (RFC_Vet, Tel_Vet) values ('DoF92HxxFnmG', '936-366-4261');
insert into telVet (RFC_Vet, Tel_Vet) values ('IT2lkSH7So5E', '349-508-7600');
insert into telVet (RFC_Vet, Tel_Vet) values ('Sp6eoJN8qm9S', '781-727-6285');
insert into telVet (RFC_Vet, Tel_Vet) values ('MsDs1A48KhX7', '753-943-9672');
insert into telVet (RFC_Vet, Tel_Vet) values ('eT8M7HrYQV6V', '396-428-0114');
insert into telVet (RFC_Vet, Tel_Vet) values ('Sp6eoJN8qm9S', '522-336-0288');
insert into telVet (RFC_Vet, Tel_Vet) values ('gn7cQRt81xz4', '679-909-2680');
insert into telVet (RFC_Vet, Tel_Vet) values ('882w200YSK1g', '942-979-0707');
insert into telVet (RFC_Vet, Tel_Vet) values ('Tok66IK8ZRT6', '211-918-3858');
insert into telVet (RFC_Vet, Tel_Vet) values ('wAYGxOJ7jN6G', '102-510-3552');
insert into telVet (RFC_Vet, Tel_Vet) values ('Sp6eoJN8qm9S', '224-935-8327');
insert into telVet (RFC_Vet, Tel_Vet) values ('vQlZACs5UlbW', '142-950-8517');
insert into telVet (RFC_Vet, Tel_Vet) values ('DoF92HxxFnmG', '758-119-7463');
insert into telVet (RFC_Vet, Tel_Vet) values ('Ll533u5xCDK6', '748-123-9963');
insert into telVet (RFC_Vet, Tel_Vet) values ('fQgLsMdfzcec', '556-799-0678');
insert into telVet (RFC_Vet, Tel_Vet) values ('bK34YNVIQOcp', '498-694-2913');
insert into telVet (RFC_Vet, Tel_Vet) values ('OX51G7isZZvi', '833-590-6978');
insert into telVet (RFC_Vet, Tel_Vet) values ('tMXkZIM97Mb0', '843-865-4102');
insert into telVet (RFC_Vet, Tel_Vet) values ('Ll533u5xCDK6', '832-970-8817');
insert into telVet (RFC_Vet, Tel_Vet) values ('1i7aZP3zsuQk', '438-378-5305');
insert into telVet (RFC_Vet, Tel_Vet) values ('8syzo8yt0h93', '695-436-9687');
insert into telVet (RFC_Vet, Tel_Vet) values ('tJ6UQHdOJA0e', '345-343-0567');
insert into telVet (RFC_Vet, Tel_Vet) values ('tJ6UQHdOJA0e', '833-975-9758');
insert into telVet (RFC_Vet, Tel_Vet) values ('gqRUV4BH8D2c', '573-826-6062');
insert into telVet (RFC_Vet, Tel_Vet) values ('nR816n3KFlDq', '318-132-5292');
insert into telVet (RFC_Vet, Tel_Vet) values ('3m38M650Lo19', '228-236-2186');
insert into telVet (RFC_Vet, Tel_Vet) values ('N98Wy4p8oH9H', '597-737-7898');
insert into telVet (RFC_Vet, Tel_Vet) values ('pb3rRdoEw050', '218-612-8768');
insert into telVet (RFC_Vet, Tel_Vet) values ('3W7nrCook4pG', '950-340-3409');
insert into telVet (RFC_Vet, Tel_Vet) values ('aKeDW2Rxq9R0', '875-442-1500');
insert into telVet (RFC_Vet, Tel_Vet) values ('3LcWji95ON5i', '485-733-4218');
insert into telVet (RFC_Vet, Tel_Vet) values ('yP2V65TznMrW', '131-995-3164');
insert into telVet (RFC_Vet, Tel_Vet) values ('vQlZACs5UlbW', '667-678-9971');
insert into telVet (RFC_Vet, Tel_Vet) values ('Qv3W9gHKVKlu', '944-258-0368');
insert into telVet (RFC_Vet, Tel_Vet) values ('DoF92HxxFnmG', '305-604-7305');
insert into telVet (RFC_Vet, Tel_Vet) values ('0jqqi6PKe1Yd', '371-731-7754');
insert into telVet (RFC_Vet, Tel_Vet) values ('5x47ra60rJBg', '377-544-1417');
insert into telVet (RFC_Vet, Tel_Vet) values ('2BdKKKU8bXh6', '115-375-9759');
insert into telVet (RFC_Vet, Tel_Vet) values ('IT2lkSH7So5E', '866-612-8125');
insert into telVet (RFC_Vet, Tel_Vet) values ('ZvuRVCqsXKK9', '257-831-1634');
insert into telVet (RFC_Vet, Tel_Vet) values ('ZJwBG3GGTEkO', '345-883-5119');
insert into telVet (RFC_Vet, Tel_Vet) values ('tJMXvrUtzSN7', '712-375-0438');
insert into telVet (RFC_Vet, Tel_Vet) values ('p4L6zA2s07uG', '800-575-2117');
insert into telVet (RFC_Vet, Tel_Vet) values ('tTTr01K894BK', '800-942-6660');
insert into telVet (RFC_Vet, Tel_Vet) values ('p4L6zA2s07uG', '922-470-8953');
insert into telVet (RFC_Vet, Tel_Vet) values ('8KOOz01edTR1', '104-174-0697');
insert into telVet (RFC_Vet, Tel_Vet) values ('aYobUFOThcMd', '635-145-2562');
insert into telVet (RFC_Vet, Tel_Vet) values ('I16QYx61Hna6', '569-653-3048');
insert into telVet (RFC_Vet, Tel_Vet) values ('Gt6s1MtMGaw0', '627-568-2142');
insert into telVet (RFC_Vet, Tel_Vet) values ('06a52jKFacp4', '543-128-9488');
insert into telVet (RFC_Vet, Tel_Vet) values ('Yt7er78U95QX', '157-939-2156');
insert into telVet (RFC_Vet, Tel_Vet) values ('yP2V65TznMrW', '623-102-4946');
insert into telVet (RFC_Vet, Tel_Vet) values ('44xi740IxfXX', '179-255-2918');
insert into telVet (RFC_Vet, Tel_Vet) values ('knHD6SNm0iDC', '570-164-0642');
insert into telVet (RFC_Vet, Tel_Vet) values ('Sp6eoJN8qm9S', '352-916-8759');
insert into telVet (RFC_Vet, Tel_Vet) values ('Z3njLXiDjQR5', '666-664-0161');
insert into telVet (RFC_Vet, Tel_Vet) values ('sM35Nb9t5obp', '669-507-2223');
insert into telVet (RFC_Vet, Tel_Vet) values ('Ri7h9Ho8NOf8', '599-883-7158');
insert into telVet (RFC_Vet, Tel_Vet) values ('Sp6eoJN8qm9S', '230-909-2361');
insert into telVet (RFC_Vet, Tel_Vet) values ('gqRUV4BH8D2c', '598-263-6160');
insert into telVet (RFC_Vet, Tel_Vet) values ('1qQ6NHQxVBs7', '137-960-0800');
insert into telVet (RFC_Vet, Tel_Vet) values ('8177jC7dM8m1', '945-264-5401');
insert into telVet (RFC_Vet, Tel_Vet) values ('Kc7XT3aFB9WT', '939-586-8013');
insert into telVet (RFC_Vet, Tel_Vet) values ('GN7jwa6OEqK6', '506-357-2221');
insert into telVet (RFC_Vet, Tel_Vet) values ('OX51G7isZZvi', '931-195-7587');
insert into telVet (RFC_Vet, Tel_Vet) values ('afkGU37V92jH', '630-525-8010');
insert into telVet (RFC_Vet, Tel_Vet) values ('aKeDW2Rxq9R0', '992-265-8436');
insert into telVet (RFC_Vet, Tel_Vet) values ('5V2fZ86F06k6', '997-837-8721');
insert into telVet (RFC_Vet, Tel_Vet) values ('C0xzXACoG00y', '500-932-1242');
insert into telVet (RFC_Vet, Tel_Vet) values ('6UnXDQ2E50ny', '577-658-4661');
insert into telVet (RFC_Vet, Tel_Vet) values ('3W7nrCook4pG', '800-235-6312');
insert into telVet (RFC_Vet, Tel_Vet) values ('2q2zK4ExUn9J', '250-762-2901');
insert into telVet (RFC_Vet, Tel_Vet) values ('tMXkZIM97Mb0', '115-480-3501');
insert into telVet (RFC_Vet, Tel_Vet) values ('vQlZACs5UlbW', '221-516-8274');
insert into telVet (RFC_Vet, Tel_Vet) values ('Kc7XT3aFB9WT', '507-309-5475');
insert into telVet (RFC_Vet, Tel_Vet) values ('ZvuRVCqsXKK9', '442-943-1506');
insert into telVet (RFC_Vet, Tel_Vet) values ('Gt6s1MtMGaw0', '157-482-9577');
insert into telVet (RFC_Vet, Tel_Vet) values ('iA37g7YPYyUN', '972-504-3441');
insert into telVet (RFC_Vet, Tel_Vet) values ('4oWTqiNKHTVM', '305-808-9740');
insert into telVet (RFC_Vet, Tel_Vet) values ('8syzo8yt0h93', '327-145-3306');
insert into telVet (RFC_Vet, Tel_Vet) values ('n421U00eEXJr', '431-799-3814');
insert into telVet (RFC_Vet, Tel_Vet) values ('27619S7i1IKB', '103-368-6728');
insert into telVet (RFC_Vet, Tel_Vet) values ('8syzo8yt0h93', '383-780-7733');
insert into telVet (RFC_Vet, Tel_Vet) values ('i3LclHOYIo63', '771-319-1223');
insert into telVet (RFC_Vet, Tel_Vet) values ('93rG037Q816w', '896-868-6536');
insert into telVet (RFC_Vet, Tel_Vet) values ('3LcWji95ON5i', '390-302-2950');


-- TABLA CORREOVETERINARIO(MULTIVLUADO)
insert into correoVet (RFC_Vet, Correo_Vet) values ('27619S7i1IKB', 'dpaula0@marriott.com');
insert into correoVet (RFC_Vet, Correo_Vet) values ('2St67O1J0PuF', 'vswindles1@deviantart.com');
insert into correoVet (RFC_Vet, Correo_Vet) values ('2q2zK4ExUn9J', 'mdoorey2@feedburner.com');
insert into correoVet (RFC_Vet, Correo_Vet) values ('i04D0pzmvbcj', 'hschulze3@ycombinator.com');
insert into correoVet (RFC_Vet, Correo_Vet) values ('7T8H08HOoN5P', 'ksnelgar4@chron.com');
insert into correoVet (RFC_Vet, Correo_Vet) values ('93rG037Q816w', 'lstaker5@prlog.org');
insert into correoVet (RFC_Vet, Correo_Vet) values ('06a52jKFacp4', 'olamborn6@github.io');
insert into correoVet (RFC_Vet, Correo_Vet) values ('6NyIs9Lir1yv', 'lshuttell7@utexas.edu');
insert into correoVet (RFC_Vet, Correo_Vet) values ('on6o7El1mWWP', 'cantunez8@a8.net');
insert into correoVet (RFC_Vet, Correo_Vet) values ('bI58cxI50XbJ', 'gunwin9@livejournal.com');
insert into correoVet (RFC_Vet, Correo_Vet) values ('i04D0pzmvbcj', 'gweatherella@netscape.com');
insert into correoVet (RFC_Vet, Correo_Vet) values ('0Gb3Sp6iRO7X', 'ahedneyb@sitemeter.com');
insert into correoVet (RFC_Vet, Correo_Vet) values ('4oWTqiNKHTVM', 'dgathc@unicef.org');
insert into correoVet (RFC_Vet, Correo_Vet) values ('bK34YNVIQOcp', 'jtremontanad@spotify.com');
insert into correoVet (RFC_Vet, Correo_Vet) values ('C0xzXACoG00y', 'pmangeote@bloglovin.com');
insert into correoVet (RFC_Vet, Correo_Vet) values ('6NyIs9Lir1yv', 'rcornilleauf@wired.com');
insert into correoVet (RFC_Vet, Correo_Vet) values ('5x47ra60rJBg', 'cjulyg@flickr.com');
insert into correoVet (RFC_Vet, Correo_Vet) values ('pC316aE5I5l8', 'kcalteroneh@mashable.com');
insert into correoVet (RFC_Vet, Correo_Vet) values ('PsD46leetA97', 'gjaneczeki@amazon.co.jp');
insert into correoVet (RFC_Vet, Correo_Vet) values ('iA37g7YPYyUN', 'stownsonj@unblog.fr');
insert into correoVet (RFC_Vet, Correo_Vet) values ('wAYGxOJ7jN6G', 'hmccrackemk@tiny.cc');
insert into correoVet (RFC_Vet, Correo_Vet) values ('N5zDKVS4Tk2D', 'lmyttonl@flavors.me');
insert into correoVet (RFC_Vet, Correo_Vet) values ('OX51G7isZZvi', 'abefroym@eventbrite.com');
insert into correoVet (RFC_Vet, Correo_Vet) values ('5V2fZ86F06k6', 'rconringn@wordpress.org');
insert into correoVet (RFC_Vet, Correo_Vet) values ('yP2V65TznMrW', 'habramamovho@qq.com');
insert into correoVet (RFC_Vet, Correo_Vet) values ('BKQPWE53464W', 'mtimmermannp@miitbeian.gov.cn');
insert into correoVet (RFC_Vet, Correo_Vet) values ('Kc7XT3aFB9WT', 'kschoenrockq@wikimedia.org');
insert into correoVet (RFC_Vet, Correo_Vet) values ('8KOOz01edTR1', 'mkorlatr@twitter.com');
insert into correoVet (RFC_Vet, Correo_Vet) values ('83e0713Q5Ht3', 'tcooplands@smugmug.com');
insert into correoVet (RFC_Vet, Correo_Vet) values ('i3LclHOYIo63', 'echatt@imdb.com');
insert into correoVet (RFC_Vet, Correo_Vet) values ('Kc7XT3aFB9WT', 'ebraisbyu@storify.com');
insert into correoVet (RFC_Vet, Correo_Vet) values ('4oWTqiNKHTVM', 'ssandercroftv@constantcontact.com');
insert into correoVet (RFC_Vet, Correo_Vet) values ('8177jC7dM8m1', 'vbigglestonew@psu.edu');
insert into correoVet (RFC_Vet, Correo_Vet) values ('MCT9OW8y3Z8o', 'otousyx@lulu.com');
insert into correoVet (RFC_Vet, Correo_Vet) values ('2q2zK4ExUn9J', 'fpenninoy@si.edu');
insert into correoVet (RFC_Vet, Correo_Vet) values ('8Ds8yuX6q3HJ', 'slaughtonz@dailymail.co.uk');
insert into correoVet (RFC_Vet, Correo_Vet) values ('882w200YSK1g', 'mlannen10@facebook.com');
insert into correoVet (RFC_Vet, Correo_Vet) values ('IZar8k65TrJ1', 'nblease11@washington.edu');
insert into correoVet (RFC_Vet, Correo_Vet) values ('44xi740IxfXX', 'sbelvard12@java.com');
insert into correoVet (RFC_Vet, Correo_Vet) values ('3W7nrCook4pG', 'mmoreing13@stanford.edu');
insert into correoVet (RFC_Vet, Correo_Vet) values ('tTTr01K894BK', 'cbigrigg14@yellowbook.com');
insert into correoVet (RFC_Vet, Correo_Vet) values ('ZJwBG3GGTEkO', 'glanger15@ihg.com');
insert into correoVet (RFC_Vet, Correo_Vet) values ('MsDs1A48KhX7', 'hince16@sourceforge.net');
insert into correoVet (RFC_Vet, Correo_Vet) values ('gn7cQRt81xz4', 'cmanueau17@freewebs.com');
insert into correoVet (RFC_Vet, Correo_Vet) values ('Ll533u5xCDK6', 'ijakeman18@globo.com');
insert into correoVet (RFC_Vet, Correo_Vet) values ('Z3njLXiDjQR5', 'gionn19@kickstarter.com');
insert into correoVet (RFC_Vet, Correo_Vet) values ('Lte1kdo10bEi', 'amaccosto1a@miitbeian.gov.cn');
insert into correoVet (RFC_Vet, Correo_Vet) values ('06a52jKFacp4', 'ddruitt1b@wikia.com');
insert into correoVet (RFC_Vet, Correo_Vet) values ('nR816n3KFlDq', 'lhowat1c@cam.ac.uk');
insert into correoVet (RFC_Vet, Correo_Vet) values ('4ADigFFZ75Wu', 'mbreedy1d@nbcnews.com');
insert into correoVet (RFC_Vet, Correo_Vet) values ('44iZbB23V1g6', 'sbraferton1e@amazon.co.uk');
insert into correoVet (RFC_Vet, Correo_Vet) values ('6RSP2b41Ib87', 'fhugueville1f@google.ru');
insert into correoVet (RFC_Vet, Correo_Vet) values ('pb3rRdoEw050', 'eoheyne1g@npr.org');
insert into correoVet (RFC_Vet, Correo_Vet) values ('ah357sY4595p', 'kellsbury1h@oakley.com');
insert into correoVet (RFC_Vet, Correo_Vet) values ('MsDs1A48KhX7', 'jhiorn1i@sakura.ne.jp');
insert into correoVet (RFC_Vet, Correo_Vet) values ('2q2zK4ExUn9J', 'jkiffin1j@blinklist.com');
insert into correoVet (RFC_Vet, Correo_Vet) values ('3W7nrCook4pG', 'mleckie1k@xinhuanet.com');
insert into correoVet (RFC_Vet, Correo_Vet) values ('44xi740IxfXX', 'ebeagrie1l@unblog.fr');
insert into correoVet (RFC_Vet, Correo_Vet) values ('PsD46leetA97', 'rcremins1m@creativecommons.org');
insert into correoVet (RFC_Vet, Correo_Vet) values ('knHD6SNm0iDC', 'gmayler1n@yale.edu');
insert into correoVet (RFC_Vet, Correo_Vet) values ('0jqqi6PKe1Yd', 'bfrankum1o@booking.com');
insert into correoVet (RFC_Vet, Correo_Vet) values ('2BdKKKU8bXh6', 'efavell1p@godaddy.com');
insert into correoVet (RFC_Vet, Correo_Vet) values ('j8N89FP4VK3u', 'npaszak1q@devhub.com');
insert into correoVet (RFC_Vet, Correo_Vet) values ('Tok66IK8ZRT6', 'snorrey1r@youku.com');
insert into correoVet (RFC_Vet, Correo_Vet) values ('N5zDKVS4Tk2D', 'kambrogelli1s@myspace.com');
insert into correoVet (RFC_Vet, Correo_Vet) values ('2BdKKKU8bXh6', 'gtisor1t@vkontakte.ru');
insert into correoVet (RFC_Vet, Correo_Vet) values ('93rG037Q816w', 'mtwatt1u@imageshack.us');
insert into correoVet (RFC_Vet, Correo_Vet) values ('fQgLsMdfzcec', 'rwarrington1v@acquirethisname.com');
insert into correoVet (RFC_Vet, Correo_Vet) values ('ZJwBG3GGTEkO', 'cohms1w@hhs.gov');
insert into correoVet (RFC_Vet, Correo_Vet) values ('Lte1kdo10bEi', 'scammish1x@xrea.com');
insert into correoVet (RFC_Vet, Correo_Vet) values ('i3LclHOYIo63', 'shappel1y@elegantthemes.com');
insert into correoVet (RFC_Vet, Correo_Vet) values ('nnwx66eX5y2i', 'dtschierse1z@freewebs.com');
insert into correoVet (RFC_Vet, Correo_Vet) values ('0jqqi6PKe1Yd', 'mdrowsfield20@livejournal.com');
insert into correoVet (RFC_Vet, Correo_Vet) values ('Z3njLXiDjQR5', 'dstrangeways21@desdev.cn');
insert into correoVet (RFC_Vet, Correo_Vet) values ('tTTr01K894BK', 'rhubner22@microsoft.com');
insert into correoVet (RFC_Vet, Correo_Vet) values ('8KOOz01edTR1', 'sbalaam23@cnn.com');
insert into correoVet (RFC_Vet, Correo_Vet) values ('j64X1MPu74YV', 'alefever24@dell.com');
insert into correoVet (RFC_Vet, Correo_Vet) values ('9pTnOPtPdp3p', 'ofowlston25@patch.com');
insert into correoVet (RFC_Vet, Correo_Vet) values ('OX51G7isZZvi', 'aslesser26@oakley.com');
insert into correoVet (RFC_Vet, Correo_Vet) values ('tJMXvrUtzSN7', 'sundrill27@google.de');
insert into correoVet (RFC_Vet, Correo_Vet) values ('6UnXDQ2E50ny', 'tamps28@slideshare.net');
insert into correoVet (RFC_Vet, Correo_Vet) values ('knHD6SNm0iDC', 'vcisneros29@digg.com');
insert into correoVet (RFC_Vet, Correo_Vet) values ('vQlZACs5UlbW', 'ssimkiss2a@nhs.uk');
insert into correoVet (RFC_Vet, Correo_Vet) values ('Qv3W9gHKVKlu', 'bgaughan2b@tripod.com');
insert into correoVet (RFC_Vet, Correo_Vet) values ('8syzo8yt0h93', 'kbrookshaw2c@parallels.com');
insert into correoVet (RFC_Vet, Correo_Vet) values ('IT2lkSH7So5E', 'mbossingham2d@topsy.com');
insert into correoVet (RFC_Vet, Correo_Vet) values ('aYobUFOThcMd', 'cwareham2e@123-reg.co.uk');
insert into correoVet (RFC_Vet, Correo_Vet) values ('IT2lkSH7So5E', 'gmelrose2f@vistaprint.com');
insert into correoVet (RFC_Vet, Correo_Vet) values ('i3LclHOYIo63', 'vquartley2g@dailymotion.com');
insert into correoVet (RFC_Vet, Correo_Vet) values ('tJMXvrUtzSN7', 'mnorledge2h@hud.gov');
insert into correoVet (RFC_Vet, Correo_Vet) values ('pC316aE5I5l8', 'mboner2i@hc360.com');
insert into correoVet (RFC_Vet, Correo_Vet) values ('1i7aZP3zsuQk', 'agibke2j@hp.com');
insert into correoVet (RFC_Vet, Correo_Vet) values ('knHD6SNm0iDC', 'lsander2k@sciencedaily.com');
insert into correoVet (RFC_Vet, Correo_Vet) values ('DoF92HxxFnmG', 'wruter2l@technorati.com');
insert into correoVet (RFC_Vet, Correo_Vet) values ('bI58cxI50XbJ', 'lgerman2m@netvibes.com');
insert into correoVet (RFC_Vet, Correo_Vet) values ('yP2V65TznMrW', 'bsansum2n@bravesites.com');
insert into correoVet (RFC_Vet, Correo_Vet) values ('j64X1MPu74YV', 'aroderham2o@ycombinator.com');
insert into correoVet (RFC_Vet, Correo_Vet) values ('LWAyo2G7dE82', 'rbims2p@upenn.edu');
insert into correoVet (RFC_Vet, Correo_Vet) values ('BKQPWE53464W', 'sdredge2q@hugedomains.com');
insert into correoVet (RFC_Vet, Correo_Vet) values ('Sp6eoJN8qm9S', 'hmeadowcraft2r@squidoo.com');

--BIOMA
insert into bioma (Tipo) values ('Bosque Templado');
insert into bioma (Tipo) values ('Bosque Tropical');
insert into bioma (Tipo) values ('Aviario');
insert into bioma (Tipo) values ('Desierto');
insert into bioma (Tipo) values ('Pastizales');
insert into bioma (Tipo) values ('Tundra');
insert into bioma (Tipo) values ('Sabana');
insert into bioma (Tipo) values ('Pradera');
insert into bioma (Tipo) values ('Franja costera');
insert into bioma (Tipo) values ('Selva');
insert into bioma (Tipo) values ('Manglar');
insert into bioma (Tipo) values ('Taiga');
insert into bioma (Tipo) values ('Estepa');
insert into bioma (Tipo) values ('Chaparral');
insert into bioma (Tipo) values ('Arrecife de Coral');
insert into bioma (Tipo) values ('Pantano');
insert into bioma (Tipo) values ('Bosque de Coníferas');

-- ANIMAL
insert into animal (Id_Animal, Tipo, Especie, Num_Jaula, Nombre, Alimentacion, Sexo, Altura, Peso) values (1, 'Bosque Tropical', 'Panner', 29, 'Arctic fox', 'Nectarívoro', 'F', 41.28, 274.64);
insert into animal (Id_Animal, Tipo, Especie, Num_Jaula, Nombre, Alimentacion, Sexo, Altura, Peso) values (2, 'Selva', 'Guillain', 22, 'Puffin, horned', 'Folívoro', 'M', 99.97, 293.63);
insert into animal (Id_Animal, Tipo, Especie, Num_Jaula, Nombre, Alimentacion, Sexo, Altura, Peso) values (3, 'Manglar', 'Rennebeck', 16, 'Heron, green', 'Frugívoro', 'F', 132.83, 210.05);
insert into animal (Id_Animal, Tipo, Especie, Num_Jaula, Nombre, Alimentacion, Sexo, Altura, Peso) values (4, 'Pantano', 'Wallege', 13, 'Common eland', 'Carnívoro', 'M', 106.67, 48.29);
insert into animal (Id_Animal, Tipo, Especie, Num_Jaula, Nombre, Alimentacion, Sexo, Altura, Peso) values (5, 'Aviario', 'Molines', 3, 'Tawny frogmouth', 'Detritívoro', 'M', 82.14, 96.94);
insert into animal (Id_Animal, Tipo, Especie, Num_Jaula, Nombre, Alimentacion, Sexo, Altura, Peso) values (6, 'Pantano', 'Element', 4, 'Lemur, sportive', 'Piscívoro', 'M', 90.61, 130.73);
insert into animal (Id_Animal, Tipo, Especie, Num_Jaula, Nombre, Alimentacion, Sexo, Altura, Peso) values (7, 'Estepa', 'Exposito', 9, 'Owl, snowy', 'Granívoro', 'M', 80.34, 335.56);
insert into animal (Id_Animal, Tipo, Especie, Num_Jaula, Nombre, Alimentacion, Sexo, Altura, Peso) values (8, 'Tundra', 'Wegenen', 17, 'Goose, spur-winged', 'Omnívoro', 'F', 137.63, 387.11);
insert into animal (Id_Animal, Tipo, Especie, Num_Jaula, Nombre, Alimentacion, Sexo, Altura, Peso) values (9, 'Arrecife de Coral', 'Marciek', 17, 'Wallaby, bennett''s', 'Insectívoro', 'M', 118.18, 261.43);
insert into animal (Id_Animal, Tipo, Especie, Num_Jaula, Nombre, Alimentacion, Sexo, Altura, Peso) values (10, 'Arrecife de Coral', 'Craiker', 19, 'Monkey, bleeding heart', 'Frugívoro', 'F', 27.93, 81.83);
insert into animal (Id_Animal, Tipo, Especie, Num_Jaula, Nombre, Alimentacion, Sexo, Altura, Peso) values (11, 'Bosque de Coníferas', 'Corn', 30, 'Seal, northern elephant', 'Piscívoro', 'M', 147.23, 45.49);
insert into animal (Id_Animal, Tipo, Especie, Num_Jaula, Nombre, Alimentacion, Sexo, Altura, Peso) values (12, 'Taiga', 'Leeman', 29, 'River wallaby', 'Carnívoro', 'M', 117.2, 71.92);
insert into animal (Id_Animal, Tipo, Especie, Num_Jaula, Nombre, Alimentacion, Sexo, Altura, Peso) values (13, 'Desierto', 'Naulty', 9, 'Mourning collared dove', 'Folívoro', 'F', 56.68, 272.5);
insert into animal (Id_Animal, Tipo, Especie, Num_Jaula, Nombre, Alimentacion, Sexo, Altura, Peso) values (14, 'Sabana', 'Semmence', 25, 'Pocket gopher (unidentified)', 'Nectarívoro', 'F', 9.78, 166.08);
insert into animal (Id_Animal, Tipo, Especie, Num_Jaula, Nombre, Alimentacion, Sexo, Altura, Peso) values (15, 'Bosque de Coníferas', 'Merrell', 4, 'Waxbill, violet-eared', 'Insectívoro', 'M', 50.0, 366.32);
insert into animal (Id_Animal, Tipo, Especie, Num_Jaula, Nombre, Alimentacion, Sexo, Altura, Peso) values (16, 'Bosque Templado', 'Atty', 17, 'Cat, tiger', 'Nectarívoro', 'M', 121.21, 335.4);
insert into animal (Id_Animal, Tipo, Especie, Num_Jaula, Nombre, Alimentacion, Sexo, Altura, Peso) values (17, 'Sabana', 'Reisenstein', 22, 'Galapagos hawk', 'Folívoro', 'F', 94.84, 161.52);
insert into animal (Id_Animal, Tipo, Especie, Num_Jaula, Nombre, Alimentacion, Sexo, Altura, Peso) values (18, 'Sabana', 'Etheredge', 15, 'King cormorant', 'Omnívoro', 'F', 124.88, 237.27);
insert into animal (Id_Animal, Tipo, Especie, Num_Jaula, Nombre, Alimentacion, Sexo, Altura, Peso) values (19, 'Manglar', 'Eccles', 5, 'Red howler monkey', 'Folívoro', 'M', 65.42, 105.39);
insert into animal (Id_Animal, Tipo, Especie, Num_Jaula, Nombre, Alimentacion, Sexo, Altura, Peso) values (20, 'Pantano', 'Brugh', 14, 'Emerald green tree boa', 'Insectívoro', 'M', 97.46, 378.4);
insert into animal (Id_Animal, Tipo, Especie, Num_Jaula, Nombre, Alimentacion, Sexo, Altura, Peso) values (21, 'Selva', 'Kordovani', 17, 'Cormorant, flightless', 'Carnívoro', 'M', 30.05, 159.56);
insert into animal (Id_Animal, Tipo, Especie, Num_Jaula, Nombre, Alimentacion, Sexo, Altura, Peso) values (22, 'Pradera', 'Rippingall', 10, 'Tiger snake', 'Frugívoro', 'M', 148.56, 365.74);
insert into animal (Id_Animal, Tipo, Especie, Num_Jaula, Nombre, Alimentacion, Sexo, Altura, Peso) values (23, 'Tundra', 'Micka', 29, 'Grey mouse lemur', 'Insectívoro', 'M', 116.95, 37.11);
insert into animal (Id_Animal, Tipo, Especie, Num_Jaula, Nombre, Alimentacion, Sexo, Altura, Peso) values (24, 'Chaparral', 'Turner', 14, 'Mouflon', 'Piscívoro', 'M', 42.02, 12.64);
insert into animal (Id_Animal, Tipo, Especie, Num_Jaula, Nombre, Alimentacion, Sexo, Altura, Peso) values (25, 'Desierto', 'Adam', 7, 'Roller, lilac-breasted', 'Omnívoro', 'M', 95.4, 172.93);
insert into animal (Id_Animal, Tipo, Especie, Num_Jaula, Nombre, Alimentacion, Sexo, Altura, Peso) values (26, 'Chaparral', 'Braisby', 25, 'Black-capped chickadee', 'Insectívoro', 'M', 99.97, 219.38);
insert into animal (Id_Animal, Tipo, Especie, Num_Jaula, Nombre, Alimentacion, Sexo, Altura, Peso) values (27, 'Manglar', 'Verity', 22, 'Striped dolphin', 'Folívoro', 'F', 13.73, 42.24);
insert into animal (Id_Animal, Tipo, Especie, Num_Jaula, Nombre, Alimentacion, Sexo, Altura, Peso) values (28, 'Tundra', 'Shord', 29, 'Red-tailed cockatoo', 'Omnívoro', 'M', 145.65, 48.96);
insert into animal (Id_Animal, Tipo, Especie, Num_Jaula, Nombre, Alimentacion, Sexo, Altura, Peso) values (29, 'Bosque Templado', 'McCourt', 22, 'Dusky rattlesnake', 'Insectívoro', 'M', 14.55, 155.02);
insert into animal (Id_Animal, Tipo, Especie, Num_Jaula, Nombre, Alimentacion, Sexo, Altura, Peso) values (30, 'Pantano', 'Dilgarno', 20, 'Dog, bush', 'Granívoro', 'F', 53.69, 196.75);
insert into animal (Id_Animal, Tipo, Especie, Num_Jaula, Nombre, Alimentacion, Sexo, Altura, Peso) values (31, 'Bosque Templado', 'Reneke', 24, 'Heron, little', 'Piscívoro', 'M', 10.02, 270.28);
insert into animal (Id_Animal, Tipo, Especie, Num_Jaula, Nombre, Alimentacion, Sexo, Altura, Peso) values (32, 'Bosque Tropical', 'Sigart', 12, 'Red phalarope', 'Nectarívoro', 'F', 115.74, 392.2);
insert into animal (Id_Animal, Tipo, Especie, Num_Jaula, Nombre, Alimentacion, Sexo, Altura, Peso) values (33, 'Selva', 'Dowse', 25, 'Albatross, galapagos', 'Piscívoro', 'M', 72.54, 116.13);
insert into animal (Id_Animal, Tipo, Especie, Num_Jaula, Nombre, Alimentacion, Sexo, Altura, Peso) values (34, 'Desierto', 'De Blase', 7, 'Wild water buffalo', 'Detritívoro', 'F', 106.95, 335.35);
insert into animal (Id_Animal, Tipo, Especie, Num_Jaula, Nombre, Alimentacion, Sexo, Altura, Peso) values (35, 'Sabana', 'Buttfield', 5, 'Arctic lemming', 'Granívoro', 'M', 35.63, 122.16);
insert into animal (Id_Animal, Tipo, Especie, Num_Jaula, Nombre, Alimentacion, Sexo, Altura, Peso) values (36, 'Pradera', 'Mearing', 11, 'Legaan, Monitor (unidentified)', 'Herbívoro', 'M', 27.1, 286.03);
insert into animal (Id_Animal, Tipo, Especie, Num_Jaula, Nombre, Alimentacion, Sexo, Altura, Peso) values (37, 'Taiga', 'Jellis', 17, 'Egyptian cobra', 'Frugívoro', 'F', 75.98, 231.49);
insert into animal (Id_Animal, Tipo, Especie, Num_Jaula, Nombre, Alimentacion, Sexo, Altura, Peso) values (38, 'Arrecife de Coral', 'Thoma', 5, 'Whale, southern right', 'Carnívoro', 'M', 138.69, 314.28);
insert into animal (Id_Animal, Tipo, Especie, Num_Jaula, Nombre, Alimentacion, Sexo, Altura, Peso) values (39, 'Sabana', 'McPeake', 28, 'Teal, hottentot', 'Folívoro', 'M', 50.22, 227.15);
insert into animal (Id_Animal, Tipo, Especie, Num_Jaula, Nombre, Alimentacion, Sexo, Altura, Peso) values (40, 'Aviario', 'Lyness', 3, 'Seal, harbor', 'Omnívoro', 'M', 26.97, 86.14);
insert into animal (Id_Animal, Tipo, Especie, Num_Jaula, Nombre, Alimentacion, Sexo, Altura, Peso) values (41, 'Bosque Tropical', 'Cathie', 30, 'Ring-tailed gecko', 'Folívoro', 'M', 65.73, 318.66);
insert into animal (Id_Animal, Tipo, Especie, Num_Jaula, Nombre, Alimentacion, Sexo, Altura, Peso) values (42, 'Bosque Templado', 'Cridlon', 6, 'Red-winged hawk (unidentified)', 'Herbívoro', 'M', 75.4, 324.82);
insert into animal (Id_Animal, Tipo, Especie, Num_Jaula, Nombre, Alimentacion, Sexo, Altura, Peso) values (43, 'Aviario', 'Beaby', 14, 'Vulture, bengal', 'Detritívoro', 'M', 73.5, 254.47);
insert into animal (Id_Animal, Tipo, Especie, Num_Jaula, Nombre, Alimentacion, Sexo, Altura, Peso) values (44, 'Estepa', 'Tregian', 16, 'Ant (unidentified)', 'Omnívoro', 'F', 123.02, 125.24);
insert into animal (Id_Animal, Tipo, Especie, Num_Jaula, Nombre, Alimentacion, Sexo, Altura, Peso) values (45, 'Selva', 'Ilyunin', 10, 'Olive baboon', 'Folívoro', 'M', 19.9, 216.34);
insert into animal (Id_Animal, Tipo, Especie, Num_Jaula, Nombre, Alimentacion, Sexo, Altura, Peso) values (46, 'Manglar', 'Corfield', 8, 'Wambenger, red-tailed', 'Omnívoro', 'F', 55.13, 31.97);
insert into animal (Id_Animal, Tipo, Especie, Num_Jaula, Nombre, Alimentacion, Sexo, Altura, Peso) values (47, 'Sabana', 'Pressey', 9, 'Mynah, indian', 'Herbívoro', 'F', 92.06, 83.17);
insert into animal (Id_Animal, Tipo, Especie, Num_Jaula, Nombre, Alimentacion, Sexo, Altura, Peso) values (48, 'Bosque Tropical', 'Enriques', 30, 'Trotter, lily', 'Folívoro', 'F', 133.26, 389.05);
insert into animal (Id_Animal, Tipo, Especie, Num_Jaula, Nombre, Alimentacion, Sexo, Altura, Peso) values (49, 'Manglar', 'Nanuccioi', 3, 'Jackal, black-backed', 'Nectarívoro', 'F', 96.8, 391.03);
insert into animal (Id_Animal, Tipo, Especie, Num_Jaula, Nombre, Alimentacion, Sexo, Altura, Peso) values (50, 'Pastizales', 'Pringour', 1, 'Badger, honey', 'Detritívoro', 'F', 121.81, 230.8);
insert into animal (Id_Animal, Tipo, Especie, Num_Jaula, Nombre, Alimentacion, Sexo, Altura, Peso) values (51, 'Bosque Templado', 'Hexum', 24, 'Corella, long-billed', 'Insectívoro', 'M', 14.01, 147.75);
insert into animal (Id_Animal, Tipo, Especie, Num_Jaula, Nombre, Alimentacion, Sexo, Altura, Peso) values (52, 'Manglar', 'Manby', 23, 'Greater blue-eared starling', 'Carnívoro', 'F', 74.66, 143.48);
insert into animal (Id_Animal, Tipo, Especie, Num_Jaula, Nombre, Alimentacion, Sexo, Altura, Peso) values (53, 'Chaparral', 'London', 21, 'Moccasin, water', 'Omnívoro', 'F', 32.0, 198.74);
insert into animal (Id_Animal, Tipo, Especie, Num_Jaula, Nombre, Alimentacion, Sexo, Altura, Peso) values (54, 'Pantano', 'Ablewhite', 6, 'Ring-tailed gecko', 'Folívoro', 'F', 2.0, 195.67);
insert into animal (Id_Animal, Tipo, Especie, Num_Jaula, Nombre, Alimentacion, Sexo, Altura, Peso) values (55, 'Chaparral', 'Witz', 8, 'Mudskipper (unidentified)', 'Insectívoro', 'M', 115.03, 352.53);
insert into animal (Id_Animal, Tipo, Especie, Num_Jaula, Nombre, Alimentacion, Sexo, Altura, Peso) values (56, 'Manglar', 'Hansana', 14, 'Monster, gila', 'Folívoro', 'F', 7.11, 213.41);
insert into animal (Id_Animal, Tipo, Especie, Num_Jaula, Nombre, Alimentacion, Sexo, Altura, Peso) values (57, 'Pantano', 'Garrod', 16, 'Salmon pink bird eater tarantula', 'Detritívoro', 'F', 75.52, 69.31);
insert into animal (Id_Animal, Tipo, Especie, Num_Jaula, Nombre, Alimentacion, Sexo, Altura, Peso) values (58, 'Pradera', 'Grodden', 4, 'Crane, stanley', 'Omnívoro', 'M', 51.86, 378.41);
insert into animal (Id_Animal, Tipo, Especie, Num_Jaula, Nombre, Alimentacion, Sexo, Altura, Peso) values (59, 'Taiga', 'Blindmann', 13, 'Opossum, american virginia', 'Insectívoro', 'F', 40.05, 261.37);
insert into animal (Id_Animal, Tipo, Especie, Num_Jaula, Nombre, Alimentacion, Sexo, Altura, Peso) values (60, 'Bosque de Coníferas', 'Redfield', 1, 'Desert spiny lizard', 'Carnívoro', 'M', 91.11, 116.03);
insert into animal (Id_Animal, Tipo, Especie, Num_Jaula, Nombre, Alimentacion, Sexo, Altura, Peso) values (61, 'Sabana', 'Ghion', 16, 'Cat, ringtail', 'Omnívoro', 'M', 33.59, 29.78);
insert into animal (Id_Animal, Tipo, Especie, Num_Jaula, Nombre, Alimentacion, Sexo, Altura, Peso) values (62, 'Bosque Templado', 'Gambie', 11, 'Silver-backed fox', 'Carnívoro', 'M', 50.04, 108.56);
insert into animal (Id_Animal, Tipo, Especie, Num_Jaula, Nombre, Alimentacion, Sexo, Altura, Peso) values (63, 'Pastizales', 'Harome', 23, 'Goat, mountain', 'Piscívoro', 'M', 31.73, 388.55);
insert into animal (Id_Animal, Tipo, Especie, Num_Jaula, Nombre, Alimentacion, Sexo, Altura, Peso) values (64, 'Bosque Templado', 'Radford', 17, 'Peregrine falcon', 'Detritívoro', 'F', 43.58, 259.14);
insert into animal (Id_Animal, Tipo, Especie, Num_Jaula, Nombre, Alimentacion, Sexo, Altura, Peso) values (65, 'Bosque Tropical', 'Alecock', 30, 'Plains zebra', 'Herbívoro', 'M', 75.75, 389.07);
insert into animal (Id_Animal, Tipo, Especie, Num_Jaula, Nombre, Alimentacion, Sexo, Altura, Peso) values (66, 'Bosque Tropical', 'Martusov', 30, 'Finch, common melba', 'Insectívoro', 'F', 77.82, 53.25);
insert into animal (Id_Animal, Tipo, Especie, Num_Jaula, Nombre, Alimentacion, Sexo, Altura, Peso) values (67, 'Selva', 'Cappell', 17, 'Turkey, australian brush', 'Carnívoro', 'F', 91.81, 270.29);
insert into animal (Id_Animal, Tipo, Especie, Num_Jaula, Nombre, Alimentacion, Sexo, Altura, Peso) values (68, 'Taiga', 'Cleaves', 8, 'Skua, great', 'Herbívoro', 'F', 50.06, 46.32);
insert into animal (Id_Animal, Tipo, Especie, Num_Jaula, Nombre, Alimentacion, Sexo, Altura, Peso) values (69, 'Aviario', 'Beardwood', 12, 'Stork, saddle-billed', 'Herbívoro', 'F', 148.98, 6.97);
insert into animal (Id_Animal, Tipo, Especie, Num_Jaula, Nombre, Alimentacion, Sexo, Altura, Peso) values (70, 'Aviario', 'Copsey', 14, 'Cat, native', 'Piscívoro', 'M', 30.78, 323.73);
insert into animal (Id_Animal, Tipo, Especie, Num_Jaula, Nombre, Alimentacion, Sexo, Altura, Peso) values (71, 'Arrecife de Coral', 'Reynold', 14, 'Common dolphin', 'Herbívoro', 'F', 27.79, 35.38);
insert into animal (Id_Animal, Tipo, Especie, Num_Jaula, Nombre, Alimentacion, Sexo, Altura, Peso) values (72, 'Pradera', 'Saunderson', 13, 'Tortoise, indian star', 'Folívoro', 'M', 38.46, 291.17);
insert into animal (Id_Animal, Tipo, Especie, Num_Jaula, Nombre, Alimentacion, Sexo, Altura, Peso) values (73, 'Arrecife de Coral', 'Jerwood', 30, 'Raccoon, common', 'Detritívoro', 'M', 96.61, 315.62);
insert into animal (Id_Animal, Tipo, Especie, Num_Jaula, Nombre, Alimentacion, Sexo, Altura, Peso) values (74, 'Pastizales', 'Garie', 8, 'Legaan, water', 'Omnívoro', 'F', 12.39, 306.54);
insert into animal (Id_Animal, Tipo, Especie, Num_Jaula, Nombre, Alimentacion, Sexo, Altura, Peso) values (75, 'Tundra', 'Vawton', 12, 'Squirrel, pine', 'Piscívoro', 'F', 30.97, 102.23);
insert into animal (Id_Animal, Tipo, Especie, Num_Jaula, Nombre, Alimentacion, Sexo, Altura, Peso) values (76, 'Estepa', 'Fuzzey', 28, 'Starfish, crown of thorns', 'Nectarívoro', 'M', 101.57, 246.36);
insert into animal (Id_Animal, Tipo, Especie, Num_Jaula, Nombre, Alimentacion, Sexo, Altura, Peso) values (77, 'Taiga', 'Sycamore', 10, 'Butterfly, canadian tiger swallowtail', 'Nectarívoro', 'M', 119.69, 299.67);
insert into animal (Id_Animal, Tipo, Especie, Num_Jaula, Nombre, Alimentacion, Sexo, Altura, Peso) values (78, 'Taiga', 'Edyson', 11, 'Deer, mule', 'Detritívoro', 'M', 118.58, 399.17);
insert into animal (Id_Animal, Tipo, Especie, Num_Jaula, Nombre, Alimentacion, Sexo, Altura, Peso) values (79, 'Arrecife de Coral', 'de la Valette Parisot', 29, 'Onager', 'Carnívoro', 'M', 141.23, 314.34);
insert into animal (Id_Animal, Tipo, Especie, Num_Jaula, Nombre, Alimentacion, Sexo, Altura, Peso) values (80, 'Manglar', 'Garman', 15, 'Ocelot', 'Omnívoro', 'M', 29.17, 236.46);
insert into animal (Id_Animal, Tipo, Especie, Num_Jaula, Nombre, Alimentacion, Sexo, Altura, Peso) values (81, 'Pantano', 'Happel', 23, 'Rattlesnake, eastern diamondback', 'Folívoro', 'F', 80.38, 291.03);
insert into animal (Id_Animal, Tipo, Especie, Num_Jaula, Nombre, Alimentacion, Sexo, Altura, Peso) values (82, 'Manglar', 'Skelcher', 6, 'Spoonbill, european', 'Herbívoro', 'F', 89.4, 122.89);
insert into animal (Id_Animal, Tipo, Especie, Num_Jaula, Nombre, Alimentacion, Sexo, Altura, Peso) values (83, 'Bosque Templado', 'Antonomolii', 19, 'Magellanic penguin', 'Folívoro', 'M', 97.92, 171.18);
insert into animal (Id_Animal, Tipo, Especie, Num_Jaula, Nombre, Alimentacion, Sexo, Altura, Peso) values (84, 'Pantano', 'Larmouth', 7, 'Nine-banded armadillo', 'Detritívoro', 'M', 91.86, 195.21);
insert into animal (Id_Animal, Tipo, Especie, Num_Jaula, Nombre, Alimentacion, Sexo, Altura, Peso) values (85, 'Pradera', 'Langrick', 7, 'Malleefowl', 'Detritívoro', 'M', 92.93, 223.21);
insert into animal (Id_Animal, Tipo, Especie, Num_Jaula, Nombre, Alimentacion, Sexo, Altura, Peso) values (86, 'Bosque de Coníferas', 'Skully', 16, 'Southern elephant seal', 'Omnívoro', 'M', 59.63, 122.43);
insert into animal (Id_Animal, Tipo, Especie, Num_Jaula, Nombre, Alimentacion, Sexo, Altura, Peso) values (87, 'Taiga', 'Maddox', 3, 'Hippopotamus', 'Herbívoro', 'M', 24.73, 154.13);
insert into animal (Id_Animal, Tipo, Especie, Num_Jaula, Nombre, Alimentacion, Sexo, Altura, Peso) values (88, 'Sabana', 'Castro', 11, 'Anteater, australian spiny', 'Detritívoro', 'M', 118.24, 14.76);
insert into animal (Id_Animal, Tipo, Especie, Num_Jaula, Nombre, Alimentacion, Sexo, Altura, Peso) values (89, 'Pradera', 'Eadmead', 20, 'Puna ibis', 'Omnívoro', 'F', 52.07, 325.33);
insert into animal (Id_Animal, Tipo, Especie, Num_Jaula, Nombre, Alimentacion, Sexo, Altura, Peso) values (90, 'Tundra', 'Placidi', 30, 'Chameleon (unidentified)', 'Detritívoro', 'M', 1.59, 213.45);
insert into animal (Id_Animal, Tipo, Especie, Num_Jaula, Nombre, Alimentacion, Sexo, Altura, Peso) values (91, 'Manglar', 'Eadmead', 7, 'Penguin, magellanic', 'Omnívoro', 'F', 105.04, 286.18);
insert into animal (Id_Animal, Tipo, Especie, Num_Jaula, Nombre, Alimentacion, Sexo, Altura, Peso) values (92, 'Arrecife de Coral', 'Hopkins', 17, 'Red-capped cardinal', 'Herbívoro', 'F', 50.48, 373.66);
insert into animal (Id_Animal, Tipo, Especie, Num_Jaula, Nombre, Alimentacion, Sexo, Altura, Peso) values (93, 'Sabana', 'Kybert', 17, 'Black-crowned night heron', 'Insectívoro', 'F', 23.12, 111.12);
insert into animal (Id_Animal, Tipo, Especie, Num_Jaula, Nombre, Alimentacion, Sexo, Altura, Peso) values (94, 'Aviario', 'Chubb', 17, 'Mandras tree shrew', 'Herbívoro', 'F', 107.05, 397.5);
insert into animal (Id_Animal, Tipo, Especie, Num_Jaula, Nombre, Alimentacion, Sexo, Altura, Peso) values (95, 'Bosque de Coníferas', 'Vanes', 8, 'Wombat, common', 'Carnívoro', 'F', 28.84, 77.38);
insert into animal (Id_Animal, Tipo, Especie, Num_Jaula, Nombre, Alimentacion, Sexo, Altura, Peso) values (96, 'Bosque de Coníferas', 'Bridgeman', 16, 'Heron, grey', 'Omnívoro', 'M', 96.95, 176.35);
insert into animal (Id_Animal, Tipo, Especie, Num_Jaula, Nombre, Alimentacion, Sexo, Altura, Peso) values (97, 'Taiga', 'Beams', 30, 'Common rhea', 'Folívoro', 'M', 45.74, 38.51);
insert into animal (Id_Animal, Tipo, Especie, Num_Jaula, Nombre, Alimentacion, Sexo, Altura, Peso) values (98, 'Arrecife de Coral', 'Townsend', 14, 'Deer, mule', 'Nectarívoro', 'F', 135.99, 101.3);
insert into animal (Id_Animal, Tipo, Especie, Num_Jaula, Nombre, Alimentacion, Sexo, Altura, Peso) values (99, 'Taiga', 'Dawltrey', 5, 'Stork, european', 'Folívoro', 'F', 20.29, 178.63);
insert into animal (Id_Animal, Tipo, Especie, Num_Jaula, Nombre, Alimentacion, Sexo, Altura, Peso) values (100, 'Tundra', 'Baggot', 30, 'Lorikeet, scaly-breasted', 'Nectarívoro', 'F', 148.18, 191.53);




/* TABLA CUIDADOR  */
insert into cuidador (RFC_Cuid, Id_Animal, Tipo, Nombre, ApellidoPat, ApellidoMat, Calle, Colonia, Num_Ext, Num_Int, Estado, Fecha_Nac, FechaIn_Con, FechaFin_Con, Hora_Entrada, Hora_Salida, Dias_Trab, Salario, Genero) values ('Nt19hN1F2wqs', 1, 'Desierto', 'Agace', 'Davidesco', 'Matzel', 'Johnson', 'Court', '23374', '19', 'Turku', '3/17/1979', '3/14/2013', '6/28/2024', '7:24 AM', '7:02 PM', 154, 12358, 'F');
insert into cuidador (RFC_Cuid, Id_Animal, Tipo, Nombre, ApellidoPat, ApellidoMat, Calle, Colonia, Num_Ext, Num_Int, Estado, Fecha_Nac, FechaIn_Con, FechaFin_Con, Hora_Entrada, Hora_Salida, Dias_Trab, Salario, Genero) values ('HWg8be20aO13', 2, 'Arrecife de Coral', 'Myrtice', 'Willment', 'Hoult', 'Boyd', 'Plaza', '9415', '77', 'Clermont-Ferrand', '7/22/1973', '1/8/2010', '12/15/2024', '7:25 AM', '7:10 PM', 350, 6796, 'F');
insert into cuidador (RFC_Cuid, Id_Animal, Tipo, Nombre, ApellidoPat, ApellidoMat, Calle, Colonia, Num_Ext, Num_Int, Estado, Fecha_Nac, FechaIn_Con, FechaFin_Con, Hora_Entrada, Hora_Salida, Dias_Trab, Salario, Genero) values ('6J5Z631G8TL2', 3, 'Bosque de Coníferas', 'Nye', 'Sayes', 'Matusovsky', 'Springs', 'Lane', '1266', '1783', 'Ampelákia', '5/19/1988', '3/11/2016', '10/5/2024', '7:05 AM', '7:28 PM', 241, 24907, 'M');
insert into cuidador (RFC_Cuid, Id_Animal, Tipo, Nombre, ApellidoPat, ApellidoMat, Calle, Colonia, Num_Ext, Num_Int, Estado, Fecha_Nac, FechaIn_Con, FechaFin_Con, Hora_Entrada, Hora_Salida, Dias_Trab, Salario, Genero) values ('q3BgLkV2j7ns', 4, 'Selva', 'Jareb', 'Yukhnev', 'Chansonnau', 'Knutson', 'Court', '425', '81128', 'Sámara', '3/31/1975', '7/26/2013', '12/25/2023', '7:18 AM', '7:38 PM', 99, 18743, 'M');
insert into cuidador (RFC_Cuid, Id_Animal, Tipo, Nombre, ApellidoPat, ApellidoMat, Calle, Colonia, Num_Ext, Num_Int, Estado, Fecha_Nac, FechaIn_Con, FechaFin_Con, Hora_Entrada, Hora_Salida, Dias_Trab, Salario, Genero) values ('k1tF7G65O20K', 5, 'Bosque Templado', 'Armin', 'Biddlestone', 'Beringer', 'Waywood', 'Plaza', '58', '6', 'Bryansk', '7/13/1983', '10/24/2017', '4/15/2024', '7:09 AM', '7:20 PM', 203, 20505, 'M');
insert into cuidador (RFC_Cuid, Id_Animal, Tipo, Nombre, ApellidoPat, ApellidoMat, Calle, Colonia, Num_Ext, Num_Int, Estado, Fecha_Nac, FechaIn_Con, FechaFin_Con, Hora_Entrada, Hora_Salida, Dias_Trab, Salario, Genero) values ('XtaV59u9U68A', 6, 'Sabana', 'Enid', 'MacCollom', 'Vallery', 'Ludington', 'Park', '41', '65460', 'Wulin', '7/30/1994', '2/7/2014', '3/23/2024', '7:29 AM', '7:52 PM', 93, 18979, 'F');
insert into cuidador (RFC_Cuid, Id_Animal, Tipo, Nombre, ApellidoPat, ApellidoMat, Calle, Colonia, Num_Ext, Num_Int, Estado, Fecha_Nac, FechaIn_Con, FechaFin_Con, Hora_Entrada, Hora_Salida, Dias_Trab, Salario, Genero) values ('UVyhwrlu3jot', 7, 'Bosque Templado', 'Norman', 'Jakubski', 'Mathys', 'Leroy', 'Hill', '367', '4', 'Old City', '6/11/1975', '1/12/2016', '3/20/2024', '7:12 AM', '7:51 PM', 221, 9790, 'M');
insert into cuidador (RFC_Cuid, Id_Animal, Tipo, Nombre, ApellidoPat, ApellidoMat, Calle, Colonia, Num_Ext, Num_Int, Estado, Fecha_Nac, FechaIn_Con, FechaFin_Con, Hora_Entrada, Hora_Salida, Dias_Trab, Salario, Genero) values ('hgF8m6kC02d4', 8, 'Manglar', 'Ahmed', 'Gason', 'Crowcombe', 'Bellgrove', 'Way', '38419', '6245', 'Pérez', '2/23/1975', '10/28/2017', '11/6/2024', '7:00 AM', '7:08 PM', 215, 27530, 'M');
insert into cuidador (RFC_Cuid, Id_Animal, Tipo, Nombre, ApellidoPat, ApellidoMat, Calle, Colonia, Num_Ext, Num_Int, Estado, Fecha_Nac, FechaIn_Con, FechaFin_Con, Hora_Entrada, Hora_Salida, Dias_Trab, Salario, Genero) values ('2VHwej9yaR8D', 9, 'Pantano', 'Aloisia', 'Glasscoe', 'Charrington', 'Golf Course', 'Place', '79688', '614', 'Ādaži', '1/25/1986', '7/23/2010', '4/26/2023', '7:29 AM', '7:18 PM', 163, 19984, 'F');
insert into cuidador (RFC_Cuid, Id_Animal, Tipo, Nombre, ApellidoPat, ApellidoMat, Calle, Colonia, Num_Ext, Num_Int, Estado, Fecha_Nac, FechaIn_Con, FechaFin_Con, Hora_Entrada, Hora_Salida, Dias_Trab, Salario, Genero) values ('66EqgXrLk5P3', 10, 'Tundra', 'Bren', 'Gurton', 'Veryan', 'Carpenter', 'Park', '6624', '7460', 'Makin Village', '5/30/1982', '7/18/2010', '6/27/2024', '7:16 AM', '7:29 PM', 31, 18347, 'M');
insert into cuidador (RFC_Cuid, Id_Animal, Tipo, Nombre, ApellidoPat, ApellidoMat, Calle, Colonia, Num_Ext, Num_Int, Estado, Fecha_Nac, FechaIn_Con, FechaFin_Con, Hora_Entrada, Hora_Salida, Dias_Trab, Salario, Genero) values ('S7R1ZO5x4BKB', 11, 'Pantano', 'Joshuah', 'Darkott', 'Vanni', 'Shelley', 'Junction', '9', '6458', 'Sławoborze', '5/1/1976', '5/6/2014', '10/4/2024', '7:29 AM', '7:43 PM', 190, 15599, 'M');
insert into cuidador (RFC_Cuid, Id_Animal, Tipo, Nombre, ApellidoPat, ApellidoMat, Calle, Colonia, Num_Ext, Num_Int, Estado, Fecha_Nac, FechaIn_Con, FechaFin_Con, Hora_Entrada, Hora_Salida, Dias_Trab, Salario, Genero) values ('89B9n3LM1a4u', 12, 'Estepa', 'Vassily', 'MacCardle', 'Sighard', 'Raven', 'Trail', '77', '2', 'Xihu', '4/23/1975', '9/8/2013', '10/2/2023', '7:18 AM', '7:20 PM', 8, 17758, 'M');
insert into cuidador (RFC_Cuid, Id_Animal, Tipo, Nombre, ApellidoPat, ApellidoMat, Calle, Colonia, Num_Ext, Num_Int, Estado, Fecha_Nac, FechaIn_Con, FechaFin_Con, Hora_Entrada, Hora_Salida, Dias_Trab, Salario, Genero) values ('6HjVuC12A09G', 13, 'Bosque Templado', 'Lenee', 'Cortese', 'Saunderson', 'Autumn Leaf', 'Drive', '951', '374', 'Banjar Laing', '8/6/1977', '12/28/2012', '8/24/2023', '7:11 AM', '7:30 PM', 276, 28456, 'F');
insert into cuidador (RFC_Cuid, Id_Animal, Tipo, Nombre, ApellidoPat, ApellidoMat, Calle, Colonia, Num_Ext, Num_Int, Estado, Fecha_Nac, FechaIn_Con, FechaFin_Con, Hora_Entrada, Hora_Salida, Dias_Trab, Salario, Genero) values ('va1110gUl4Fy', 14, 'Manglar', 'Etheline', 'Scroggs', 'Tolworth', 'International', 'Road', '8', '07494', 'Shalya', '2/19/1974', '8/1/2017', '6/19/2024', '7:09 AM', '7:30 PM', 41, 29262, 'F');
insert into cuidador (RFC_Cuid, Id_Animal, Tipo, Nombre, ApellidoPat, ApellidoMat, Calle, Colonia, Num_Ext, Num_Int, Estado, Fecha_Nac, FechaIn_Con, FechaFin_Con, Hora_Entrada, Hora_Salida, Dias_Trab, Salario, Genero) values ('c1aoUq29kKxa', 15, 'Bosque Tropical', 'Nathan', 'Ninnotti', 'Bickerstaff', 'Barby', 'Junction', '4319', '62', 'Lo Prado', '9/7/1988', '12/18/2010', '3/9/2023', '7:04 AM', '7:50 PM', 337, 6203, 'M');
insert into cuidador (RFC_Cuid, Id_Animal, Tipo, Nombre, ApellidoPat, ApellidoMat, Calle, Colonia, Num_Ext, Num_Int, Estado, Fecha_Nac, FechaIn_Con, FechaFin_Con, Hora_Entrada, Hora_Salida, Dias_Trab, Salario, Genero) values ('v85cL2K5f2y3', 16, 'Franja costera', 'Lucita', 'Rubega', 'Shallcrass', 'Bonner', 'Circle', '771', '78260', 'Kobylanka', '10/13/2002', '2/13/2014', '4/7/2023', '7:04 AM', '7:03 PM', 58, 23576, 'F');
insert into cuidador (RFC_Cuid, Id_Animal, Tipo, Nombre, ApellidoPat, ApellidoMat, Calle, Colonia, Num_Ext, Num_Int, Estado, Fecha_Nac, FechaIn_Con, FechaFin_Con, Hora_Entrada, Hora_Salida, Dias_Trab, Salario, Genero) values ('5RbLBeJL959R', 17, 'Pastizales', 'Julio', 'Payfoot', 'Stockall', 'Algoma', 'Parkway', '097', '5', 'Novi Šeher', '5/12/1993', '6/4/2018', '12/16/2024', '7:08 AM', '7:25 PM', 137, 14801, 'M');
insert into cuidador (RFC_Cuid, Id_Animal, Tipo, Nombre, ApellidoPat, ApellidoMat, Calle, Colonia, Num_Ext, Num_Int, Estado, Fecha_Nac, FechaIn_Con, FechaFin_Con, Hora_Entrada, Hora_Salida, Dias_Trab, Salario, Genero) values ('6R9Pe9bx5NNh', 18, 'Pantano', 'Emmy', 'Bettinson', 'Cashman', 'Burrows', 'Alley', '3', '3', 'Harrisburg', '1/1/1982', '12/21/2021', '1/9/2024', '7:07 AM', '7:15 PM', 13, 22560, 'M');
insert into cuidador (RFC_Cuid, Id_Animal, Tipo, Nombre, ApellidoPat, ApellidoMat, Calle, Colonia, Num_Ext, Num_Int, Estado, Fecha_Nac, FechaIn_Con, FechaFin_Con, Hora_Entrada, Hora_Salida, Dias_Trab, Salario, Genero) values ('Z391bfGe50Z0', 19, 'Bosque Tropical', 'Dulcea', 'Geraghty', 'Gotmann', 'Linden', 'Plaza', '287', '67901', 'Yangtan', '6/7/1973', '1/14/2016', '4/19/2024', '7:15 AM', '7:23 PM', 76, 8589, 'F');
insert into cuidador (RFC_Cuid, Id_Animal, Tipo, Nombre, ApellidoPat, ApellidoMat, Calle, Colonia, Num_Ext, Num_Int, Estado, Fecha_Nac, FechaIn_Con, FechaFin_Con, Hora_Entrada, Hora_Salida, Dias_Trab, Salario, Genero) values ('HZD4320uOVp4', 20, 'Bosque Templado', 'Sauveur', 'Bradlaugh', 'Lehrle', 'Hintze', 'Lane', '599', '1', 'Quatro Barras', '6/14/1970', '9/16/2015', '8/17/2024', '7:04 AM', '7:56 PM', 64, 27639, 'M');
insert into cuidador (RFC_Cuid, Id_Animal, Tipo, Nombre, ApellidoPat, ApellidoMat, Calle, Colonia, Num_Ext, Num_Int, Estado, Fecha_Nac, FechaIn_Con, FechaFin_Con, Hora_Entrada, Hora_Salida, Dias_Trab, Salario, Genero) values ('y8EhMRnLIZQ4', 21, 'Taiga', 'Reeta', 'Hollyard', 'Lawdham', 'Anthes', 'Terrace', '66409', '66480', 'Schirmeck', '12/8/1972', '2/2/2010', '3/29/2023', '7:27 AM', '7:45 PM', 298, 15671, 'F');
insert into cuidador (RFC_Cuid, Id_Animal, Tipo, Nombre, ApellidoPat, ApellidoMat, Calle, Colonia, Num_Ext, Num_Int, Estado, Fecha_Nac, FechaIn_Con, FechaFin_Con, Hora_Entrada, Hora_Salida, Dias_Trab, Salario, Genero) values ('n6Aq13yEG0eU', 22, 'Aviario', 'Mackenzie', 'Curran', 'Yemm', 'Schlimgen', 'Circle', '5', '00577', 'Sundsvall', '1/3/1988', '6/6/2021', '9/13/2023', '7:25 AM', '7:16 PM', 211, 16812, 'M');
insert into cuidador (RFC_Cuid, Id_Animal, Tipo, Nombre, ApellidoPat, ApellidoMat, Calle, Colonia, Num_Ext, Num_Int, Estado, Fecha_Nac, FechaIn_Con, FechaFin_Con, Hora_Entrada, Hora_Salida, Dias_Trab, Salario, Genero) values ('01Vr4Pqd34P0', 23, 'Bosque de Coníferas', 'Celie', 'Riach', 'Long', 'Alpine', 'Place', '8966', '8', 'Ya’erya', '2/22/1982', '7/1/2011', '11/28/2024', '7:00 AM', '7:44 PM', 246, 7870, 'F');
insert into cuidador (RFC_Cuid, Id_Animal, Tipo, Nombre, ApellidoPat, ApellidoMat, Calle, Colonia, Num_Ext, Num_Int, Estado, Fecha_Nac, FechaIn_Con, FechaFin_Con, Hora_Entrada, Hora_Salida, Dias_Trab, Salario, Genero) values ('P017Xqtalk19', 24, 'Estepa', 'Murial', 'Chater', 'Pidgin', 'Hazelcrest', 'Parkway', '5885', '1', 'Qianguo', '6/29/1972', '5/26/2022', '9/8/2024', '7:23 AM', '7:38 PM', 308, 27208, 'F');
insert into cuidador (RFC_Cuid, Id_Animal, Tipo, Nombre, ApellidoPat, ApellidoMat, Calle, Colonia, Num_Ext, Num_Int, Estado, Fecha_Nac, FechaIn_Con, FechaFin_Con, Hora_Entrada, Hora_Salida, Dias_Trab, Salario, Genero) values ('zpIDbc063jdL', 25, 'Pantano', 'Myra', 'Crudgington', 'Biasetti', 'Derek', 'Avenue', '5', '527', 'Gândara', '12/8/1986', '5/19/2021', '8/28/2024', '7:23 AM', '7:03 PM', 113, 8334, 'F');
insert into cuidador (RFC_Cuid, Id_Animal, Tipo, Nombre, ApellidoPat, ApellidoMat, Calle, Colonia, Num_Ext, Num_Int, Estado, Fecha_Nac, FechaIn_Con, FechaFin_Con, Hora_Entrada, Hora_Salida, Dias_Trab, Salario, Genero) values ('LK4YJnC6ifL0', 26, 'Pastizales', 'Karylin', 'Note', 'Mottershead', 'Lerdahl', 'Way', '3', '174', 'Daba', '9/12/1986', '1/7/2021', '5/12/2023', '7:25 AM', '7:01 PM', 112, 12169, 'F');
insert into cuidador (RFC_Cuid, Id_Animal, Tipo, Nombre, ApellidoPat, ApellidoMat, Calle, Colonia, Num_Ext, Num_Int, Estado, Fecha_Nac, FechaIn_Con, FechaFin_Con, Hora_Entrada, Hora_Salida, Dias_Trab, Salario, Genero) values ('70fUB6q4KoVG', 27, 'Arrecife de Coral', 'Mirelle', 'Szachniewicz', 'Feedome', 'Nancy', 'Center', '2233', '98157', 'Quintãs', '10/24/1999', '8/22/2015', '7/21/2024', '7:04 AM', '7:10 PM', 217, 25733, 'F');
insert into cuidador (RFC_Cuid, Id_Animal, Tipo, Nombre, ApellidoPat, ApellidoMat, Calle, Colonia, Num_Ext, Num_Int, Estado, Fecha_Nac, FechaIn_Con, FechaFin_Con, Hora_Entrada, Hora_Salida, Dias_Trab, Salario, Genero) values ('6wL7gRMX84TA', 28, 'Aviario', 'Northrop', 'Goneau', 'Grafom', 'Troy', 'Avenue', '7434', '8375', 'Al Khafjī', '12/21/1993', '1/15/2018', '1/3/2024', '7:01 AM', '7:59 PM', 21, 25501, 'M');
insert into cuidador (RFC_Cuid, Id_Animal, Tipo, Nombre, ApellidoPat, ApellidoMat, Calle, Colonia, Num_Ext, Num_Int, Estado, Fecha_Nac, FechaIn_Con, FechaFin_Con, Hora_Entrada, Hora_Salida, Dias_Trab, Salario, Genero) values ('Lnu6Kbo8614t', 29, 'Aviario', 'Eyde', 'Bern', 'Siddell', 'Pierstorff', 'Court', '23892', '3273', 'Daja', '12/30/1996', '5/1/2010', '5/30/2024', '7:03 AM', '7:34 PM', 265, 9009, 'F');
insert into cuidador (RFC_Cuid, Id_Animal, Tipo, Nombre, ApellidoPat, ApellidoMat, Calle, Colonia, Num_Ext, Num_Int, Estado, Fecha_Nac, FechaIn_Con, FechaFin_Con, Hora_Entrada, Hora_Salida, Dias_Trab, Salario, Genero) values ('O83S37mIG3y2', 30, 'Aviario', 'Carmelle', 'Barstock', 'Shouler', 'Northridge', 'Trail', '6221', '086', 'Shaxi', '2/6/1990', '8/18/2018', '2/17/2024', '7:12 AM', '7:44 PM', 160, 18811, 'F');
insert into cuidador (RFC_Cuid, Id_Animal, Tipo, Nombre, ApellidoPat, ApellidoMat, Calle, Colonia, Num_Ext, Num_Int, Estado, Fecha_Nac, FechaIn_Con, FechaFin_Con, Hora_Entrada, Hora_Salida, Dias_Trab, Salario, Genero) values ('6CO4GLvt2Nfa', 31, 'Taiga', 'Adolf', 'Francesconi', 'Permain', 'Victoria', 'Drive', '29', '203', 'Fao Rai', '11/11/1994', '11/27/2011', '4/26/2023', '7:16 AM', '7:14 PM', 238, 21274, 'M');
insert into cuidador (RFC_Cuid, Id_Animal, Tipo, Nombre, ApellidoPat, ApellidoMat, Calle, Colonia, Num_Ext, Num_Int, Estado, Fecha_Nac, FechaIn_Con, FechaFin_Con, Hora_Entrada, Hora_Salida, Dias_Trab, Salario, Genero) values ('4Dm8iuB1Pr95', 32, 'Chaparral', 'Evania', 'Succamore', 'Mothersdale', 'American', 'Crossing', '62', '1', 'Carromeu', '9/27/1987', '3/18/2022', '9/28/2023', '7:10 AM', '7:11 PM', 220, 23200, 'F');
insert into cuidador (RFC_Cuid, Id_Animal, Tipo, Nombre, ApellidoPat, ApellidoMat, Calle, Colonia, Num_Ext, Num_Int, Estado, Fecha_Nac, FechaIn_Con, FechaFin_Con, Hora_Entrada, Hora_Salida, Dias_Trab, Salario, Genero) values ('6Ei7rgqwXcHz', 33, 'Franja costera', 'Lorianna', 'Ruprechter', 'Gasquoine', 'Forest Dale', 'Court', '95', '6317', 'Mników', '12/6/1988', '10/12/2019', '1/13/2023', '7:17 AM', '7:56 PM', 326, 7342, 'F');
insert into cuidador (RFC_Cuid, Id_Animal, Tipo, Nombre, ApellidoPat, ApellidoMat, Calle, Colonia, Num_Ext, Num_Int, Estado, Fecha_Nac, FechaIn_Con, FechaFin_Con, Hora_Entrada, Hora_Salida, Dias_Trab, Salario, Genero) values ('bOUyhNeHIm0N', 34, 'Pantano', 'Randa', 'Minelli', 'Timson', 'Evergreen', 'Way', '2741', '5', 'Gazojak', '2/24/1994', '10/30/2013', '12/30/2024', '7:23 AM', '7:45 PM', 40, 20630, 'F');
insert into cuidador (RFC_Cuid, Id_Animal, Tipo, Nombre, ApellidoPat, ApellidoMat, Calle, Colonia, Num_Ext, Num_Int, Estado, Fecha_Nac, FechaIn_Con, FechaFin_Con, Hora_Entrada, Hora_Salida, Dias_Trab, Salario, Genero) values ('99c3bW8Y74Sw', 35, 'Bosque Tropical', 'Harley', 'Abby', 'Ambrogio', 'Morningstar', 'Terrace', '744', '78', 'Saharna', '1/26/1992', '2/28/2019', '12/9/2024', '7:00 AM', '7:52 PM', 288, 7943, 'M');
insert into cuidador (RFC_Cuid, Id_Animal, Tipo, Nombre, ApellidoPat, ApellidoMat, Calle, Colonia, Num_Ext, Num_Int, Estado, Fecha_Nac, FechaIn_Con, FechaFin_Con, Hora_Entrada, Hora_Salida, Dias_Trab, Salario, Genero) values ('hHK4h6S1I590', 36, 'Chaparral', 'Sileas', 'Pettingill', 'Ahlf', 'South', 'Center', '4546', '13266', 'Maishi', '3/17/1991', '10/14/2014', '4/18/2023', '7:13 AM', '7:04 PM', 240, 19440, 'F');
insert into cuidador (RFC_Cuid, Id_Animal, Tipo, Nombre, ApellidoPat, ApellidoMat, Calle, Colonia, Num_Ext, Num_Int, Estado, Fecha_Nac, FechaIn_Con, FechaFin_Con, Hora_Entrada, Hora_Salida, Dias_Trab, Salario, Genero) values ('576lRXCcinS4', 37, 'Tundra', 'Zachariah', 'Jephcott', 'Roome', 'Service', 'Parkway', '50936', '5', 'General Ramírez', '2/24/1982', '8/22/2010', '11/23/2023', '7:01 AM', '7:39 PM', 309, 6620, 'M');
insert into cuidador (RFC_Cuid, Id_Animal, Tipo, Nombre, ApellidoPat, ApellidoMat, Calle, Colonia, Num_Ext, Num_Int, Estado, Fecha_Nac, FechaIn_Con, FechaFin_Con, Hora_Entrada, Hora_Salida, Dias_Trab, Salario, Genero) values ('igxbT86JA3zR', 38, 'Pantano', 'Leoline', 'Sympson', 'Itzig', 'Gerald', 'Park', '026', '71739', 'Archángelos', '3/28/1988', '9/19/2021', '9/16/2023', '7:11 AM', '7:29 PM', 30, 11460, 'F');
insert into cuidador (RFC_Cuid, Id_Animal, Tipo, Nombre, ApellidoPat, ApellidoMat, Calle, Colonia, Num_Ext, Num_Int, Estado, Fecha_Nac, FechaIn_Con, FechaFin_Con, Hora_Entrada, Hora_Salida, Dias_Trab, Salario, Genero) values ('nm2oc7AS8LLD', 39, 'Taiga', 'Kurtis', 'Fontel', 'Etock', 'Prairie Rose', 'Road', '371', '986', 'Moscow', '5/30/2002', '1/14/2018', '4/6/2024', '7:12 AM', '7:34 PM', 148, 9991, 'M');
insert into cuidador (RFC_Cuid, Id_Animal, Tipo, Nombre, ApellidoPat, ApellidoMat, Calle, Colonia, Num_Ext, Num_Int, Estado, Fecha_Nac, FechaIn_Con, FechaFin_Con, Hora_Entrada, Hora_Salida, Dias_Trab, Salario, Genero) values ('xcCU8I6I2n3g', 40, 'Manglar', 'Terrance', 'Leggate', 'Ilchuk', 'Ohio', 'Terrace', '59', '9', 'Suwaluh', '7/8/1987', '11/26/2022', '7/28/2024', '7:22 AM', '7:29 PM', 13, 13412, 'M');
insert into cuidador (RFC_Cuid, Id_Animal, Tipo, Nombre, ApellidoPat, ApellidoMat, Calle, Colonia, Num_Ext, Num_Int, Estado, Fecha_Nac, FechaIn_Con, FechaFin_Con, Hora_Entrada, Hora_Salida, Dias_Trab, Salario, Genero) values ('okL1EA5rKwlD', 41, 'Selva', 'Ryun', 'Binder', 'Spencock', 'Roxbury', 'Street', '47732', '3965', 'Dąbrowice', '7/24/2001', '8/7/2019', '5/25/2023', '7:13 AM', '7:09 PM', 314, 9357, 'M');
insert into cuidador (RFC_Cuid, Id_Animal, Tipo, Nombre, ApellidoPat, ApellidoMat, Calle, Colonia, Num_Ext, Num_Int, Estado, Fecha_Nac, FechaIn_Con, FechaFin_Con, Hora_Entrada, Hora_Salida, Dias_Trab, Salario, Genero) values ('o3BknshQ5EFd', 42, 'Desierto', 'Moreen', 'Bibey', 'Bellay', 'Mifflin', 'Parkway', '6', '4', 'Powassan', '12/30/1991', '6/8/2011', '2/11/2024', '7:03 AM', '7:37 PM', 245, 26937, 'F');
insert into cuidador (RFC_Cuid, Id_Animal, Tipo, Nombre, ApellidoPat, ApellidoMat, Calle, Colonia, Num_Ext, Num_Int, Estado, Fecha_Nac, FechaIn_Con, FechaFin_Con, Hora_Entrada, Hora_Salida, Dias_Trab, Salario, Genero) values ('g3HOViw2uwNk', 43, 'Chaparral', 'Othilia', 'Chapiro', 'Cortin', 'Dorton', 'Point', '60', '12', 'Narukan', '7/23/1986', '7/10/2016', '7/3/2024', '7:13 AM', '7:10 PM', 326, 23964, 'F');
insert into cuidador (RFC_Cuid, Id_Animal, Tipo, Nombre, ApellidoPat, ApellidoMat, Calle, Colonia, Num_Ext, Num_Int, Estado, Fecha_Nac, FechaIn_Con, FechaFin_Con, Hora_Entrada, Hora_Salida, Dias_Trab, Salario, Genero) values ('Otf6Kuu8rL8L', 44, 'Desierto', 'Kearney', 'Kairns', 'Littlekit', 'Del Sol', 'Lane', '0', '7', 'Boto', '3/12/2002', '2/10/2021', '7/11/2024', '7:13 AM', '7:59 PM', 126, 23960, 'M');
insert into cuidador (RFC_Cuid, Id_Animal, Tipo, Nombre, ApellidoPat, ApellidoMat, Calle, Colonia, Num_Ext, Num_Int, Estado, Fecha_Nac, FechaIn_Con, FechaFin_Con, Hora_Entrada, Hora_Salida, Dias_Trab, Salario, Genero) values ('us2H2I20Y0ho', 45, 'Arrecife de Coral', 'Bobbe', 'Gwilym', 'Fuzzens', 'Hoffman', 'Drive', '20', '9109', 'Fomento', '8/17/1997', '10/26/2016', '1/30/2023', '7:01 AM', '7:37 PM', 334, 12222, 'F');
insert into cuidador (RFC_Cuid, Id_Animal, Tipo, Nombre, ApellidoPat, ApellidoMat, Calle, Colonia, Num_Ext, Num_Int, Estado, Fecha_Nac, FechaIn_Con, FechaFin_Con, Hora_Entrada, Hora_Salida, Dias_Trab, Salario, Genero) values ('0mPDClZNotV1', 46, 'Pastizales', 'Son', 'Gipson', 'Joselovitch', 'Vidon', 'Alley', '39', '353', 'Banjar Teguan', '8/23/2002', '12/3/2020', '6/20/2024', '7:14 AM', '7:55 PM', 101, 12711, 'M');
insert into cuidador (RFC_Cuid, Id_Animal, Tipo, Nombre, ApellidoPat, ApellidoMat, Calle, Colonia, Num_Ext, Num_Int, Estado, Fecha_Nac, FechaIn_Con, FechaFin_Con, Hora_Entrada, Hora_Salida, Dias_Trab, Salario, Genero) values ('65eule4inS1h', 47, 'Bosque Tropical', 'Tobit', 'Horbart', 'Carnock', 'Delaware', 'Terrace', '3', '099', 'Abangay', '5/12/1974', '3/22/2012', '3/31/2024', '7:14 AM', '7:47 PM', 279, 21020, 'M');
insert into cuidador (RFC_Cuid, Id_Animal, Tipo, Nombre, ApellidoPat, ApellidoMat, Calle, Colonia, Num_Ext, Num_Int, Estado, Fecha_Nac, FechaIn_Con, FechaFin_Con, Hora_Entrada, Hora_Salida, Dias_Trab, Salario, Genero) values ('LPSo3m4a7PeD', 48, 'Aviario', 'Aloysius', 'Clerc', 'Conti', 'Clove', 'Center', '0', '86', 'Tarragona', '12/21/1990', '3/12/2014', '4/21/2024', '7:18 AM', '7:11 PM', 52, 18396, 'M');
insert into cuidador (RFC_Cuid, Id_Animal, Tipo, Nombre, ApellidoPat, ApellidoMat, Calle, Colonia, Num_Ext, Num_Int, Estado, Fecha_Nac, FechaIn_Con, FechaFin_Con, Hora_Entrada, Hora_Salida, Dias_Trab, Salario, Genero) values ('W4aw8X1fX4sp', 49, 'Tundra', 'Jermain', 'Du Fray', 'Kirkebye', 'Killdeer', 'Point', '06935', '2925', 'Qinghe', '7/9/1996', '11/22/2016', '12/20/2023', '7:10 AM', '7:23 PM', 119, 10859, 'M');
insert into cuidador (RFC_Cuid, Id_Animal, Tipo, Nombre, ApellidoPat, ApellidoMat, Calle, Colonia, Num_Ext, Num_Int, Estado, Fecha_Nac, FechaIn_Con, FechaFin_Con, Hora_Entrada, Hora_Salida, Dias_Trab, Salario, Genero) values ('F8MhacUB2408', 50, 'Bosque de Coníferas', 'Lorrie', 'Mc Elory', 'Glanert', 'Helena', 'Plaza', '0', '84506', 'Mahe', '2/1/1971', '2/25/2014', '1/19/2023', '7:02 AM', '7:16 PM', 328, 22728, 'F');
insert into cuidador (RFC_Cuid, Id_Animal, Tipo, Nombre, ApellidoPat, ApellidoMat, Calle, Colonia, Num_Ext, Num_Int, Estado, Fecha_Nac, FechaIn_Con, FechaFin_Con, Hora_Entrada, Hora_Salida, Dias_Trab, Salario, Genero) values ('2Hrpx7PK9f9u', 51, 'Selva', 'Waylan', 'Alastair', 'Waything', 'Hauk', 'Circle', '8', '06499', 'Libertador General San Martín', '6/6/1983', '4/12/2022', '4/4/2023', '7:12 AM', '7:39 PM', 214, 24959, 'M');
insert into cuidador (RFC_Cuid, Id_Animal, Tipo, Nombre, ApellidoPat, ApellidoMat, Calle, Colonia, Num_Ext, Num_Int, Estado, Fecha_Nac, FechaIn_Con, FechaFin_Con, Hora_Entrada, Hora_Salida, Dias_Trab, Salario, Genero) values ('rz2c5lD8jwE2', 52, 'Estepa', 'Chadd', 'Quartermaine', 'Durbann', 'Katie', 'Trail', '9979', '4', 'Gusinoozyorsk', '4/28/2002', '2/3/2011', '12/25/2023', '7:29 AM', '7:59 PM', 335, 21145, 'M');
insert into cuidador (RFC_Cuid, Id_Animal, Tipo, Nombre, ApellidoPat, ApellidoMat, Calle, Colonia, Num_Ext, Num_Int, Estado, Fecha_Nac, FechaIn_Con, FechaFin_Con, Hora_Entrada, Hora_Salida, Dias_Trab, Salario, Genero) values ('Y8qyeD9dYQ64', 53, 'Manglar', 'William', 'Balcombe', 'Shurmore', 'Center', 'Alley', '2535', '40', 'Al Bawīţī', '11/13/1997', '3/20/2018', '11/10/2023', '7:25 AM', '7:50 PM', 258, 24823, 'M');
insert into cuidador (RFC_Cuid, Id_Animal, Tipo, Nombre, ApellidoPat, ApellidoMat, Calle, Colonia, Num_Ext, Num_Int, Estado, Fecha_Nac, FechaIn_Con, FechaFin_Con, Hora_Entrada, Hora_Salida, Dias_Trab, Salario, Genero) values ('kKz44Bff4975', 54, 'Manglar', 'Hugo', 'Roscam', 'Ricarde', 'Ruskin', 'Center', '9037', '90747', 'Minamata', '3/31/1976', '8/16/2016', '3/3/2024', '7:26 AM', '7:36 PM', 225, 28687, 'M');
insert into cuidador (RFC_Cuid, Id_Animal, Tipo, Nombre, ApellidoPat, ApellidoMat, Calle, Colonia, Num_Ext, Num_Int, Estado, Fecha_Nac, FechaIn_Con, FechaFin_Con, Hora_Entrada, Hora_Salida, Dias_Trab, Salario, Genero) values ('YL4jd844z11c', 55, 'Selva', 'Brigitte', 'Krout', 'Pehrsson', 'Westend', 'Court', '84979', '0796', 'Criuleni', '7/15/1975', '1/16/2020', '3/19/2024', '7:15 AM', '7:23 PM', 282, 27467, 'F');
insert into cuidador (RFC_Cuid, Id_Animal, Tipo, Nombre, ApellidoPat, ApellidoMat, Calle, Colonia, Num_Ext, Num_Int, Estado, Fecha_Nac, FechaIn_Con, FechaFin_Con, Hora_Entrada, Hora_Salida, Dias_Trab, Salario, Genero) values ('KI6255T82u08', 56, 'Sabana', 'Morna', 'Scoterbosh', 'Doerren', 'Corben', 'Trail', '9586', '8', 'Chicago', '5/3/1993', '11/19/2020', '4/3/2023', '7:03 AM', '7:55 PM', 276, 7449, 'F');
insert into cuidador (RFC_Cuid, Id_Animal, Tipo, Nombre, ApellidoPat, ApellidoMat, Calle, Colonia, Num_Ext, Num_Int, Estado, Fecha_Nac, FechaIn_Con, FechaFin_Con, Hora_Entrada, Hora_Salida, Dias_Trab, Salario, Genero) values ('Q24wKZh1dH4q', 57, 'Desierto', 'Danila', 'Gooch', 'Wilds', 'Packers', 'Drive', '9', '55771', 'Hualgayoc', '3/9/1992', '9/8/2014', '3/25/2023', '7:23 AM', '7:34 PM', 331, 22136, 'F');
insert into cuidador (RFC_Cuid, Id_Animal, Tipo, Nombre, ApellidoPat, ApellidoMat, Calle, Colonia, Num_Ext, Num_Int, Estado, Fecha_Nac, FechaIn_Con, FechaFin_Con, Hora_Entrada, Hora_Salida, Dias_Trab, Salario, Genero) values ('619a84RE7815', 58, 'Taiga', 'Michel', 'Rushton', 'Eatock', 'Fordem', 'Plaza', '76138', '92994', 'Dimovo', '3/18/1992', '2/17/2020', '9/11/2023', '7:17 AM', '7:27 PM', 289, 6753, 'F');
insert into cuidador (RFC_Cuid, Id_Animal, Tipo, Nombre, ApellidoPat, ApellidoMat, Calle, Colonia, Num_Ext, Num_Int, Estado, Fecha_Nac, FechaIn_Con, FechaFin_Con, Hora_Entrada, Hora_Salida, Dias_Trab, Salario, Genero) values ('PdH0d1F3ka9b', 59, 'Sabana', 'Elvyn', 'Boadby', 'Forrest', 'Pearson', 'Point', '70558', '38858', 'Winnipeg', '10/30/1971', '9/3/2020', '12/26/2024', '7:12 AM', '7:23 PM', 38, 25881, 'M');
insert into cuidador (RFC_Cuid, Id_Animal, Tipo, Nombre, ApellidoPat, ApellidoMat, Calle, Colonia, Num_Ext, Num_Int, Estado, Fecha_Nac, FechaIn_Con, FechaFin_Con, Hora_Entrada, Hora_Salida, Dias_Trab, Salario, Genero) values ('moA9p25Xkiu8', 60, 'Desierto', 'Dillie', 'Annear', 'Cicci', 'Sommers', 'Pass', '1728', '9', 'Nangaroro', '11/22/1978', '2/20/2019', '8/18/2024', '7:06 AM', '7:59 PM', 87, 28001, 'M');
insert into cuidador (RFC_Cuid, Id_Animal, Tipo, Nombre, ApellidoPat, ApellidoMat, Calle, Colonia, Num_Ext, Num_Int, Estado, Fecha_Nac, FechaIn_Con, FechaFin_Con, Hora_Entrada, Hora_Salida, Dias_Trab, Salario, Genero) values ('26Z93ltd254D', 61, 'Selva', 'Christos', 'Burles', 'Percy', 'Rowland', 'Road', '87254', '08539', 'Firavitoba', '10/25/1971', '8/9/2010', '8/15/2024', '7:01 AM', '7:32 PM', 145, 29514, 'M');
insert into cuidador (RFC_Cuid, Id_Animal, Tipo, Nombre, ApellidoPat, ApellidoMat, Calle, Colonia, Num_Ext, Num_Int, Estado, Fecha_Nac, FechaIn_Con, FechaFin_Con, Hora_Entrada, Hora_Salida, Dias_Trab, Salario, Genero) values ('g1i2JRp4xHk9', 62, 'Franja costera', 'Gwenora', 'Danforth', 'Shakespeare', 'Warbler', 'Alley', '74', '6', 'Borūjen', '4/5/1974', '11/10/2011', '6/24/2024', '7:00 AM', '7:14 PM', 106, 8456, 'F');
insert into cuidador (RFC_Cuid, Id_Animal, Tipo, Nombre, ApellidoPat, ApellidoMat, Calle, Colonia, Num_Ext, Num_Int, Estado, Fecha_Nac, FechaIn_Con, FechaFin_Con, Hora_Entrada, Hora_Salida, Dias_Trab, Salario, Genero) values ('Cupy8QRrF146', 63, 'Arrecife de Coral', 'Dido', 'Harsnep', 'Gaudon', 'Clarendon', 'Place', '79448', '3', 'Ledenice', '8/8/1995', '8/21/2019', '12/3/2024', '7:04 AM', '7:08 PM', 244, 6676, 'F');
insert into cuidador (RFC_Cuid, Id_Animal, Tipo, Nombre, ApellidoPat, ApellidoMat, Calle, Colonia, Num_Ext, Num_Int, Estado, Fecha_Nac, FechaIn_Con, FechaFin_Con, Hora_Entrada, Hora_Salida, Dias_Trab, Salario, Genero) values ('we27VlZMAN0V', 64, 'Selva', 'Ericka', 'Hilliam', 'Callis', 'Melvin', 'Drive', '421', '508', 'Nanzhihui', '6/12/1982', '11/18/2015', '4/1/2024', '7:12 AM', '7:25 PM', 69, 21926, 'F');
insert into cuidador (RFC_Cuid, Id_Animal, Tipo, Nombre, ApellidoPat, ApellidoMat, Calle, Colonia, Num_Ext, Num_Int, Estado, Fecha_Nac, FechaIn_Con, FechaFin_Con, Hora_Entrada, Hora_Salida, Dias_Trab, Salario, Genero) values ('756lYl4ORaXa', 65, 'Taiga', 'Elvyn', 'Drinkhill', 'Macellar', 'Clemons', 'Trail', '672', '34', 'Zwolle', '4/9/1977', '10/28/2015', '3/22/2023', '7:22 AM', '7:45 PM', 25, 20645, 'M');
insert into cuidador (RFC_Cuid, Id_Animal, Tipo, Nombre, ApellidoPat, ApellidoMat, Calle, Colonia, Num_Ext, Num_Int, Estado, Fecha_Nac, FechaIn_Con, FechaFin_Con, Hora_Entrada, Hora_Salida, Dias_Trab, Salario, Genero) values ('69pS42SmPj8j', 66, 'Sabana', 'Olva', 'Meachan', 'Strotton', 'Arizona', 'Crossing', '43783', '27', 'Ciriri', '5/21/1995', '7/4/2013', '1/15/2024', '7:10 AM', '7:18 PM', 159, 12996, 'F');
insert into cuidador (RFC_Cuid, Id_Animal, Tipo, Nombre, ApellidoPat, ApellidoMat, Calle, Colonia, Num_Ext, Num_Int, Estado, Fecha_Nac, FechaIn_Con, FechaFin_Con, Hora_Entrada, Hora_Salida, Dias_Trab, Salario, Genero) values ('h320rN070ZC0', 67, 'Sabana', 'Amil', 'Grigoli', 'Tredget', 'Stone Corner', 'Plaza', '8952', '3', 'Ciudad Barrios', '12/4/1971', '10/6/2015', '11/2/2023', '7:27 AM', '7:20 PM', 60, 28500, 'F');
insert into cuidador (RFC_Cuid, Id_Animal, Tipo, Nombre, ApellidoPat, ApellidoMat, Calle, Colonia, Num_Ext, Num_Int, Estado, Fecha_Nac, FechaIn_Con, FechaFin_Con, Hora_Entrada, Hora_Salida, Dias_Trab, Salario, Genero) values ('iDg4025y6rqL', 68, 'Manglar', 'Phillie', 'Bartul', 'Tackett', 'Talisman', 'Avenue', '75', '5376', 'Al Khamīs', '12/19/1982', '12/12/2016', '8/14/2023', '7:27 AM', '7:09 PM', 153, 24395, 'F');
insert into cuidador (RFC_Cuid, Id_Animal, Tipo, Nombre, ApellidoPat, ApellidoMat, Calle, Colonia, Num_Ext, Num_Int, Estado, Fecha_Nac, FechaIn_Con, FechaFin_Con, Hora_Entrada, Hora_Salida, Dias_Trab, Salario, Genero) values ('9tzEHgj1Ouoq', 69, 'Arrecife de Coral', 'Antonius', 'Letterese', 'Feifer', 'Bashford', 'Street', '5', '51', 'Linëvo', '10/22/1999', '12/19/2019', '6/12/2024', '7:12 AM', '7:06 PM', 262, 13975, 'M');
insert into cuidador (RFC_Cuid, Id_Animal, Tipo, Nombre, ApellidoPat, ApellidoMat, Calle, Colonia, Num_Ext, Num_Int, Estado, Fecha_Nac, FechaIn_Con, FechaFin_Con, Hora_Entrada, Hora_Salida, Dias_Trab, Salario, Genero) values ('88WjVEq2iKJ9', 70, 'Selva', 'Dona', 'Kinglesyd', 'Ryson', 'Main', 'Way', '69731', '10', 'Lengor', '9/14/1986', '7/18/2012', '7/15/2023', '7:13 AM', '7:01 PM', 13, 22761, 'F');
insert into cuidador (RFC_Cuid, Id_Animal, Tipo, Nombre, ApellidoPat, ApellidoMat, Calle, Colonia, Num_Ext, Num_Int, Estado, Fecha_Nac, FechaIn_Con, FechaFin_Con, Hora_Entrada, Hora_Salida, Dias_Trab, Salario, Genero) values ('I62N080B9ss4', 71, 'Chaparral', 'Callida', 'Toulch', 'Marrison', 'Ruskin', 'Junction', '41998', '119', 'Bristol', '8/18/1993', '9/11/2011', '11/13/2023', '7:27 AM', '7:12 PM', 152, 28961, 'F');
insert into cuidador (RFC_Cuid, Id_Animal, Tipo, Nombre, ApellidoPat, ApellidoMat, Calle, Colonia, Num_Ext, Num_Int, Estado, Fecha_Nac, FechaIn_Con, FechaFin_Con, Hora_Entrada, Hora_Salida, Dias_Trab, Salario, Genero) values ('0l7QR4AIfggY', 72, 'Selva', 'Gayla', 'Eady', 'Jaszczak', 'Lien', 'Lane', '89', '99', 'Tangping', '10/3/1979', '12/31/2021', '1/12/2023', '7:19 AM', '7:59 PM', 20, 28642, 'F');
insert into cuidador (RFC_Cuid, Id_Animal, Tipo, Nombre, ApellidoPat, ApellidoMat, Calle, Colonia, Num_Ext, Num_Int, Estado, Fecha_Nac, FechaIn_Con, FechaFin_Con, Hora_Entrada, Hora_Salida, Dias_Trab, Salario, Genero) values ('BuddB4KM50b6', 73, 'Arrecife de Coral', 'Charis', 'Brizell', 'Rumsby', 'John Wall', 'Park', '91', '37404', 'Malahide', '12/18/2000', '12/7/2018', '2/8/2024', '7:07 AM', '7:24 PM', 231, 7844, 'F');
insert into cuidador (RFC_Cuid, Id_Animal, Tipo, Nombre, ApellidoPat, ApellidoMat, Calle, Colonia, Num_Ext, Num_Int, Estado, Fecha_Nac, FechaIn_Con, FechaFin_Con, Hora_Entrada, Hora_Salida, Dias_Trab, Salario, Genero) values ('zHwH15G6AdKw', 74, 'Franja costera', 'Dagmar', 'Santer', 'Heading', 'Florence', 'Lane', '1835', '0', 'Oss', '1/24/2001', '8/25/2013', '11/27/2024', '7:25 AM', '7:47 PM', 240, 26022, 'F');
insert into cuidador (RFC_Cuid, Id_Animal, Tipo, Nombre, ApellidoPat, ApellidoMat, Calle, Colonia, Num_Ext, Num_Int, Estado, Fecha_Nac, FechaIn_Con, FechaFin_Con, Hora_Entrada, Hora_Salida, Dias_Trab, Salario, Genero) values ('thuV0UTbiQ29', 75, 'Pantano', 'Coretta', 'Spillman', 'Crosgrove', 'South', 'Junction', '2661', '2', 'San Francisco', '12/30/2000', '12/7/2016', '9/18/2024', '7:19 AM', '7:20 PM', 56, 13391, 'F');
insert into cuidador (RFC_Cuid, Id_Animal, Tipo, Nombre, ApellidoPat, ApellidoMat, Calle, Colonia, Num_Ext, Num_Int, Estado, Fecha_Nac, FechaIn_Con, FechaFin_Con, Hora_Entrada, Hora_Salida, Dias_Trab, Salario, Genero) values ('yxHcFVwlbcHx', 76, 'Bosque Tropical', 'Ronnie', 'Kaszper', 'Quirk', 'Stephen', 'Parkway', '66', '7004', 'Zelenogradsk', '4/12/1986', '1/17/2015', '3/13/2023', '7:28 AM', '7:39 PM', 170, 15552, 'F');
insert into cuidador (RFC_Cuid, Id_Animal, Tipo, Nombre, ApellidoPat, ApellidoMat, Calle, Colonia, Num_Ext, Num_Int, Estado, Fecha_Nac, FechaIn_Con, FechaFin_Con, Hora_Entrada, Hora_Salida, Dias_Trab, Salario, Genero) values ('7MBvSgUNX2y9', 77, 'Taiga', 'Janifer', 'Ramsby', 'Haggerty', 'Weeping Birch', 'Place', '2', '67', 'Oguta', '5/24/1982', '1/17/2020', '12/31/2023', '7:28 AM', '7:38 PM', 203, 24077, 'F');
insert into cuidador (RFC_Cuid, Id_Animal, Tipo, Nombre, ApellidoPat, ApellidoMat, Calle, Colonia, Num_Ext, Num_Int, Estado, Fecha_Nac, FechaIn_Con, FechaFin_Con, Hora_Entrada, Hora_Salida, Dias_Trab, Salario, Genero) values ('ZL34P2j6s40R', 78, 'Manglar', 'Midge', 'Fishbourne', 'Chiommienti', 'Corscot', 'Court', '188', '2257', 'Fangbu', '12/7/1992', '10/23/2020', '10/29/2023', '7:13 AM', '7:25 PM', 318, 22469, 'F');
insert into cuidador (RFC_Cuid, Id_Animal, Tipo, Nombre, ApellidoPat, ApellidoMat, Calle, Colonia, Num_Ext, Num_Int, Estado, Fecha_Nac, FechaIn_Con, FechaFin_Con, Hora_Entrada, Hora_Salida, Dias_Trab, Salario, Genero) values ('6PxPEM5eNvSa', 79, 'Sabana', 'Barbee', 'Gregory', 'Fripps', 'Havey', 'Lane', '9931', '86', 'Xiachengzi', '1/6/1978', '10/14/2010', '4/11/2023', '7:23 AM', '7:07 PM', 155, 26030, 'F');
insert into cuidador (RFC_Cuid, Id_Animal, Tipo, Nombre, ApellidoPat, ApellidoMat, Calle, Colonia, Num_Ext, Num_Int, Estado, Fecha_Nac, FechaIn_Con, FechaFin_Con, Hora_Entrada, Hora_Salida, Dias_Trab, Salario, Genero) values ('kCMi66lUqq93', 80, 'Sabana', 'Duffy', 'Storm', 'Hartigan', 'Thompson', 'Alley', '1103', '3932', 'Narsaq', '3/11/2002', '7/31/2021', '9/18/2023', '7:19 AM', '7:06 PM', 310, 22875, 'M');
insert into cuidador (RFC_Cuid, Id_Animal, Tipo, Nombre, ApellidoPat, ApellidoMat, Calle, Colonia, Num_Ext, Num_Int, Estado, Fecha_Nac, FechaIn_Con, FechaFin_Con, Hora_Entrada, Hora_Salida, Dias_Trab, Salario, Genero) values ('h4e4929etVhe', 81, 'Tundra', 'Anatol', 'Tredget', 'Laban', 'Pierstorff', 'Hill', '067', '6', 'Mników', '8/14/1977', '1/30/2010', '10/1/2024', '7:09 AM', '7:12 PM', 227, 8066, 'M');
insert into cuidador (RFC_Cuid, Id_Animal, Tipo, Nombre, ApellidoPat, ApellidoMat, Calle, Colonia, Num_Ext, Num_Int, Estado, Fecha_Nac, FechaIn_Con, FechaFin_Con, Hora_Entrada, Hora_Salida, Dias_Trab, Salario, Genero) values ('z1oCqTNRi3C1', 82, 'Chaparral', 'Marijo', 'Feavyour', 'Coulthard', 'Oneill', 'Court', '6090', '78', 'Marne-la-Vallée', '5/4/1971', '8/30/2013', '2/2/2023', '7:25 AM', '7:15 PM', 79, 18082, 'F');
insert into cuidador (RFC_Cuid, Id_Animal, Tipo, Nombre, ApellidoPat, ApellidoMat, Calle, Colonia, Num_Ext, Num_Int, Estado, Fecha_Nac, FechaIn_Con, FechaFin_Con, Hora_Entrada, Hora_Salida, Dias_Trab, Salario, Genero) values ('D8zc0l7G4rXX', 83, 'Bosque Templado', 'Howie', 'Battelle', 'Dampney', 'Eagan', 'Parkway', '75394', '4', 'Qingliu', '11/9/1975', '4/7/2012', '11/10/2024', '7:26 AM', '7:39 PM', 141, 15942, 'M');
insert into cuidador (RFC_Cuid, Id_Animal, Tipo, Nombre, ApellidoPat, ApellidoMat, Calle, Colonia, Num_Ext, Num_Int, Estado, Fecha_Nac, FechaIn_Con, FechaFin_Con, Hora_Entrada, Hora_Salida, Dias_Trab, Salario, Genero) values ('nu6MVn44LBwD', 84, 'Bosque de Coníferas', 'Thatcher', 'Keetch', 'Lanham', 'Hoffman', 'Avenue', '86975', '9', 'Samoljica', '6/4/1993', '12/25/2022', '1/21/2024', '7:09 AM', '7:30 PM', 186, 25318, 'M');
insert into cuidador (RFC_Cuid, Id_Animal, Tipo, Nombre, ApellidoPat, ApellidoMat, Calle, Colonia, Num_Ext, Num_Int, Estado, Fecha_Nac, FechaIn_Con, FechaFin_Con, Hora_Entrada, Hora_Salida, Dias_Trab, Salario, Genero) values ('2o3vpv3SC89m', 85, 'Arrecife de Coral', 'Portia', 'Cumine', 'Juza', 'Dixon', 'Parkway', '302', '060', 'Mazyr', '2/8/1987', '8/23/2015', '8/20/2023', '7:25 AM', '7:12 PM', 196, 16485, 'F');
insert into cuidador (RFC_Cuid, Id_Animal, Tipo, Nombre, ApellidoPat, ApellidoMat, Calle, Colonia, Num_Ext, Num_Int, Estado, Fecha_Nac, FechaIn_Con, FechaFin_Con, Hora_Entrada, Hora_Salida, Dias_Trab, Salario, Genero) values ('y3Lp560Y6Hpl', 86, 'Pradera', 'Brittani', 'Willetts', 'Boutellier', 'Evergreen', 'Drive', '67', '84457', 'Columbus', '9/7/1972', '2/14/2010', '5/15/2023', '7:18 AM', '7:54 PM', 265, 7784, 'F');
insert into cuidador (RFC_Cuid, Id_Animal, Tipo, Nombre, ApellidoPat, ApellidoMat, Calle, Colonia, Num_Ext, Num_Int, Estado, Fecha_Nac, FechaIn_Con, FechaFin_Con, Hora_Entrada, Hora_Salida, Dias_Trab, Salario, Genero) values ('iY54dTf0072X', 87, 'Bosque de Coníferas', 'Faulkner', 'Baggot', 'Maskrey', 'Donald', 'Lane', '632', '658', 'Yelan’', '11/29/1992', '9/14/2017', '9/8/2024', '7:19 AM', '7:29 PM', 172, 29438, 'M');
insert into cuidador (RFC_Cuid, Id_Animal, Tipo, Nombre, ApellidoPat, ApellidoMat, Calle, Colonia, Num_Ext, Num_Int, Estado, Fecha_Nac, FechaIn_Con, FechaFin_Con, Hora_Entrada, Hora_Salida, Dias_Trab, Salario, Genero) values ('IVH65zSE9o51', 88, 'Aviario', 'Si', 'Ralls', 'Pina', 'Myrtle', 'Alley', '81719', '6', 'Sindang', '1/21/2000', '6/10/2010', '11/29/2024', '7:01 AM', '7:21 PM', 58, 10243, 'M');
insert into cuidador (RFC_Cuid, Id_Animal, Tipo, Nombre, ApellidoPat, ApellidoMat, Calle, Colonia, Num_Ext, Num_Int, Estado, Fecha_Nac, FechaIn_Con, FechaFin_Con, Hora_Entrada, Hora_Salida, Dias_Trab, Salario, Genero) values ('saALa44QZeSi', 89, 'Selva', 'Thalia', 'Wellesley', 'Erangey', 'Merrick', 'Park', '5216', '55', 'São Sebastião', '12/25/1989', '6/9/2022', '3/29/2024', '7:12 AM', '7:28 PM', 316, 7127, 'F');
insert into cuidador (RFC_Cuid, Id_Animal, Tipo, Nombre, ApellidoPat, ApellidoMat, Calle, Colonia, Num_Ext, Num_Int, Estado, Fecha_Nac, FechaIn_Con, FechaFin_Con, Hora_Entrada, Hora_Salida, Dias_Trab, Salario, Genero) values ('G9ZPI860QQVA', 90, 'Aviario', 'Aguste', 'Djurisic', 'Mauchlen', 'Rieder', 'Hill', '24', '42', 'Skopje', '10/5/1985', '10/13/2022', '7/3/2023', '7:09 AM', '7:38 PM', 11, 26640, 'M');
insert into cuidador (RFC_Cuid, Id_Animal, Tipo, Nombre, ApellidoPat, ApellidoMat, Calle, Colonia, Num_Ext, Num_Int, Estado, Fecha_Nac, FechaIn_Con, FechaFin_Con, Hora_Entrada, Hora_Salida, Dias_Trab, Salario, Genero) values ('46Q9ZnLtFLGX', 91, 'Desierto', 'Marybelle', 'Stilwell', 'Gutridge', 'Buena Vista', 'Trail', '79723', '5000', 'Xambabazar', '8/16/1980', '1/24/2015', '10/22/2023', '7:13 AM', '7:44 PM', 38, 8626, 'F');
insert into cuidador (RFC_Cuid, Id_Animal, Tipo, Nombre, ApellidoPat, ApellidoMat, Calle, Colonia, Num_Ext, Num_Int, Estado, Fecha_Nac, FechaIn_Con, FechaFin_Con, Hora_Entrada, Hora_Salida, Dias_Trab, Salario, Genero) values ('t3M53OxX8TnM', 92, 'Sabana', 'Shirley', 'Crossfield', 'Seeborne', 'Dennis', 'Street', '17800', '0', 'Klang', '9/8/1998', '2/29/2016', '11/27/2023', '7:22 AM', '7:07 PM', 296, 12892, 'F');
insert into cuidador (RFC_Cuid, Id_Animal, Tipo, Nombre, ApellidoPat, ApellidoMat, Calle, Colonia, Num_Ext, Num_Int, Estado, Fecha_Nac, FechaIn_Con, FechaFin_Con, Hora_Entrada, Hora_Salida, Dias_Trab, Salario, Genero) values ('YGJuDOkG0gBo', 93, 'Sabana', 'Bridie', 'Crockett', 'Overstone', 'Fairview', 'Lane', '232', '9173', 'San Antonio', '6/1/1992', '3/26/2017', '1/26/2023', '7:17 AM', '7:00 PM', 214, 8374, 'F');
insert into cuidador (RFC_Cuid, Id_Animal, Tipo, Nombre, ApellidoPat, ApellidoMat, Calle, Colonia, Num_Ext, Num_Int, Estado, Fecha_Nac, FechaIn_Con, FechaFin_Con, Hora_Entrada, Hora_Salida, Dias_Trab, Salario, Genero) values ('764G7er9WqZ4', 94, 'Aviario', 'Lenka', 'Ticic', 'Nestle', 'Bonner', 'Alley', '158', '723', 'Cambanay', '5/18/1985', '6/29/2018', '12/12/2023', '7:30 AM', '7:15 PM', 109, 28205, 'F');
insert into cuidador (RFC_Cuid, Id_Animal, Tipo, Nombre, ApellidoPat, ApellidoMat, Calle, Colonia, Num_Ext, Num_Int, Estado, Fecha_Nac, FechaIn_Con, FechaFin_Con, Hora_Entrada, Hora_Salida, Dias_Trab, Salario, Genero) values ('Hzn969aybFwK', 95, 'Chaparral', 'Corine', 'Odeson', 'Lydden', 'Magdeline', 'Hill', '21', '9025', 'Jesenice', '3/19/1992', '4/13/2014', '3/23/2024', '7:19 AM', '7:34 PM', 315, 24203, 'F');
insert into cuidador (RFC_Cuid, Id_Animal, Tipo, Nombre, ApellidoPat, ApellidoMat, Calle, Colonia, Num_Ext, Num_Int, Estado, Fecha_Nac, FechaIn_Con, FechaFin_Con, Hora_Entrada, Hora_Salida, Dias_Trab, Salario, Genero) values ('zTM3YuTy70hX', 96, 'Aviario', 'Cam', 'Mattheis', 'Le Brom', 'Farmco', 'Parkway', '64', '80', 'Tandag', '3/9/1996', '10/31/2016', '11/3/2023', '7:18 AM', '7:12 PM', 311, 24949, 'M');
insert into cuidador (RFC_Cuid, Id_Animal, Tipo, Nombre, ApellidoPat, ApellidoMat, Calle, Colonia, Num_Ext, Num_Int, Estado, Fecha_Nac, FechaIn_Con, FechaFin_Con, Hora_Entrada, Hora_Salida, Dias_Trab, Salario, Genero) values ('1g8s1Ed80tC2', 97, 'Bosque Templado', 'Katie', 'Benfield', 'Farnish', 'Tomscot', 'Place', '81105', '16', 'Pinheiral', '9/16/1987', '10/15/2010', '2/25/2023', '7:13 AM', '7:56 PM', 212, 24631, 'F');
insert into cuidador (RFC_Cuid, Id_Animal, Tipo, Nombre, ApellidoPat, ApellidoMat, Calle, Colonia, Num_Ext, Num_Int, Estado, Fecha_Nac, FechaIn_Con, FechaFin_Con, Hora_Entrada, Hora_Salida, Dias_Trab, Salario, Genero) values ('4KyF4GcSeUU6', 98, 'Pradera', 'Shirley', 'Rivett', 'Soane', 'Donald', 'Trail', '13304', '2', 'Ulricehamn', '1/17/1976', '4/14/2018', '3/5/2024', '7:26 AM', '7:34 PM', 162, 22516, 'F');
insert into cuidador (RFC_Cuid, Id_Animal, Tipo, Nombre, ApellidoPat, ApellidoMat, Calle, Colonia, Num_Ext, Num_Int, Estado, Fecha_Nac, FechaIn_Con, FechaFin_Con, Hora_Entrada, Hora_Salida, Dias_Trab, Salario, Genero) values ('G7kmnmmTq6YP', 99, 'Franja costera', 'Edythe', 'Jaquin', 'Sline', 'Anderson', 'Street', '37', '4238', 'Log pri Brezovici', '5/23/1986', '6/4/2013', '7/29/2023', '7:08 AM', '7:25 PM', 152, 24050, 'F');
insert into cuidador (RFC_Cuid, Id_Animal, Tipo, Nombre, ApellidoPat, ApellidoMat, Calle, Colonia, Num_Ext, Num_Int, Estado, Fecha_Nac, FechaIn_Con, FechaFin_Con, Hora_Entrada, Hora_Salida, Dias_Trab, Salario, Genero) values ('AThTV1zTWk4V', 100, 'Selva', 'Tanny', 'Cassidy', 'Cothey', 'Comanche', 'Road', '2', '825', 'Ingeniero Guillermo N. Juárez', '8/19/1991', '11/14/2015', '11/1/2024', '7:17 AM', '7:36 PM', 154, 20138, 'M');


-- TABLA TELCUIDADOR(MULTIVLUADO)
insert into telCuid (RFC_Cuid, Tel_Cuid) values ('P017Xqtalk19', '396-975-3118');
insert into telCuid (RFC_Cuid, Tel_Cuid) values ('bOUyhNeHIm0N', '571-774-0232');
insert into telCuid (RFC_Cuid, Tel_Cuid) values ('Q24wKZh1dH4q', '292-371-3048');
insert into telCuid (RFC_Cuid, Tel_Cuid) values ('UVyhwrlu3jot', '927-103-1390');
insert into telCuid (RFC_Cuid, Tel_Cuid) values ('D8zc0l7G4rXX', '514-282-1765');
insert into telCuid (RFC_Cuid, Tel_Cuid) values ('YL4jd844z11c', '923-135-8919');
insert into telCuid (RFC_Cuid, Tel_Cuid) values ('6wL7gRMX84TA', '225-502-7600');
insert into telCuid (RFC_Cuid, Tel_Cuid) values ('bOUyhNeHIm0N', '293-783-2006');
insert into telCuid (RFC_Cuid, Tel_Cuid) values ('kCMi66lUqq93', '636-793-6952');
insert into telCuid (RFC_Cuid, Tel_Cuid) values ('h320rN070ZC0', '657-758-4263');
insert into telCuid (RFC_Cuid, Tel_Cuid) values ('y3Lp560Y6Hpl', '926-868-1704');
insert into telCuid (RFC_Cuid, Tel_Cuid) values ('rz2c5lD8jwE2', '480-497-1241');
insert into telCuid (RFC_Cuid, Tel_Cuid) values ('g1i2JRp4xHk9', '337-106-0980');
insert into telCuid (RFC_Cuid, Tel_Cuid) values ('v85cL2K5f2y3', '836-812-1082');
insert into telCuid (RFC_Cuid, Tel_Cuid) values ('UVyhwrlu3jot', '670-891-6694');
insert into telCuid (RFC_Cuid, Tel_Cuid) values ('576lRXCcinS4', '831-919-8179');
insert into telCuid (RFC_Cuid, Tel_Cuid) values ('Otf6Kuu8rL8L', '467-894-8769');
insert into telCuid (RFC_Cuid, Tel_Cuid) values ('G7kmnmmTq6YP', '568-733-6444');
insert into telCuid (RFC_Cuid, Tel_Cuid) values ('igxbT86JA3zR', '485-360-4557');
insert into telCuid (RFC_Cuid, Tel_Cuid) values ('6J5Z631G8TL2', '302-286-7790');
insert into telCuid (RFC_Cuid, Tel_Cuid) values ('kCMi66lUqq93', '865-311-3846');
insert into telCuid (RFC_Cuid, Tel_Cuid) values ('bOUyhNeHIm0N', '248-558-9937');
insert into telCuid (RFC_Cuid, Tel_Cuid) values ('UVyhwrlu3jot', '293-626-6322');
insert into telCuid (RFC_Cuid, Tel_Cuid) values ('G7kmnmmTq6YP', '785-940-3646');
insert into telCuid (RFC_Cuid, Tel_Cuid) values ('O83S37mIG3y2', '673-754-2973');
insert into telCuid (RFC_Cuid, Tel_Cuid) values ('AThTV1zTWk4V', '139-290-7837');
insert into telCuid (RFC_Cuid, Tel_Cuid) values ('k1tF7G65O20K', '596-730-8521');
insert into telCuid (RFC_Cuid, Tel_Cuid) values ('zpIDbc063jdL', '819-779-4127');
insert into telCuid (RFC_Cuid, Tel_Cuid) values ('v85cL2K5f2y3', '682-917-6577');
insert into telCuid (RFC_Cuid, Tel_Cuid) values ('Z391bfGe50Z0', '958-225-8558');
insert into telCuid (RFC_Cuid, Tel_Cuid) values ('P017Xqtalk19', '446-758-3898');
insert into telCuid (RFC_Cuid, Tel_Cuid) values ('us2H2I20Y0ho', '402-790-2564');
insert into telCuid (RFC_Cuid, Tel_Cuid) values ('Y8qyeD9dYQ64', '208-171-4241');
insert into telCuid (RFC_Cuid, Tel_Cuid) values ('9tzEHgj1Ouoq', '736-858-1952');
insert into telCuid (RFC_Cuid, Tel_Cuid) values ('LPSo3m4a7PeD', '321-604-7944');
insert into telCuid (RFC_Cuid, Tel_Cuid) values ('G7kmnmmTq6YP', '608-221-3695');
insert into telCuid (RFC_Cuid, Tel_Cuid) values ('65eule4inS1h', '727-403-7310');
insert into telCuid (RFC_Cuid, Tel_Cuid) values ('AThTV1zTWk4V', '739-106-6084');
insert into telCuid (RFC_Cuid, Tel_Cuid) values ('rz2c5lD8jwE2', '746-469-1362');
insert into telCuid (RFC_Cuid, Tel_Cuid) values ('o3BknshQ5EFd', '397-482-4337');
insert into telCuid (RFC_Cuid, Tel_Cuid) values ('6CO4GLvt2Nfa', '927-277-1617');
insert into telCuid (RFC_Cuid, Tel_Cuid) values ('us2H2I20Y0ho', '868-839-3567');
insert into telCuid (RFC_Cuid, Tel_Cuid) values ('g3HOViw2uwNk', '675-332-3985');
insert into telCuid (RFC_Cuid, Tel_Cuid) values ('6PxPEM5eNvSa', '357-597-6275');
insert into telCuid (RFC_Cuid, Tel_Cuid) values ('o3BknshQ5EFd', '120-141-1775');
insert into telCuid (RFC_Cuid, Tel_Cuid) values ('IVH65zSE9o51', '699-739-3935');
insert into telCuid (RFC_Cuid, Tel_Cuid) values ('1g8s1Ed80tC2', '784-830-2169');
insert into telCuid (RFC_Cuid, Tel_Cuid) values ('Q24wKZh1dH4q', '332-264-5839');
insert into telCuid (RFC_Cuid, Tel_Cuid) values ('g3HOViw2uwNk', '940-950-2735');
insert into telCuid (RFC_Cuid, Tel_Cuid) values ('Q24wKZh1dH4q', '351-859-9448');
insert into telCuid (RFC_Cuid, Tel_Cuid) values ('PdH0d1F3ka9b', '490-309-2598');
insert into telCuid (RFC_Cuid, Tel_Cuid) values ('I62N080B9ss4', '937-459-0359');
insert into telCuid (RFC_Cuid, Tel_Cuid) values ('iDg4025y6rqL', '833-454-0542');
insert into telCuid (RFC_Cuid, Tel_Cuid) values ('89B9n3LM1a4u', '514-265-8720');
insert into telCuid (RFC_Cuid, Tel_Cuid) values ('nu6MVn44LBwD', '971-729-1801');
insert into telCuid (RFC_Cuid, Tel_Cuid) values ('zpIDbc063jdL', '622-753-4507');
insert into telCuid (RFC_Cuid, Tel_Cuid) values ('P017Xqtalk19', '418-137-2219');
insert into telCuid (RFC_Cuid, Tel_Cuid) values ('v85cL2K5f2y3', '668-446-2239');
insert into telCuid (RFC_Cuid, Tel_Cuid) values ('kCMi66lUqq93', '471-494-4993');
insert into telCuid (RFC_Cuid, Tel_Cuid) values ('PdH0d1F3ka9b', '251-472-0201');
insert into telCuid (RFC_Cuid, Tel_Cuid) values ('y8EhMRnLIZQ4', '318-132-7275');
insert into telCuid (RFC_Cuid, Tel_Cuid) values ('kKz44Bff4975', '147-710-5695');
insert into telCuid (RFC_Cuid, Tel_Cuid) values ('kCMi66lUqq93', '933-397-1874');
insert into telCuid (RFC_Cuid, Tel_Cuid) values ('g1i2JRp4xHk9', '594-229-1194');
insert into telCuid (RFC_Cuid, Tel_Cuid) values ('5RbLBeJL959R', '171-413-1271');
insert into telCuid (RFC_Cuid, Tel_Cuid) values ('q3BgLkV2j7ns', '247-303-4521');
insert into telCuid (RFC_Cuid, Tel_Cuid) values ('hgF8m6kC02d4', '844-688-6368');
insert into telCuid (RFC_Cuid, Tel_Cuid) values ('YGJuDOkG0gBo', '380-481-3264');
insert into telCuid (RFC_Cuid, Tel_Cuid) values ('6Ei7rgqwXcHz', '321-849-7636');
insert into telCuid (RFC_Cuid, Tel_Cuid) values ('Hzn969aybFwK', '372-343-4643');
insert into telCuid (RFC_Cuid, Tel_Cuid) values ('g1i2JRp4xHk9', '502-495-3111');
insert into telCuid (RFC_Cuid, Tel_Cuid) values ('6HjVuC12A09G', '823-988-7661');
insert into telCuid (RFC_Cuid, Tel_Cuid) values ('Q24wKZh1dH4q', '454-880-1220');
insert into telCuid (RFC_Cuid, Tel_Cuid) values ('okL1EA5rKwlD', '151-815-4400');
insert into telCuid (RFC_Cuid, Tel_Cuid) values ('LPSo3m4a7PeD', '886-173-4264');
insert into telCuid (RFC_Cuid, Tel_Cuid) values ('6Ei7rgqwXcHz', '645-952-1057');
insert into telCuid (RFC_Cuid, Tel_Cuid) values ('UVyhwrlu3jot', '338-232-3838');
insert into telCuid (RFC_Cuid, Tel_Cuid) values ('576lRXCcinS4', '935-600-9281');
insert into telCuid (RFC_Cuid, Tel_Cuid) values ('nm2oc7AS8LLD', '953-788-8572');
insert into telCuid (RFC_Cuid, Tel_Cuid) values ('2Hrpx7PK9f9u', '994-801-6311');
insert into telCuid (RFC_Cuid, Tel_Cuid) values ('6R9Pe9bx5NNh', '115-690-8256');
insert into telCuid (RFC_Cuid, Tel_Cuid) values ('o3BknshQ5EFd', '410-265-1768');
insert into telCuid (RFC_Cuid, Tel_Cuid) values ('Otf6Kuu8rL8L', '663-509-6621');
insert into telCuid (RFC_Cuid, Tel_Cuid) values ('g1i2JRp4xHk9', '951-533-6275');
insert into telCuid (RFC_Cuid, Tel_Cuid) values ('y8EhMRnLIZQ4', '608-556-5059');
insert into telCuid (RFC_Cuid, Tel_Cuid) values ('hHK4h6S1I590', '553-661-0325');
insert into telCuid (RFC_Cuid, Tel_Cuid) values ('619a84RE7815', '401-687-1169');
insert into telCuid (RFC_Cuid, Tel_Cuid) values ('AThTV1zTWk4V', '536-818-4502');
insert into telCuid (RFC_Cuid, Tel_Cuid) values ('k1tF7G65O20K', '682-291-6764');
insert into telCuid (RFC_Cuid, Tel_Cuid) values ('t3M53OxX8TnM', '279-542-3021');
insert into telCuid (RFC_Cuid, Tel_Cuid) values ('756lYl4ORaXa', '746-321-0789');
insert into telCuid (RFC_Cuid, Tel_Cuid) values ('BuddB4KM50b6', '995-346-6498');
insert into telCuid (RFC_Cuid, Tel_Cuid) values ('yxHcFVwlbcHx', '787-496-3868');
insert into telCuid (RFC_Cuid, Tel_Cuid) values ('LPSo3m4a7PeD', '857-535-8390');
insert into telCuid (RFC_Cuid, Tel_Cuid) values ('h4e4929etVhe', '840-556-2476');
insert into telCuid (RFC_Cuid, Tel_Cuid) values ('LPSo3m4a7PeD', '967-344-5862');
insert into telCuid (RFC_Cuid, Tel_Cuid) values ('bOUyhNeHIm0N', '451-616-6477');
insert into telCuid (RFC_Cuid, Tel_Cuid) values ('yxHcFVwlbcHx', '962-773-7365');
insert into telCuid (RFC_Cuid, Tel_Cuid) values ('BuddB4KM50b6', '318-957-2219');
insert into telCuid (RFC_Cuid, Tel_Cuid) values ('t3M53OxX8TnM', '636-649-7614');


-- TABLA CORREOCUIDADOR(MULTIVLUADO)
insert into correoCuid (RFC_Cuid, Correo_Cuid) values ('2Hrpx7PK9f9u', 'ogokes0@baidu.com');
insert into correoCuid (RFC_Cuid, Correo_Cuid) values ('rz2c5lD8jwE2', 'rhathorn1@loc.gov');
insert into correoCuid (RFC_Cuid, Correo_Cuid) values ('0l7QR4AIfggY', 'abeadman2@cnn.com');
insert into correoCuid (RFC_Cuid, Correo_Cuid) values ('756lYl4ORaXa', 'smaurice3@hp.com');
insert into correoCuid (RFC_Cuid, Correo_Cuid) values ('h4e4929etVhe', 'gvyse4@dell.com');
insert into correoCuid (RFC_Cuid, Correo_Cuid) values ('619a84RE7815', 'rallwright5@yellowbook.com');
insert into correoCuid (RFC_Cuid, Correo_Cuid) values ('IVH65zSE9o51', 'tlaffin6@google.de');
insert into correoCuid (RFC_Cuid, Correo_Cuid) values ('W4aw8X1fX4sp', 'lnesbeth7@samsung.com');
insert into correoCuid (RFC_Cuid, Correo_Cuid) values ('2Hrpx7PK9f9u', 'mtesto8@github.io');
insert into correoCuid (RFC_Cuid, Correo_Cuid) values ('k1tF7G65O20K', 'dlinke9@multiply.com');
insert into correoCuid (RFC_Cuid, Correo_Cuid) values ('4Dm8iuB1Pr95', 'cnerhenya@newsvine.com');
insert into correoCuid (RFC_Cuid, Correo_Cuid) values ('69pS42SmPj8j', 'ccornellb@google.fr');
insert into correoCuid (RFC_Cuid, Correo_Cuid) values ('h320rN070ZC0', 'sbadgersc@bravesites.com');
insert into correoCuid (RFC_Cuid, Correo_Cuid) values ('89B9n3LM1a4u', 'imudled@patch.com');
insert into correoCuid (RFC_Cuid, Correo_Cuid) values ('k1tF7G65O20K', 'nlaberne@home.pl');
insert into correoCuid (RFC_Cuid, Correo_Cuid) values ('y8EhMRnLIZQ4', 'qfulhamf@cdc.gov');
insert into correoCuid (RFC_Cuid, Correo_Cuid) values ('xcCU8I6I2n3g', 'tswiggerg@psu.edu');
insert into correoCuid (RFC_Cuid, Correo_Cuid) values ('g1i2JRp4xHk9', 'sudellh@domainmarket.com');
insert into correoCuid (RFC_Cuid, Correo_Cuid) values ('iY54dTf0072X', 'gpoultneyi@about.me');
insert into correoCuid (RFC_Cuid, Correo_Cuid) values ('AThTV1zTWk4V', 'msunmanj@foxnews.com');
insert into correoCuid (RFC_Cuid, Correo_Cuid) values ('iY54dTf0072X', 'pbrentk@hao123.com');
insert into correoCuid (RFC_Cuid, Correo_Cuid) values ('6R9Pe9bx5NNh', 'krodriguezl@stanford.edu');
insert into correoCuid (RFC_Cuid, Correo_Cuid) values ('xcCU8I6I2n3g', 'dbruninim@smh.com.au');
insert into correoCuid (RFC_Cuid, Correo_Cuid) values ('G9ZPI860QQVA', 'okellawayn@themeforest.net');
insert into correoCuid (RFC_Cuid, Correo_Cuid) values ('nm2oc7AS8LLD', 'spinnockeo@illinois.edu');
insert into correoCuid (RFC_Cuid, Correo_Cuid) values ('nu6MVn44LBwD', 'ddionisettop@mapy.cz');
insert into correoCuid (RFC_Cuid, Correo_Cuid) values ('kCMi66lUqq93', 'sgermonq@ezinearticles.com');
insert into correoCuid (RFC_Cuid, Correo_Cuid) values ('y8EhMRnLIZQ4', 'fkeerr@symantec.com');
insert into correoCuid (RFC_Cuid, Correo_Cuid) values ('46Q9ZnLtFLGX', 'pbanghams@sfgate.com');
insert into correoCuid (RFC_Cuid, Correo_Cuid) values ('iDg4025y6rqL', 'jpoyzert@dailymail.co.uk');
insert into correoCuid (RFC_Cuid, Correo_Cuid) values ('9tzEHgj1Ouoq', 'mfeatherbieu@accuweather.com');
insert into correoCuid (RFC_Cuid, Correo_Cuid) values ('PdH0d1F3ka9b', 'hpedrocchiv@toplist.cz');
insert into correoCuid (RFC_Cuid, Correo_Cuid) values ('46Q9ZnLtFLGX', 'kkaradzasw@tinyurl.com');
insert into correoCuid (RFC_Cuid, Correo_Cuid) values ('AThTV1zTWk4V', 'cgoringx@ucoz.ru');
insert into correoCuid (RFC_Cuid, Correo_Cuid) values ('v85cL2K5f2y3', 'bdeandisiey@zimbio.com');
insert into correoCuid (RFC_Cuid, Correo_Cuid) values ('iDg4025y6rqL', 'laimerz@cbsnews.com');
insert into correoCuid (RFC_Cuid, Correo_Cuid) values ('Lnu6Kbo8614t', 'jcollen10@yale.edu');
insert into correoCuid (RFC_Cuid, Correo_Cuid) values ('nm2oc7AS8LLD', 'idemko11@youtu.be');
insert into correoCuid (RFC_Cuid, Correo_Cuid) values ('hHK4h6S1I590', 'tpumfrett12@blogger.com');
insert into correoCuid (RFC_Cuid, Correo_Cuid) values ('zpIDbc063jdL', 'ldunn13@hhs.gov');
insert into correoCuid (RFC_Cuid, Correo_Cuid) values ('PdH0d1F3ka9b', 'ljess14@cnet.com');
insert into correoCuid (RFC_Cuid, Correo_Cuid) values ('D8zc0l7G4rXX', 'amoar15@hibu.com');
insert into correoCuid (RFC_Cuid, Correo_Cuid) values ('rz2c5lD8jwE2', 'redgecumbe16@indiegogo.com');
insert into correoCuid (RFC_Cuid, Correo_Cuid) values ('zpIDbc063jdL', 'ksymington17@newsvine.com');
insert into correoCuid (RFC_Cuid, Correo_Cuid) values ('BuddB4KM50b6', 'rparcells18@aboutads.info');
insert into correoCuid (RFC_Cuid, Correo_Cuid) values ('764G7er9WqZ4', 'hharbard19@pagesperso-orange.fr');
insert into correoCuid (RFC_Cuid, Correo_Cuid) values ('F8MhacUB2408', 'cdutch1a@linkedin.com');
insert into correoCuid (RFC_Cuid, Correo_Cuid) values ('LPSo3m4a7PeD', 'rnavaro1b@ocn.ne.jp');
insert into correoCuid (RFC_Cuid, Correo_Cuid) values ('2o3vpv3SC89m', 'nmarxsen1c@baidu.com');
insert into correoCuid (RFC_Cuid, Correo_Cuid) values ('Nt19hN1F2wqs', 'sraff1d@sakura.ne.jp');
insert into correoCuid (RFC_Cuid, Correo_Cuid) values ('z1oCqTNRi3C1', 'kmalby1e@illinois.edu');
insert into correoCuid (RFC_Cuid, Correo_Cuid) values ('hgF8m6kC02d4', 'htomlett1f@bandcamp.com');
insert into correoCuid (RFC_Cuid, Correo_Cuid) values ('70fUB6q4KoVG', 'acool1g@bloglines.com');
insert into correoCuid (RFC_Cuid, Correo_Cuid) values ('h320rN070ZC0', 'bbraniff1h@wunderground.com');
insert into correoCuid (RFC_Cuid, Correo_Cuid) values ('zpIDbc063jdL', 'ehugland1i@globo.com');
insert into correoCuid (RFC_Cuid, Correo_Cuid) values ('ZL34P2j6s40R', 'emacgaughy1j@about.com');
insert into correoCuid (RFC_Cuid, Correo_Cuid) values ('UVyhwrlu3jot', 'mbroschek1k@free.fr');
insert into correoCuid (RFC_Cuid, Correo_Cuid) values ('h320rN070ZC0', 'ddrinan1l@usgs.gov');
insert into correoCuid (RFC_Cuid, Correo_Cuid) values ('h4e4929etVhe', 'mluc1m@abc.net.au');
insert into correoCuid (RFC_Cuid, Correo_Cuid) values ('Z391bfGe50Z0', 'fmcilwrath1n@github.com');
insert into correoCuid (RFC_Cuid, Correo_Cuid) values ('89B9n3LM1a4u', 'bvidler1o@studiopress.com');
insert into correoCuid (RFC_Cuid, Correo_Cuid) values ('rz2c5lD8jwE2', 'imcilmorie1p@nytimes.com');
insert into correoCuid (RFC_Cuid, Correo_Cuid) values ('g3HOViw2uwNk', 'csoffe1q@instagram.com');
insert into correoCuid (RFC_Cuid, Correo_Cuid) values ('I62N080B9ss4', 'jcumpton1r@npr.org');
insert into correoCuid (RFC_Cuid, Correo_Cuid) values ('2o3vpv3SC89m', 'ljeffryes1s@indiatimes.com');
insert into correoCuid (RFC_Cuid, Correo_Cuid) values ('xcCU8I6I2n3g', 'fmcparland1t@gov.uk');
insert into correoCuid (RFC_Cuid, Correo_Cuid) values ('hgF8m6kC02d4', 'hdronsfield1u@marriott.com');
insert into correoCuid (RFC_Cuid, Correo_Cuid) values ('6Ei7rgqwXcHz', 'hlosemann1v@auda.org.au');
insert into correoCuid (RFC_Cuid, Correo_Cuid) values ('PdH0d1F3ka9b', 'emercik1w@dedecms.com');
insert into correoCuid (RFC_Cuid, Correo_Cuid) values ('igxbT86JA3zR', 'cdanjoie1x@dagondesign.com');
insert into correoCuid (RFC_Cuid, Correo_Cuid) values ('Hzn969aybFwK', 'cbaylis1y@columbia.edu');
insert into correoCuid (RFC_Cuid, Correo_Cuid) values ('k1tF7G65O20K', 'coxford1z@cbslocal.com');
insert into correoCuid (RFC_Cuid, Correo_Cuid) values ('Nt19hN1F2wqs', 'bdonald20@google.cn');
insert into correoCuid (RFC_Cuid, Correo_Cuid) values ('zTM3YuTy70hX', 'limpy21@technorati.com');
insert into correoCuid (RFC_Cuid, Correo_Cuid) values ('4KyF4GcSeUU6', 'ajeanes22@cafepress.com');
insert into correoCuid (RFC_Cuid, Correo_Cuid) values ('619a84RE7815', 'dmockler23@mashable.com');
insert into correoCuid (RFC_Cuid, Correo_Cuid) values ('kCMi66lUqq93', 'lescalera24@bloglovin.com');
insert into correoCuid (RFC_Cuid, Correo_Cuid) values ('thuV0UTbiQ29', 'pkummerlowe25@uol.com.br');
insert into correoCuid (RFC_Cuid, Correo_Cuid) values ('v85cL2K5f2y3', 'fpiggen26@salon.com');
insert into correoCuid (RFC_Cuid, Correo_Cuid) values ('89B9n3LM1a4u', 'lspellworth27@umn.edu');
insert into correoCuid (RFC_Cuid, Correo_Cuid) values ('S7R1ZO5x4BKB', 'rmeachen28@aboutads.info');
insert into correoCuid (RFC_Cuid, Correo_Cuid) values ('01Vr4Pqd34P0', 'danfusso29@ezinearticles.com');
insert into correoCuid (RFC_Cuid, Correo_Cuid) values ('n6Aq13yEG0eU', 'calvin2a@sphinn.com');
insert into correoCuid (RFC_Cuid, Correo_Cuid) values ('65eule4inS1h', 'gtrimme2b@japanpost.jp');
insert into correoCuid (RFC_Cuid, Correo_Cuid) values ('PdH0d1F3ka9b', 'jgoodin2c@amazon.de');
insert into correoCuid (RFC_Cuid, Correo_Cuid) values ('88WjVEq2iKJ9', 'rrolfi2d@indiegogo.com');
insert into correoCuid (RFC_Cuid, Correo_Cuid) values ('c1aoUq29kKxa', 'lscarffe2e@youtube.com');
insert into correoCuid (RFC_Cuid, Correo_Cuid) values ('UVyhwrlu3jot', 'iwillstrop2f@youtube.com');
insert into correoCuid (RFC_Cuid, Correo_Cuid) values ('69pS42SmPj8j', 'ljeeks2g@google.cn');
insert into correoCuid (RFC_Cuid, Correo_Cuid) values ('0l7QR4AIfggY', 'zbarrabeale2h@xinhuanet.com');
insert into correoCuid (RFC_Cuid, Correo_Cuid) values ('moA9p25Xkiu8', 'ggodspeede2i@feedburner.com');
insert into correoCuid (RFC_Cuid, Correo_Cuid) values ('W4aw8X1fX4sp', 'mdungate2j@goo.ne.jp');
insert into correoCuid (RFC_Cuid, Correo_Cuid) values ('KI6255T82u08', 'vhellard2k@oaic.gov.au');
insert into correoCuid (RFC_Cuid, Correo_Cuid) values ('LK4YJnC6ifL0', 'dstallion2l@joomla.org');
insert into correoCuid (RFC_Cuid, Correo_Cuid) values ('bOUyhNeHIm0N', 'atredget2m@house.gov');
insert into correoCuid (RFC_Cuid, Correo_Cuid) values ('iY54dTf0072X', 'bdowderswell2n@drupal.org');
insert into correoCuid (RFC_Cuid, Correo_Cuid) values ('g1i2JRp4xHk9', 'vpessolt2o@xinhuanet.com');
insert into correoCuid (RFC_Cuid, Correo_Cuid) values ('kCMi66lUqq93', 'lboreland2p@tuttocitta.it');
insert into correoCuid (RFC_Cuid, Correo_Cuid) values ('G9ZPI860QQVA', 'jcastanho2q@skyrock.com');
insert into correoCuid (RFC_Cuid, Correo_Cuid) values ('o3BknshQ5EFd', 'pfelstead2r@addthis.com');


/*  TABLA CLIENTE  */
insert into cliente (CURP, Nombre, ApellidoPat, ApellidoMat, Genero) values ('XHKN967348VEKJEK02', 'Sabine', 'Rivalland', 'Somerton', 'F');
insert into cliente (CURP, Nombre, ApellidoPat, ApellidoMat, Genero) values ('GZYL371625TXGPNC51', 'Thurston', 'Stroband', 'Aldwinckle', 'M');
insert into cliente (CURP, Nombre, ApellidoPat, ApellidoMat, Genero) values ('IONC919934QJOWYD53', 'Bogart', 'Waugh', 'Colebourn', 'M');
insert into cliente (CURP, Nombre, ApellidoPat, ApellidoMat, Genero) values ('YUWE822425ZPTZHX45', 'Charo', 'Blazynski', 'Haslin', 'F');
insert into cliente (CURP, Nombre, ApellidoPat, ApellidoMat, Genero) values ('XOOP595603XCYDPZ72', 'Viv', 'Bruhnsen', 'Ribbens', 'F');
insert into cliente (CURP, Nombre, ApellidoPat, ApellidoMat, Genero) values ('ZPYC793203MDLPCA50', 'Dorette', 'McKernan', 'Ditzel', 'F');
insert into cliente (CURP, Nombre, ApellidoPat, ApellidoMat, Genero) values ('AWVT436113DFZWMS23', 'Hunt', 'Sperry', 'Wallentin', 'M');
insert into cliente (CURP, Nombre, ApellidoPat, ApellidoMat, Genero) values ('DADK477291QIMUKB45', 'Shell', 'Toffler', 'McGeown', 'M');
insert into cliente (CURP, Nombre, ApellidoPat, ApellidoMat, Genero) values ('LYYK143730PXMFMV42', 'Leann', 'Whitman', 'Bryer', 'F');
insert into cliente (CURP, Nombre, ApellidoPat, ApellidoMat, Genero) values ('MUPY156740MHHJLQ06', 'Reamonn', 'Hyrons', 'Crowest', 'M');
insert into cliente (CURP, Nombre, ApellidoPat, ApellidoMat, Genero) values ('FKWN319629ORUINV81', 'Doug', 'Hollidge', 'Aime', 'M');
insert into cliente (CURP, Nombre, ApellidoPat, ApellidoMat, Genero) values ('CKQT416923FTJOOG79', 'Florette', 'Spraberry', 'Frosch', 'F');
insert into cliente (CURP, Nombre, ApellidoPat, ApellidoMat, Genero) values ('UDNB658138GLCXWK17', 'Maxim', 'Leadstone', 'Wanne', 'M');
insert into cliente (CURP, Nombre, ApellidoPat, ApellidoMat, Genero) values ('SGGC538211YLECJT60', 'Jenilee', 'Tremayle', 'Woodus', 'F');
insert into cliente (CURP, Nombre, ApellidoPat, ApellidoMat, Genero) values ('SGXN532205TPTAHI13', 'Ian', 'Ceci', 'Goldwater', 'M');
insert into cliente (CURP, Nombre, ApellidoPat, ApellidoMat, Genero) values ('TBNT133724DGBJJT10', 'Ralina', 'Sweet', 'Taberner', 'F');
insert into cliente (CURP, Nombre, ApellidoPat, ApellidoMat, Genero) values ('OOGS321614BKYFEV65', 'Reina', 'Cardoo', 'Lobell', 'F');
insert into cliente (CURP, Nombre, ApellidoPat, ApellidoMat, Genero) values ('OUUN259373WQOXNB07', 'Lionello', 'Brimblecomb', 'Goadby', 'M');
insert into cliente (CURP, Nombre, ApellidoPat, ApellidoMat, Genero) values ('KYDE625409UKWHRW68', 'Vera', 'Quinnell', 'Rowan', 'F');
insert into cliente (CURP, Nombre, ApellidoPat, ApellidoMat, Genero) values ('LKXB754121YKMFWH30', 'Nonnah', 'Calvey', 'Faragher', 'F');
insert into cliente (CURP, Nombre, ApellidoPat, ApellidoMat, Genero) values ('JWWF687250ADJAFR47', 'Cherrita', 'Cooper', 'Dudley', 'F');
insert into cliente (CURP, Nombre, ApellidoPat, ApellidoMat, Genero) values ('HRFI604029EIPLNK04', 'Gustaf', 'Mariel', 'Lace', 'M');
insert into cliente (CURP, Nombre, ApellidoPat, ApellidoMat, Genero) values ('SNHB732437KCTANA80', 'Wye', 'De Cruce', 'Grix', 'M');
insert into cliente (CURP, Nombre, ApellidoPat, ApellidoMat, Genero) values ('PPZX494266TGCNQF11', 'Harald', 'Ludgrove', 'Rassell', 'M');
insert into cliente (CURP, Nombre, ApellidoPat, ApellidoMat, Genero) values ('KNUD230727QKLAJJ47', 'Harley', 'Wiggin', 'Jeans', 'F');
insert into cliente (CURP, Nombre, ApellidoPat, ApellidoMat, Genero) values ('SIRY386689JQDTSH51', 'Natka', 'Cluer', 'Lidgard', 'F');
insert into cliente (CURP, Nombre, ApellidoPat, ApellidoMat, Genero) values ('EUYI051511CRNGCJ76', 'Konstantine', 'Edgley', 'Haversum', 'M');
insert into cliente (CURP, Nombre, ApellidoPat, ApellidoMat, Genero) values ('UQUW280839XPXHYO18', 'Nancee', 'Maier', 'O''Hannay', 'F');
insert into cliente (CURP, Nombre, ApellidoPat, ApellidoMat, Genero) values ('TXYX466795ZAWQNL05', 'Faydra', 'Cantopher', 'Wagon', 'F');
insert into cliente (CURP, Nombre, ApellidoPat, ApellidoMat, Genero) values ('VOMU204468NEUSKK65', 'Ronnie', 'Bothams', 'Hinstridge', 'F');
insert into cliente (CURP, Nombre, ApellidoPat, ApellidoMat, Genero) values ('ZEXG545185JIYOSE30', 'Shelley', 'Gudge', 'Treacy', 'M');
insert into cliente (CURP, Nombre, ApellidoPat, ApellidoMat, Genero) values ('QOEG346379UTTIPE02', 'Aloise', 'Gillogley', 'Errichelli', 'F');
insert into cliente (CURP, Nombre, ApellidoPat, ApellidoMat, Genero) values ('ZCDK397690PVVJOV67', 'Naomi', 'Saggers', 'Prestney', 'F');
insert into cliente (CURP, Nombre, ApellidoPat, ApellidoMat, Genero) values ('YNHG346710AEYEPR74', 'Felike', 'Stoffels', 'Winterson', 'M');
insert into cliente (CURP, Nombre, ApellidoPat, ApellidoMat, Genero) values ('ZBLD452689PPFCTA09', 'Skipton', 'Ganiford', 'Ioan', 'M');
insert into cliente (CURP, Nombre, ApellidoPat, ApellidoMat, Genero) values ('EQWO975166MAAYTB37', 'Barron', 'Faulder', 'Millbank', 'M');
insert into cliente (CURP, Nombre, ApellidoPat, ApellidoMat, Genero) values ('FWNY918683YSEBQV99', 'Liane', 'Iskowicz', 'Wiggett', 'F');
insert into cliente (CURP, Nombre, ApellidoPat, ApellidoMat, Genero) values ('FFRM030547QTRKCL75', 'Doralynn', 'Antoniat', 'Dunnett', 'F');
insert into cliente (CURP, Nombre, ApellidoPat, ApellidoMat, Genero) values ('AGKN604503ZEZOII74', 'Jenna', 'Zack', 'Greenway', 'F');
insert into cliente (CURP, Nombre, ApellidoPat, ApellidoMat, Genero) values ('AEQX465168PWZDZH17', 'Aguste', 'Casper', 'Gehringer', 'M');
insert into cliente (CURP, Nombre, ApellidoPat, ApellidoMat, Genero) values ('EQUK887358QSAOME68', 'Sandra', 'Cathrall', 'Whaites', 'F');
insert into cliente (CURP, Nombre, ApellidoPat, ApellidoMat, Genero) values ('VNHO144246PZNJNV90', 'Dix', 'Spawforth', 'Tyrrell', 'F');
insert into cliente (CURP, Nombre, ApellidoPat, ApellidoMat, Genero) values ('TUYC467868QNLOLG73', 'Orsa', 'Pick', 'D''Hooghe', 'F');
insert into cliente (CURP, Nombre, ApellidoPat, ApellidoMat, Genero) values ('SFLP766257YZSRPG41', 'Marijn', 'Attenburrow', 'Giovannazzi', 'M');
insert into cliente (CURP, Nombre, ApellidoPat, ApellidoMat, Genero) values ('EAHG013511ECYJFB21', 'Emmy', 'Rowly', 'Pretsel', 'F');
insert into cliente (CURP, Nombre, ApellidoPat, ApellidoMat, Genero) values ('ICKD274844ZTQPAC71', 'Concettina', 'Crotty', 'Dosedale', 'F');
insert into cliente (CURP, Nombre, ApellidoPat, ApellidoMat, Genero) values ('MYZI648893HPRZRK19', 'Waylin', 'Hughes', 'Chrystal', 'M');
insert into cliente (CURP, Nombre, ApellidoPat, ApellidoMat, Genero) values ('WGFC986417VPONQZ88', 'Aurea', 'MacInherney', 'VanBrugh', 'F');
insert into cliente (CURP, Nombre, ApellidoPat, ApellidoMat, Genero) values ('VNNS103082OPKCWQ85', 'Kamillah', 'Le Teve', 'Ambrozik', 'F');
insert into cliente (CURP, Nombre, ApellidoPat, ApellidoMat, Genero) values ('GLYF109106URYHWW93', 'Stillmann', 'Ritchley', 'Stovin', 'M');
insert into cliente (CURP, Nombre, ApellidoPat, ApellidoMat, Genero) values ('JRIN792719IZATRO21', 'Mattheus', 'Widmore', 'Berg', 'M');
insert into cliente (CURP, Nombre, ApellidoPat, ApellidoMat, Genero) values ('JEKC172153DEJFXF41', 'Lian', 'Valenti', 'MacGuigan', 'F');
insert into cliente (CURP, Nombre, ApellidoPat, ApellidoMat, Genero) values ('ZQEV159470TEZBXW21', 'Conrado', 'Lodovichi', 'Hayball', 'M');
insert into cliente (CURP, Nombre, ApellidoPat, ApellidoMat, Genero) values ('EKGS257075GQSNSN64', 'Gus', 'Flamank', 'Pickrill', 'M');
insert into cliente (CURP, Nombre, ApellidoPat, ApellidoMat, Genero) values ('PVRG878125JVHPXM04', 'Robbert', 'McDuffy', 'Meigh', 'M');
insert into cliente (CURP, Nombre, ApellidoPat, ApellidoMat, Genero) values ('QDRA733534NQFJSO90', 'Sonja', 'Salasar', 'Plowright', 'F');
insert into cliente (CURP, Nombre, ApellidoPat, ApellidoMat, Genero) values ('VAXB403614RDQZIU83', 'Juliann', 'Newbold', 'Mannion', 'F');
insert into cliente (CURP, Nombre, ApellidoPat, ApellidoMat, Genero) values ('XVDV044391BBUEZF53', 'Damien', 'Theyer', 'Gong', 'M');
insert into cliente (CURP, Nombre, ApellidoPat, ApellidoMat, Genero) values ('VWIL590879VQXCLF40', 'Amargo', 'Hartop', 'Thams', 'F');
insert into cliente (CURP, Nombre, ApellidoPat, ApellidoMat, Genero) values ('YWHZ231910YPDDSX53', 'Dill', 'Reder', 'Lessmare', 'M');
insert into cliente (CURP, Nombre, ApellidoPat, ApellidoMat, Genero) values ('IRPS913715XIBLUH97', 'Rowland', 'Beeres', 'Skune', 'M');
insert into cliente (CURP, Nombre, ApellidoPat, ApellidoMat, Genero) values ('OJZC294570KHATSL35', 'Claiborne', 'Farlam', 'Hamley', 'M');
insert into cliente (CURP, Nombre, ApellidoPat, ApellidoMat, Genero) values ('TWML412744EGSOHK00', 'Coralie', 'Ruddoch', 'Sproson', 'F');
insert into cliente (CURP, Nombre, ApellidoPat, ApellidoMat, Genero) values ('SONB105542ZLTNUY20', 'Millisent', 'Prevett', 'Knapper', 'F');
insert into cliente (CURP, Nombre, ApellidoPat, ApellidoMat, Genero) values ('TZMV668764YAKXCO99', 'Viki', 'Rodrigues', 'Ward', 'F');
insert into cliente (CURP, Nombre, ApellidoPat, ApellidoMat, Genero) values ('LSUY687743SUYSHM65', 'Jesselyn', 'Ballefant', 'Giraudoux', 'F');
insert into cliente (CURP, Nombre, ApellidoPat, ApellidoMat, Genero) values ('JMJI509158RXJCZR76', 'Rod', 'Curtiss', 'Freezor', 'M');
insert into cliente (CURP, Nombre, ApellidoPat, ApellidoMat, Genero) values ('AMZO879309WMXTOG73', 'Bard', 'Beverley', 'Cable', 'M');
insert into cliente (CURP, Nombre, ApellidoPat, ApellidoMat, Genero) values ('BXZI709362NJDULY24', 'Martha', 'Heibel', 'O''Cuddie', 'F');
insert into cliente (CURP, Nombre, ApellidoPat, ApellidoMat, Genero) values ('RBQR974407ABJQMV06', 'Shayne', 'Arnowitz', 'Varvara', 'F');
insert into cliente (CURP, Nombre, ApellidoPat, ApellidoMat, Genero) values ('ULFT460745EJINST69', 'Karee', 'Morratt', 'Ziemecki', 'F');
insert into cliente (CURP, Nombre, ApellidoPat, ApellidoMat, Genero) values ('SOQN334996EYNXKJ85', 'Lelah', 'Kaesmans', 'Hassekl', 'F');
insert into cliente (CURP, Nombre, ApellidoPat, ApellidoMat, Genero) values ('SMHA617525KWOXET21', 'Esra', 'Riteley', 'Rubrow', 'M');
insert into cliente (CURP, Nombre, ApellidoPat, ApellidoMat, Genero) values ('XKSK907624GVKKCD37', 'Malena', 'Petti', 'Son', 'F');
insert into cliente (CURP, Nombre, ApellidoPat, ApellidoMat, Genero) values ('MBEV622378EHBNUB11', 'Angie', 'Meade', 'Sitlinton', 'F');
insert into cliente (CURP, Nombre, ApellidoPat, ApellidoMat, Genero) values ('AHIU658776BHZVLR52', 'Dmitri', 'Primarolo', 'Bister', 'M');
insert into cliente (CURP, Nombre, ApellidoPat, ApellidoMat, Genero) values ('XFMX283818TMOOFO41', 'Ellerey', 'Di Biasio', 'Redding', 'M');
insert into cliente (CURP, Nombre, ApellidoPat, ApellidoMat, Genero) values ('CWXJ107795ZPLILI81', 'Suzanna', 'McGuff', 'Burgher', 'F');
insert into cliente (CURP, Nombre, ApellidoPat, ApellidoMat, Genero) values ('FPBE214145VPZANR14', 'Stormy', 'Carrack', 'Beardshaw', 'F');
insert into cliente (CURP, Nombre, ApellidoPat, ApellidoMat, Genero) values ('WEBN117225EVFTDE29', 'Laurie', 'Feare', 'Alekseev', 'F');
insert into cliente (CURP, Nombre, ApellidoPat, ApellidoMat, Genero) values ('TPUY647479VLZOTV45', 'Haroun', 'Malloy', 'Prestedge', 'M');
insert into cliente (CURP, Nombre, ApellidoPat, ApellidoMat, Genero) values ('VAZA063542DTIGVC08', 'Rollins', 'Muat', 'Sole', 'M');
insert into cliente (CURP, Nombre, ApellidoPat, ApellidoMat, Genero) values ('YARJ581280FIGFFN96', 'Edi', 'Monelli', 'Engelbrecht', 'F');
insert into cliente (CURP, Nombre, ApellidoPat, ApellidoMat, Genero) values ('QZHW140881RLMNGN43', 'Boycey', 'Milburne', 'Doidge', 'M');
insert into cliente (CURP, Nombre, ApellidoPat, ApellidoMat, Genero) values ('UUVT364170YCTNPX59', 'Pablo', 'Swires', 'Favell', 'M');
insert into cliente (CURP, Nombre, ApellidoPat, ApellidoMat, Genero) values ('LDMX057604IXOHLS53', 'Gaye', 'Oxterby', 'Cartan', 'F');
insert into cliente (CURP, Nombre, ApellidoPat, ApellidoMat, Genero) values ('CJID564695VOEPDH55', 'Benjy', 'Foreman', 'Dudson', 'M');
insert into cliente (CURP, Nombre, ApellidoPat, ApellidoMat, Genero) values ('HFJX182973GKZOAP69', 'Joli', 'Richten', 'Andreuzzi', 'F');
insert into cliente (CURP, Nombre, ApellidoPat, ApellidoMat, Genero) values ('YZUY849364MVCUJR09', 'Conant', 'Noller', 'Renols', 'M');
insert into cliente (CURP, Nombre, ApellidoPat, ApellidoMat, Genero) values ('YLWS620183GRDAJD31', 'Alysia', 'Cardenoza', 'Hepher', 'F');
insert into cliente (CURP, Nombre, ApellidoPat, ApellidoMat, Genero) values ('BMBW029311WSYUNT48', 'Datha', 'Chrispin', 'Haskell', 'F');
insert into cliente (CURP, Nombre, ApellidoPat, ApellidoMat, Genero) values ('IGAX733890TOELTU18', 'Brian', 'Caherny', 'Gutowska', 'M');
insert into cliente (CURP, Nombre, ApellidoPat, ApellidoMat, Genero) values ('SDLW732875PYJUJW88', 'Chelsae', 'Ebsworth', 'Hopewell', 'F');
insert into cliente (CURP, Nombre, ApellidoPat, ApellidoMat, Genero) values ('XLAA947857HDSDHA65', 'Magnum', 'Buckles', 'Korneichik', 'M');
insert into cliente (CURP, Nombre, ApellidoPat, ApellidoMat, Genero) values ('KWUF270332UJCODI42', 'Ange', 'Spender', 'Smeuin', 'F');
insert into cliente (CURP, Nombre, ApellidoPat, ApellidoMat, Genero) values ('GLFX019664ZDUIMG01', 'Jerry', 'Gumley', 'Warlaw', 'M');
insert into cliente (CURP, Nombre, ApellidoPat, ApellidoMat, Genero) values ('HMWF604075LVJXTS42', 'Jermaine', 'Leggitt', 'Lindwall', 'F');
insert into cliente (CURP, Nombre, ApellidoPat, ApellidoMat, Genero) values ('KAXQ214057AFBOEW44', 'Ardis', 'Kembry', 'Chadwell', 'F');
insert into cliente (CURP, Nombre, ApellidoPat, ApellidoMat, Genero) values ('SAPH883684XPXYYX56', 'Thatch', 'Presland', 'Swainson', 'M');
insert into cliente (CURP, Nombre, ApellidoPat, ApellidoMat, Genero) values ('KHDA717872FQKHCH34', 'Vanya', 'Robe', 'Vogeler', 'M');


--TABLA TELCLIENTE(MULTIVALUADO)
insert into telClien (CURP, Tel_Clien) values ('SFLP766257YZSRPG41', '416-696-6037');
insert into telClien (CURP, Tel_Clien) values ('OJZC294570KHATSL35', '676-404-8241');
insert into telClien (CURP, Tel_Clien) values ('RBQR974407ABJQMV06', '124-987-2329');
insert into telClien (CURP, Tel_Clien) values ('SIRY386689JQDTSH51', '798-802-6062');
insert into telClien (CURP, Tel_Clien) values ('JMJI509158RXJCZR76', '456-214-6268');
insert into telClien (CURP, Tel_Clien) values ('UDNB658138GLCXWK17', '449-656-8803');
insert into telClien (CURP, Tel_Clien) values ('IRPS913715XIBLUH97', '126-909-4067');
insert into telClien (CURP, Tel_Clien) values ('JEKC172153DEJFXF41', '955-387-9820');
insert into telClien (CURP, Tel_Clien) values ('OOGS321614BKYFEV65', '404-706-7072');
insert into telClien (CURP, Tel_Clien) values ('QDRA733534NQFJSO90', '357-278-4928');
insert into telClien (CURP, Tel_Clien) values ('KYDE625409UKWHRW68', '623-356-3727');
insert into telClien (CURP, Tel_Clien) values ('AEQX465168PWZDZH17', '648-530-7422');
insert into telClien (CURP, Tel_Clien) values ('TUYC467868QNLOLG73', '758-513-0173');
insert into telClien (CURP, Tel_Clien) values ('TZMV668764YAKXCO99', '720-182-7910');
insert into telClien (CURP, Tel_Clien) values ('VWIL590879VQXCLF40', '727-541-4628');
insert into telClien (CURP, Tel_Clien) values ('LSUY687743SUYSHM65', '248-421-7983');
insert into telClien (CURP, Tel_Clien) values ('PPZX494266TGCNQF11', '357-508-7849');
insert into telClien (CURP, Tel_Clien) values ('LYYK143730PXMFMV42', '538-630-8323');
insert into telClien (CURP, Tel_Clien) values ('VAZA063542DTIGVC08', '434-261-0342');
insert into telClien (CURP, Tel_Clien) values ('UQUW280839XPXHYO18', '566-124-6955');
insert into telClien (CURP, Tel_Clien) values ('LKXB754121YKMFWH30', '281-483-1026');
insert into telClien (CURP, Tel_Clien) values ('SNHB732437KCTANA80', '290-968-6200');
insert into telClien (CURP, Tel_Clien) values ('XFMX283818TMOOFO41', '620-899-5240');
insert into telClien (CURP, Tel_Clien) values ('OUUN259373WQOXNB07', '999-182-0140');
insert into telClien (CURP, Tel_Clien) values ('LKXB754121YKMFWH30', '877-853-6878');
insert into telClien (CURP, Tel_Clien) values ('KYDE625409UKWHRW68', '992-107-1617');
insert into telClien (CURP, Tel_Clien) values ('FPBE214145VPZANR14', '563-936-9694');
insert into telClien (CURP, Tel_Clien) values ('SNHB732437KCTANA80', '210-749-7037');
insert into telClien (CURP, Tel_Clien) values ('TZMV668764YAKXCO99', '892-876-6574');
insert into telClien (CURP, Tel_Clien) values ('XOOP595603XCYDPZ72', '469-493-3803');
insert into telClien (CURP, Tel_Clien) values ('QZHW140881RLMNGN43', '386-591-6528');
insert into telClien (CURP, Tel_Clien) values ('ICKD274844ZTQPAC71', '334-556-3118');
insert into telClien (CURP, Tel_Clien) values ('CKQT416923FTJOOG79', '345-725-8031');
insert into telClien (CURP, Tel_Clien) values ('OOGS321614BKYFEV65', '436-479-3998');
insert into telClien (CURP, Tel_Clien) values ('VNNS103082OPKCWQ85', '770-754-0606');
insert into telClien (CURP, Tel_Clien) values ('SNHB732437KCTANA80', '633-762-0646');
insert into telClien (CURP, Tel_Clien) values ('FFRM030547QTRKCL75', '146-293-4580');
insert into telClien (CURP, Tel_Clien) values ('KHDA717872FQKHCH34', '849-333-2572');
insert into telClien (CURP, Tel_Clien) values ('KWUF270332UJCODI42', '816-757-4280');
insert into telClien (CURP, Tel_Clien) values ('DADK477291QIMUKB45', '279-335-0419');
insert into telClien (CURP, Tel_Clien) values ('CWXJ107795ZPLILI81', '887-838-4406');
insert into telClien (CURP, Tel_Clien) values ('ULFT460745EJINST69', '928-640-4955');
insert into telClien (CURP, Tel_Clien) values ('BMBW029311WSYUNT48', '411-564-9664');
insert into telClien (CURP, Tel_Clien) values ('YLWS620183GRDAJD31', '427-317-6351');
insert into telClien (CURP, Tel_Clien) values ('AHIU658776BHZVLR52', '626-238-7628');
insert into telClien (CURP, Tel_Clien) values ('EKGS257075GQSNSN64', '336-112-5254');
insert into telClien (CURP, Tel_Clien) values ('TPUY647479VLZOTV45', '258-954-5441');
insert into telClien (CURP, Tel_Clien) values ('UUVT364170YCTNPX59', '960-632-6919');
insert into telClien (CURP, Tel_Clien) values ('TWML412744EGSOHK00', '970-910-0597');
insert into telClien (CURP, Tel_Clien) values ('HFJX182973GKZOAP69', '897-306-6991');
insert into telClien (CURP, Tel_Clien) values ('SIRY386689JQDTSH51', '299-898-8920');
insert into telClien (CURP, Tel_Clien) values ('IGAX733890TOELTU18', '748-357-6678');
insert into telClien (CURP, Tel_Clien) values ('GLYF109106URYHWW93', '786-922-9655');
insert into telClien (CURP, Tel_Clien) values ('YWHZ231910YPDDSX53', '210-455-7192');
insert into telClien (CURP, Tel_Clien) values ('MUPY156740MHHJLQ06', '733-100-7705');
insert into telClien (CURP, Tel_Clien) values ('TZMV668764YAKXCO99', '905-567-1506');
insert into telClien (CURP, Tel_Clien) values ('EQWO975166MAAYTB37', '760-313-1262');
insert into telClien (CURP, Tel_Clien) values ('YLWS620183GRDAJD31', '825-133-5567');
insert into telClien (CURP, Tel_Clien) values ('GZYL371625TXGPNC51', '889-264-6618');
insert into telClien (CURP, Tel_Clien) values ('XOOP595603XCYDPZ72', '529-835-1522');
insert into telClien (CURP, Tel_Clien) values ('IGAX733890TOELTU18', '124-745-3838');
insert into telClien (CURP, Tel_Clien) values ('BXZI709362NJDULY24', '517-720-8944');
insert into telClien (CURP, Tel_Clien) values ('TUYC467868QNLOLG73', '313-118-4235');
insert into telClien (CURP, Tel_Clien) values ('EKGS257075GQSNSN64', '374-362-1025');
insert into telClien (CURP, Tel_Clien) values ('TXYX466795ZAWQNL05', '108-444-7131');
insert into telClien (CURP, Tel_Clien) values ('CWXJ107795ZPLILI81', '303-257-1384');
insert into telClien (CURP, Tel_Clien) values ('AGKN604503ZEZOII74', '345-233-3578');
insert into telClien (CURP, Tel_Clien) values ('ZBLD452689PPFCTA09', '763-984-6450');
insert into telClien (CURP, Tel_Clien) values ('AMZO879309WMXTOG73', '723-628-8231');
insert into telClien (CURP, Tel_Clien) values ('ZPYC793203MDLPCA50', '111-143-4256');
insert into telClien (CURP, Tel_Clien) values ('ICKD274844ZTQPAC71', '229-761-6249');
insert into telClien (CURP, Tel_Clien) values ('TZMV668764YAKXCO99', '711-729-3521');
insert into telClien (CURP, Tel_Clien) values ('JEKC172153DEJFXF41', '486-782-1534');
insert into telClien (CURP, Tel_Clien) values ('SOQN334996EYNXKJ85', '212-911-2482');
insert into telClien (CURP, Tel_Clien) values ('TUYC467868QNLOLG73', '864-872-0818');
insert into telClien (CURP, Tel_Clien) values ('XKSK907624GVKKCD37', '804-746-6744');
insert into telClien (CURP, Tel_Clien) values ('JRIN792719IZATRO21', '845-504-8962');
insert into telClien (CURP, Tel_Clien) values ('PPZX494266TGCNQF11', '927-680-8227');
insert into telClien (CURP, Tel_Clien) values ('KNUD230727QKLAJJ47', '767-308-6527');
insert into telClien (CURP, Tel_Clien) values ('CWXJ107795ZPLILI81', '627-946-8354');
insert into telClien (CURP, Tel_Clien) values ('HMWF604075LVJXTS42', '566-320-6001');
insert into telClien (CURP, Tel_Clien) values ('TUYC467868QNLOLG73', '279-635-7242');
insert into telClien (CURP, Tel_Clien) values ('UUVT364170YCTNPX59', '441-366-1253');
insert into telClien (CURP, Tel_Clien) values ('CKQT416923FTJOOG79', '296-738-6383');
insert into telClien (CURP, Tel_Clien) values ('EAHG013511ECYJFB21', '946-701-0819');
insert into telClien (CURP, Tel_Clien) values ('SOQN334996EYNXKJ85', '781-240-4584');
insert into telClien (CURP, Tel_Clien) values ('MYZI648893HPRZRK19', '626-170-3458');
insert into telClien (CURP, Tel_Clien) values ('RBQR974407ABJQMV06', '750-351-6806');
insert into telClien (CURP, Tel_Clien) values ('SDLW732875PYJUJW88', '903-426-1544');
insert into telClien (CURP, Tel_Clien) values ('XVDV044391BBUEZF53', '434-521-9517');
insert into telClien (CURP, Tel_Clien) values ('VAXB403614RDQZIU83', '494-157-4133');
insert into telClien (CURP, Tel_Clien) values ('OJZC294570KHATSL35', '879-266-7422');
insert into telClien (CURP, Tel_Clien) values ('WEBN117225EVFTDE29', '562-396-8688');
insert into telClien (CURP, Tel_Clien) values ('QDRA733534NQFJSO90', '548-433-4894');
insert into telClien (CURP, Tel_Clien) values ('XKSK907624GVKKCD37', '563-260-2219');
insert into telClien (CURP, Tel_Clien) values ('BXZI709362NJDULY24', '536-488-3860');
insert into telClien (CURP, Tel_Clien) values ('EQWO975166MAAYTB37', '685-400-1084');
insert into telClien (CURP, Tel_Clien) values ('IRPS913715XIBLUH97', '274-406-1938');
insert into telClien (CURP, Tel_Clien) values ('LKXB754121YKMFWH30', '240-986-0335');
insert into telClien (CURP, Tel_Clien) values ('SGGC538211YLECJT60', '162-914-1755');

--TABLA CORREOCLIENTE(MULTIVALUADO)

insert into correoClien (CURP, Correo_Clien) values ('JRIN792719IZATRO21', 'spundy0@hibu.com');
insert into correoClien (CURP, Correo_Clien) values ('GZYL371625TXGPNC51', 'jgillaspy1@123-reg.co.uk');
insert into correoClien (CURP, Correo_Clien) values ('SGGC538211YLECJT60', 'flawie2@vk.com');
insert into correoClien (CURP, Correo_Clien) values ('EQUK887358QSAOME68', 'zpile3@usatoday.com');
insert into correoClien (CURP, Correo_Clien) values ('QDRA733534NQFJSO90', 'fmclanachan4@ow.ly');
insert into correoClien (CURP, Correo_Clien) values ('AHIU658776BHZVLR52', 'cenzley5@stumbleupon.com');
insert into correoClien (CURP, Correo_Clien) values ('FWNY918683YSEBQV99', 'gvandrill6@so-net.ne.jp');
insert into correoClien (CURP, Correo_Clien) values ('EKGS257075GQSNSN64', 'lmatts7@goodreads.com');
insert into correoClien (CURP, Correo_Clien) values ('AMZO879309WMXTOG73', 'ramorts8@dagondesign.com');
insert into correoClien (CURP, Correo_Clien) values ('QDRA733534NQFJSO90', 'ballsup9@prweb.com');
insert into correoClien (CURP, Correo_Clien) values ('XKSK907624GVKKCD37', 'akleinpeltza@toplist.cz');
insert into correoClien (CURP, Correo_Clien) values ('OOGS321614BKYFEV65', 'emaddysonb@blogs.com');
insert into correoClien (CURP, Correo_Clien) values ('AMZO879309WMXTOG73', 'cwalbyc@amazon.de');
insert into correoClien (CURP, Correo_Clien) values ('GLFX019664ZDUIMG01', 'cselld@multiply.com');
insert into correoClien (CURP, Correo_Clien) values ('IRPS913715XIBLUH97', 'cbelfelte@parallels.com');
insert into correoClien (CURP, Correo_Clien) values ('OJZC294570KHATSL35', 'dmcsharryf@wsj.com');
insert into correoClien (CURP, Correo_Clien) values ('SGXN532205TPTAHI13', 'kpresnellg@cafepress.com');
insert into correoClien (CURP, Correo_Clien) values ('BMBW029311WSYUNT48', 'tquiddingtonh@behance.net');
insert into correoClien (CURP, Correo_Clien) values ('LSUY687743SUYSHM65', 'tkunathi@mit.edu');
insert into correoClien (CURP, Correo_Clien) values ('TXYX466795ZAWQNL05', 'dgoadbyj@marriott.com');
insert into correoClien (CURP, Correo_Clien) values ('CKQT416923FTJOOG79', 'gfranzonettik@netlog.com');
insert into correoClien (CURP, Correo_Clien) values ('AMZO879309WMXTOG73', 'svaggl@hubpages.com');
insert into correoClien (CURP, Correo_Clien) values ('SGGC538211YLECJT60', 'smannam@google.de');
insert into correoClien (CURP, Correo_Clien) values ('AMZO879309WMXTOG73', 'gwindebankn@theglobeandmail.com');
insert into correoClien (CURP, Correo_Clien) values ('QDRA733534NQFJSO90', 'vsircombeo@biblegateway.com');
insert into correoClien (CURP, Correo_Clien) values ('QOEG346379UTTIPE02', 'ehollowp@infoseek.co.jp');
insert into correoClien (CURP, Correo_Clien) values ('BXZI709362NJDULY24', 'mchopyq@seesaa.net');
insert into correoClien (CURP, Correo_Clien) values ('EKGS257075GQSNSN64', 'awingarr@unc.edu');
insert into correoClien (CURP, Correo_Clien) values ('VNHO144246PZNJNV90', 'amcconachies@ebay.com');
insert into correoClien (CURP, Correo_Clien) values ('TUYC467868QNLOLG73', 'arosiert@dailymail.co.uk');
insert into correoClien (CURP, Correo_Clien) values ('EKGS257075GQSNSN64', 'arheaumeu@pcworld.com');
insert into correoClien (CURP, Correo_Clien) values ('HMWF604075LVJXTS42', 'cropkingv@wikipedia.org');
insert into correoClien (CURP, Correo_Clien) values ('XHKN967348VEKJEK02', 'mcasellaw@census.gov');
insert into correoClien (CURP, Correo_Clien) values ('TWML412744EGSOHK00', 'cstiggersx@blogspot.com');
insert into correoClien (CURP, Correo_Clien) values ('ZPYC793203MDLPCA50', 'esteedmany@sun.com');
insert into correoClien (CURP, Correo_Clien) values ('SGXN532205TPTAHI13', 'lfoundz@barnesandnoble.com');
insert into correoClien (CURP, Correo_Clien) values ('LYYK143730PXMFMV42', 'bdobbison10@desdev.cn');
insert into correoClien (CURP, Correo_Clien) values ('VAZA063542DTIGVC08', 'fbondley11@statcounter.com');
insert into correoClien (CURP, Correo_Clien) values ('TZMV668764YAKXCO99', 'ngreensides12@baidu.com');
insert into correoClien (CURP, Correo_Clien) values ('VAZA063542DTIGVC08', 'rleaning13@xinhuanet.com');
insert into correoClien (CURP, Correo_Clien) values ('YNHG346710AEYEPR74', 'tgetcliff14@psu.edu');
insert into correoClien (CURP, Correo_Clien) values ('VNHO144246PZNJNV90', 'bcockrem15@cpanel.net');
insert into correoClien (CURP, Correo_Clien) values ('IONC919934QJOWYD53', 'mgreendale16@businessinsider.com');
insert into correoClien (CURP, Correo_Clien) values ('WEBN117225EVFTDE29', 'hmeineking17@themeforest.net');
insert into correoClien (CURP, Correo_Clien) values ('LDMX057604IXOHLS53', 'rpadley18@google.co.uk');
insert into correoClien (CURP, Correo_Clien) values ('VOMU204468NEUSKK65', 'dpaquet19@fc2.com');
insert into correoClien (CURP, Correo_Clien) values ('SIRY386689JQDTSH51', 'kcastiglio1a@nature.com');
insert into correoClien (CURP, Correo_Clien) values ('LKXB754121YKMFWH30', 'crabjohns1b@google.cn');
insert into correoClien (CURP, Correo_Clien) values ('ULFT460745EJINST69', 'khawtrey1c@networkadvertising.org');
insert into correoClien (CURP, Correo_Clien) values ('JEKC172153DEJFXF41', 'mgeake1d@twitpic.com');
insert into correoClien (CURP, Correo_Clien) values ('PPZX494266TGCNQF11', 'rswire1e@icio.us');
insert into correoClien (CURP, Correo_Clien) values ('YARJ581280FIGFFN96', 'jsissot1f@bing.com');
insert into correoClien (CURP, Correo_Clien) values ('AWVT436113DFZWMS23', 'bstorton1g@businessinsider.com');
insert into correoClien (CURP, Correo_Clien) values ('MUPY156740MHHJLQ06', 'afarquar1h@aol.com');
insert into correoClien (CURP, Correo_Clien) values ('IONC919934QJOWYD53', 'hmousby1i@cdc.gov');
insert into correoClien (CURP, Correo_Clien) values ('UUVT364170YCTNPX59', 'vblitz1j@smh.com.au');
insert into correoClien (CURP, Correo_Clien) values ('UDNB658138GLCXWK17', 'lmacgiany1k@cdc.gov');
insert into correoClien (CURP, Correo_Clien) values ('ICKD274844ZTQPAC71', 'bscherer1l@kickstarter.com');
insert into correoClien (CURP, Correo_Clien) values ('UUVT364170YCTNPX59', 'vlazer1m@tripadvisor.com');
insert into correoClien (CURP, Correo_Clien) values ('YWHZ231910YPDDSX53', 'ctitt1n@weibo.com');
insert into correoClien (CURP, Correo_Clien) values ('UQUW280839XPXHYO18', 'pgillet1o@jalbum.net');
insert into correoClien (CURP, Correo_Clien) values ('MBEV622378EHBNUB11', 'hbirchenhead1p@unc.edu');
insert into correoClien (CURP, Correo_Clien) values ('XOOP595603XCYDPZ72', 'wjoire1q@mozilla.org');
insert into correoClien (CURP, Correo_Clien) values ('CJID564695VOEPDH55', 'sattwill1r@arizona.edu');
insert into correoClien (CURP, Correo_Clien) values ('VWIL590879VQXCLF40', 'droof1s@cbslocal.com');
insert into correoClien (CURP, Correo_Clien) values ('MYZI648893HPRZRK19', 'bfitzgibbon1t@nih.gov');
insert into correoClien (CURP, Correo_Clien) values ('OJZC294570KHATSL35', 'bverrills1u@npr.org');
insert into correoClien (CURP, Correo_Clien) values ('JWWF687250ADJAFR47', 'npietri1v@toplist.cz');
insert into correoClien (CURP, Correo_Clien) values ('CKQT416923FTJOOG79', 'cbaldree1w@soundcloud.com');
insert into correoClien (CURP, Correo_Clien) values ('MUPY156740MHHJLQ06', 'abirchall1x@woothemes.com');
insert into correoClien (CURP, Correo_Clien) values ('EKGS257075GQSNSN64', 'kwoliter1y@posterous.com');
insert into correoClien (CURP, Correo_Clien) values ('YARJ581280FIGFFN96', 'wmagne1z@yelp.com');
insert into correoClien (CURP, Correo_Clien) values ('DADK477291QIMUKB45', 'dmaddern20@cocolog-nifty.com');
insert into correoClien (CURP, Correo_Clien) values ('SIRY386689JQDTSH51', 'sblandford21@tamu.edu');
insert into correoClien (CURP, Correo_Clien) values ('VAZA063542DTIGVC08', 'gmaffeo22@boston.com');
insert into correoClien (CURP, Correo_Clien) values ('ZQEV159470TEZBXW21', 'amoncarr23@harvard.edu');
insert into correoClien (CURP, Correo_Clien) values ('SDLW732875PYJUJW88', 'jfearey24@cam.ac.uk');
insert into correoClien (CURP, Correo_Clien) values ('LSUY687743SUYSHM65', 'jburton25@indiegogo.com');
insert into correoClien (CURP, Correo_Clien) values ('XFMX283818TMOOFO41', 'fgarric26@dell.com');
insert into correoClien (CURP, Correo_Clien) values ('SIRY386689JQDTSH51', 'pferrarese27@sogou.com');
insert into correoClien (CURP, Correo_Clien) values ('HFJX182973GKZOAP69', 'cgooding28@microsoft.com');
insert into correoClien (CURP, Correo_Clien) values ('HFJX182973GKZOAP69', 'bharriman29@constantcontact.com');
insert into correoClien (CURP, Correo_Clien) values ('SAPH883684XPXYYX56', 'sjaneway2a@adobe.com');
insert into correoClien (CURP, Correo_Clien) values ('HFJX182973GKZOAP69', 'gblewett2b@engadget.com');
insert into correoClien (CURP, Correo_Clien) values ('EQWO975166MAAYTB37', 'gyellowley2c@google.co.jp');
insert into correoClien (CURP, Correo_Clien) values ('XHKN967348VEKJEK02', 'cleverington2d@europa.eu');
insert into correoClien (CURP, Correo_Clien) values ('KWUF270332UJCODI42', 'pjanaszewski2e@marriott.com');
insert into correoClien (CURP, Correo_Clien) values ('FPBE214145VPZANR14', 'eheine2f@de.vu');
insert into correoClien (CURP, Correo_Clien) values ('LKXB754121YKMFWH30', 'msandhill2g@cisco.com');
insert into correoClien (CURP, Correo_Clien) values ('XLAA947857HDSDHA65', 'cgrinnikov2h@usatoday.com');
insert into correoClien (CURP, Correo_Clien) values ('DADK477291QIMUKB45', 'dmeijer2i@cbslocal.com');
insert into correoClien (CURP, Correo_Clien) values ('ULFT460745EJINST69', 'mrummings2j@google.pl');
insert into correoClien (CURP, Correo_Clien) values ('QDRA733534NQFJSO90', 'mrivelon2k@upenn.edu');
insert into correoClien (CURP, Correo_Clien) values ('QOEG346379UTTIPE02', 'revins2l@so-net.ne.jp');
insert into correoClien (CURP, Correo_Clien) values ('ZQEV159470TEZBXW21', 'itrulocke2m@topsy.com');
insert into correoClien (CURP, Correo_Clien) values ('AGKN604503ZEZOII74', 'gkingswold2n@umn.edu');
insert into correoClien (CURP, Correo_Clien) values ('VNHO144246PZNJNV90', 'akennion2o@theglobeandmail.com');
insert into correoClien (CURP, Correo_Clien) values ('HFJX182973GKZOAP69', 'zseden2p@imgur.com');
insert into correoClien (CURP, Correo_Clien) values ('VOMU204468NEUSKK65', 'khultberg2q@feedburner.com');
insert into correoClien (CURP, Correo_Clien) values ('JEKC172153DEJFXF41', 'mcourtese2r@unicef.org');

-- MEDICINA
insert into medicina (Lote, RFC_Prov, Cantidad, seRefrigera, Fecha_Cad, labProcedencia) values ('999hy0uLKsLS', 'MZSMEj7fZ2uH', 2, true, '12/8/2023', 'Mills, Price and McDermott');
insert into medicina (Lote, RFC_Prov, Cantidad, seRefrigera, Fecha_Cad, labProcedencia) values ('YIQhXWLg3yiV', 'Ugip20x9VT6g', 1, true, '4/8/2025', 'Huels Group');
insert into medicina (Lote, RFC_Prov, Cantidad, seRefrigera, Fecha_Cad, labProcedencia) values ('uTcupFNakVO6', 'Fa1PXQV3Q0D2', 95, true, '12/8/2024', 'Mosciski-Paucek');
insert into medicina (Lote, RFC_Prov, Cantidad, seRefrigera, Fecha_Cad, labProcedencia) values ('99I85Sk8w34d', '4zHYs5HJ0UsV', 57, true, '10/31/2023', 'Greenfelder-Nienow');
insert into medicina (Lote, RFC_Prov, Cantidad, seRefrigera, Fecha_Cad, labProcedencia) values ('9Bkc5PClauEb', '8LRxczWBMceH', 93, false, '9/5/2024', 'Schowalter-Cartwright');
insert into medicina (Lote, RFC_Prov, Cantidad, seRefrigera, Fecha_Cad, labProcedencia) values ('U325EvZz6G61', '4y9wc49wci4r', 52, true, '11/2/2023', 'Swift LLC');
insert into medicina (Lote, RFC_Prov, Cantidad, seRefrigera, Fecha_Cad, labProcedencia) values ('FKX2cmtVWE12', 'fz9KHEbEtey5', 22, false, '12/15/2023', 'Raynor, Will and Miller');
insert into medicina (Lote, RFC_Prov, Cantidad, seRefrigera, Fecha_Cad, labProcedencia) values ('ww28V6mBCS5u', 'YDgBe62NOz8A', 46, true, '9/27/2024', 'Erdman LLC');
insert into medicina (Lote, RFC_Prov, Cantidad, seRefrigera, Fecha_Cad, labProcedencia) values ('sNlP0vG16f9E', '290S2mMcOBcz', 73, true, '9/27/2023', 'Muller-Fisher');
insert into medicina (Lote, RFC_Prov, Cantidad, seRefrigera, Fecha_Cad, labProcedencia) values ('UV6W917n208D', '514DcPWL3527', 1, false, '4/9/2024', 'Kunde LLC');
insert into medicina (Lote, RFC_Prov, Cantidad, seRefrigera, Fecha_Cad, labProcedencia) values ('Tb5wo80Wn97d', '4GR3J7528834', 94, false, '3/31/2023', 'Cartwright Inc');
insert into medicina (Lote, RFC_Prov, Cantidad, seRefrigera, Fecha_Cad, labProcedencia) values ('k3m0Wo9l49MG', 'LFh5kcCk7Yk7', 69, false, '3/17/2024', 'Dickens, Orn and Nitzsche');
insert into medicina (Lote, RFC_Prov, Cantidad, seRefrigera, Fecha_Cad, labProcedencia) values ('oWESKN9m6V8o', 'gTCN1cJUyTRc', 72, false, '8/11/2024', 'Farrell-Wiegand');
insert into medicina (Lote, RFC_Prov, Cantidad, seRefrigera, Fecha_Cad, labProcedencia) values ('PgBE567AL688', '76uE0ku2u51U', 13, true, '10/25/2023', 'Gleichner-Tillman');
insert into medicina (Lote, RFC_Prov, Cantidad, seRefrigera, Fecha_Cad, labProcedencia) values ('Ar0oeKrw1x95', 'XY2pI303lexZ', 21, true, '5/11/2023', 'Ebert-Romaguera');
insert into medicina (Lote, RFC_Prov, Cantidad, seRefrigera, Fecha_Cad, labProcedencia) values ('CWtkgj4iX519', '72iBgwLYv1jz', 30, true, '5/11/2023', 'Spinka, Schoen and Rath');
insert into medicina (Lote, RFC_Prov, Cantidad, seRefrigera, Fecha_Cad, labProcedencia) values ('G8ksS4R2q5y3', 'dBfy1961g7p0', 79, true, '1/17/2024', 'Wolff, Ernser and Rohan');
insert into medicina (Lote, RFC_Prov, Cantidad, seRefrigera, Fecha_Cad, labProcedencia) values ('Sr3NXHpiVxE8', 'pZ29012E643N', 91, false, '5/9/2025', 'Runolfsson-Carroll');
insert into medicina (Lote, RFC_Prov, Cantidad, seRefrigera, Fecha_Cad, labProcedencia) values ('EQli8m9SxU5n', '7Ux6UK30Q76U', 17, true, '8/19/2024', 'Abshire and Sons');
insert into medicina (Lote, RFC_Prov, Cantidad, seRefrigera, Fecha_Cad, labProcedencia) values ('687o3AyWizwi', 'v6x1gUo5hU9R', 59, false, '2/13/2023', 'McKenzie Group');
insert into medicina (Lote, RFC_Prov, Cantidad, seRefrigera, Fecha_Cad, labProcedencia) values ('a8CmTqB05ukH', 'cfE98W7lOAsz', 72, false, '6/20/2023', 'Kilback-Pfannerstill');
insert into medicina (Lote, RFC_Prov, Cantidad, seRefrigera, Fecha_Cad, labProcedencia) values ('pwAvOyGeAZ1t', 'I0nPrPv1QGKu', 64, true, '9/16/2024', 'Stokes, Stokes and Murazik');
insert into medicina (Lote, RFC_Prov, Cantidad, seRefrigera, Fecha_Cad, labProcedencia) values ('2UpW9psFLl90', 'y9OiO32Fum4U', 2, false, '5/27/2023', 'Corkery, Rohan and Smitham');
insert into medicina (Lote, RFC_Prov, Cantidad, seRefrigera, Fecha_Cad, labProcedencia) values ('PDys93O8e8uT', 'I6Jv0z0rO308', 25, true, '3/27/2024', 'Abshire Inc');
insert into medicina (Lote, RFC_Prov, Cantidad, seRefrigera, Fecha_Cad, labProcedencia) values ('Rq26v6784fGI', '9USh49N82Ayc', 70, true, '2/1/2024', 'Larson Inc');
insert into medicina (Lote, RFC_Prov, Cantidad, seRefrigera, Fecha_Cad, labProcedencia) values ('t2zqKlskbnC9', 'jj7lh3N29Q4D', 37, true, '1/22/2025', 'Schmidt LLC');
insert into medicina (Lote, RFC_Prov, Cantidad, seRefrigera, Fecha_Cad, labProcedencia) values ('WY6P2hXCN5NA', 'wOs37q041N1X', 38, false, '12/8/2022', 'Orn, Hirthe and Batz');
insert into medicina (Lote, RFC_Prov, Cantidad, seRefrigera, Fecha_Cad, labProcedencia) values ('iG89eqVezl39', 'Bml0Euciljp7', 93, true, '8/18/2024', 'Heller-Stracke');
insert into medicina (Lote, RFC_Prov, Cantidad, seRefrigera, Fecha_Cad, labProcedencia) values ('8X93jmm5io95', 'Qur2Q7YK4FhL', 74, false, '8/31/2023', 'Schaefer, Powlowski and Glover');
insert into medicina (Lote, RFC_Prov, Cantidad, seRefrigera, Fecha_Cad, labProcedencia) values ('7TZFX0CKt4l0', 'eYcv2Z4CSvlG', 41, true, '10/24/2025', 'Crona-Hyatt');
insert into medicina (Lote, RFC_Prov, Cantidad, seRefrigera, Fecha_Cad, labProcedencia) values ('qv5i8oWZtvnS', '1225IStHo6T8', 97, false, '12/27/2023', 'Watsica-Cole');
insert into medicina (Lote, RFC_Prov, Cantidad, seRefrigera, Fecha_Cad, labProcedencia) values ('sd2t8Yqe3uJa', 'JO22PAByxda0', 19, true, '6/15/2023', 'Mitchell Inc');
insert into medicina (Lote, RFC_Prov, Cantidad, seRefrigera, Fecha_Cad, labProcedencia) values ('HO62P6ftexe5', 'bw1UYcl1vw54', 69, false, '5/11/2025', 'Waelchi-Lakin');
insert into medicina (Lote, RFC_Prov, Cantidad, seRefrigera, Fecha_Cad, labProcedencia) values ('p141m1ZaShz1', 'IP5oOfVVvx49', 52, false, '11/17/2023', 'Aufderhar-Berge');
insert into medicina (Lote, RFC_Prov, Cantidad, seRefrigera, Fecha_Cad, labProcedencia) values ('DrtrHXJ2C85N', '8u4X10G23h42', 51, false, '6/5/2023', 'Strosin-Schaden');
insert into medicina (Lote, RFC_Prov, Cantidad, seRefrigera, Fecha_Cad, labProcedencia) values ('VMN75c1RLz1Y', 'WNt2rNRl8Zn4', 71, true, '8/6/2025', 'MacGyver-Marquardt');
insert into medicina (Lote, RFC_Prov, Cantidad, seRefrigera, Fecha_Cad, labProcedencia) values ('2rjM60pEHPIX', '3Id8kyF9n7IK', 21, false, '9/8/2023', 'Buckridge Inc');
insert into medicina (Lote, RFC_Prov, Cantidad, seRefrigera, Fecha_Cad, labProcedencia) values ('6wDghGAD04qs', 'LOOjrpW1H9TH', 83, false, '8/17/2024', 'Price, Lebsack and Lang');
insert into medicina (Lote, RFC_Prov, Cantidad, seRefrigera, Fecha_Cad, labProcedencia) values ('7e5PHUS6f831', 'NGM35fif4r5F', 56, true, '5/8/2025', 'Schowalter LLC');
insert into medicina (Lote, RFC_Prov, Cantidad, seRefrigera, Fecha_Cad, labProcedencia) values ('9oeKxIA8x1be', 'P9cekbCx6MsV', 88, true, '4/9/2024', 'MacGyver, Howe and Zulauf');
insert into medicina (Lote, RFC_Prov, Cantidad, seRefrigera, Fecha_Cad, labProcedencia) values ('xA7MhSCN1jUc', 'Yg8k92gzCQeH', 100, true, '9/18/2024', 'Ryan, Runolfsdottir and Rath');
insert into medicina (Lote, RFC_Prov, Cantidad, seRefrigera, Fecha_Cad, labProcedencia) values ('p7CDk6JA0qJd', 'Wup4lolB3mPT', 57, true, '5/18/2025', 'Schinner, Simonis and Quitzon');
insert into medicina (Lote, RFC_Prov, Cantidad, seRefrigera, Fecha_Cad, labProcedencia) values ('1tTwfn9kPQ2r', '1h918Tx8y2y5', 71, true, '8/2/2025', 'Metz Inc');
insert into medicina (Lote, RFC_Prov, Cantidad, seRefrigera, Fecha_Cad, labProcedencia) values ('0wHfNMZf97UD', '2rin3S59Yr5Y', 98, true, '7/15/2024', 'Cormier, Gutmann and Wolf');
insert into medicina (Lote, RFC_Prov, Cantidad, seRefrigera, Fecha_Cad, labProcedencia) values ('F3WUH64Rfbdi', '6yj1smYrCahd', 3, false, '6/20/2024', 'Mayert and Sons');
insert into medicina (Lote, RFC_Prov, Cantidad, seRefrigera, Fecha_Cad, labProcedencia) values ('O7SugOlKcmud', 'p9a3xlPiW0P5', 65, true, '12/21/2023', 'Stracke LLC');
insert into medicina (Lote, RFC_Prov, Cantidad, seRefrigera, Fecha_Cad, labProcedencia) values ('J8r6Ob51K6O8', '55WdUR1SF3pl', 79, true, '10/7/2024', 'Ziemann-Wolf');
insert into medicina (Lote, RFC_Prov, Cantidad, seRefrigera, Fecha_Cad, labProcedencia) values ('7uN5ypGbM3hA', '3dh3pJZ3QVEk', 50, false, '1/14/2024', 'Brekke, West and Sawayn');
insert into medicina (Lote, RFC_Prov, Cantidad, seRefrigera, Fecha_Cad, labProcedencia) values ('zGhgf8M3LuOq', 'VXgPF7iQzgns', 11, false, '5/1/2023', 'Steuber, Koepp and Hilpert');
insert into medicina (Lote, RFC_Prov, Cantidad, seRefrigera, Fecha_Cad, labProcedencia) values ('y2IhTqCPll58', 'b851V60k3Teo', 90, true, '2/10/2024', 'Bogisich, Cole and Rutherford');
insert into medicina (Lote, RFC_Prov, Cantidad, seRefrigera, Fecha_Cad, labProcedencia) values ('c6KiN07E0Wfm', '0vuNMmsZr006', 56, false, '5/19/2023', 'Grady-Schroeder');
insert into medicina (Lote, RFC_Prov, Cantidad, seRefrigera, Fecha_Cad, labProcedencia) values ('97Oc515xw21s', '4FTH3nnb91i2', 9, true, '8/6/2023', 'Mayer-Robel');
insert into medicina (Lote, RFC_Prov, Cantidad, seRefrigera, Fecha_Cad, labProcedencia) values ('yvDaQi9bZ8fi', 'YpedH3iCEbWj', 70, true, '2/4/2023', 'Kuhlman-Rutherford');
insert into medicina (Lote, RFC_Prov, Cantidad, seRefrigera, Fecha_Cad, labProcedencia) values ('J5EtfUFqfWcy', 'a34Qv1aW59d1', 35, false, '12/25/2023', 'Keeling and Sons');
insert into medicina (Lote, RFC_Prov, Cantidad, seRefrigera, Fecha_Cad, labProcedencia) values ('59dt87HV1U7s', '3tbUoubCMl98', 69, true, '8/31/2023', 'O''Reilly, Rosenbaum and Moore');
insert into medicina (Lote, RFC_Prov, Cantidad, seRefrigera, Fecha_Cad, labProcedencia) values ('601wD5f3737a', 'i5k88Sbi6FYB', 7, false, '9/30/2023', 'Lehner and Sons');
insert into medicina (Lote, RFC_Prov, Cantidad, seRefrigera, Fecha_Cad, labProcedencia) values ('Vxl88ouEfh6R', 'GB21GhE6Qbl7', 75, true, '7/21/2025', 'Cronin-Lindgren');
insert into medicina (Lote, RFC_Prov, Cantidad, seRefrigera, Fecha_Cad, labProcedencia) values ('q5YuMGl6onpS', '8D3zOSt4bzUI', 42, true, '7/25/2024', 'Bashirian-Rolfson');
insert into medicina (Lote, RFC_Prov, Cantidad, seRefrigera, Fecha_Cad, labProcedencia) values ('rtf23lVh4uTl', 'a5hAaYACUe6r', 20, false, '6/13/2023', 'Mitchell and Sons');
insert into medicina (Lote, RFC_Prov, Cantidad, seRefrigera, Fecha_Cad, labProcedencia) values ('O3s594QGsf3v', 'LLYyQ7SiF7tT', 16, true, '7/20/2025', 'Ortiz, Monahan and Murazik');
insert into medicina (Lote, RFC_Prov, Cantidad, seRefrigera, Fecha_Cad, labProcedencia) values ('rm259nibc1pE', '85TP5hr44deh', 53, true, '11/30/2022', 'Bartell-Klocko');
insert into medicina (Lote, RFC_Prov, Cantidad, seRefrigera, Fecha_Cad, labProcedencia) values ('n4lH34v24E49', 'V3cac096s5Ia', 75, true, '3/22/2024', 'Bashirian-Hermann');
insert into medicina (Lote, RFC_Prov, Cantidad, seRefrigera, Fecha_Cad, labProcedencia) values ('d6xalJT6W434', '56vS3vjVI3ex', 61, true, '9/24/2024', 'Turcotte, Kuhn and Price');
insert into medicina (Lote, RFC_Prov, Cantidad, seRefrigera, Fecha_Cad, labProcedencia) values ('lN4Xn8wo49r4', 'p8Zql1v12ij5', 72, true, '7/18/2025', 'Hessel Group');
insert into medicina (Lote, RFC_Prov, Cantidad, seRefrigera, Fecha_Cad, labProcedencia) values ('sB2DDMr6CNX4', 'OhIx6o5Ac1qU', 4, true, '8/20/2024', 'Veum, Harris and Wilderman');
insert into medicina (Lote, RFC_Prov, Cantidad, seRefrigera, Fecha_Cad, labProcedencia) values ('nqNmEwO7QE4U', 'N6Bl1Z054hKe', 83, false, '6/25/2025', 'Zieme, Kunde and Koelpin');
insert into medicina (Lote, RFC_Prov, Cantidad, seRefrigera, Fecha_Cad, labProcedencia) values ('ly7z70Cz30BB', 'Z1aaQdEWO1ir', 22, true, '1/15/2023', 'Armstrong, Streich and Monahan');
insert into medicina (Lote, RFC_Prov, Cantidad, seRefrigera, Fecha_Cad, labProcedencia) values ('xhJ41WKLXI1Q', 'v6O2CE3s11K7', 78, false, '5/9/2023', 'Haag-Howe');
insert into medicina (Lote, RFC_Prov, Cantidad, seRefrigera, Fecha_Cad, labProcedencia) values ('pRVvK7719BtW', '885asPHeoR5B', 77, true, '5/21/2023', 'Medhurst Inc');
insert into medicina (Lote, RFC_Prov, Cantidad, seRefrigera, Fecha_Cad, labProcedencia) values ('v778M59VH821', 'UYga06ic0V3E', 22, true, '7/14/2024', 'Tromp-Klocko');
insert into medicina (Lote, RFC_Prov, Cantidad, seRefrigera, Fecha_Cad, labProcedencia) values ('g7TNj8vxqkeG', 'NRw5uu6S5K9q', 95, true, '7/21/2024', 'Marquardt, Wiegand and Hilpert');
insert into medicina (Lote, RFC_Prov, Cantidad, seRefrigera, Fecha_Cad, labProcedencia) values ('5X5BX61q52VC', 'cxvPWtfd0AfL', 24, false, '2/17/2024', 'Feeney-Davis');
insert into medicina (Lote, RFC_Prov, Cantidad, seRefrigera, Fecha_Cad, labProcedencia) values ('23w2bR590d1E', 'Bt5yyi1V6Rk6', 85, true, '11/10/2025', 'Beatty, Nitzsche and Berge');
insert into medicina (Lote, RFC_Prov, Cantidad, seRefrigera, Fecha_Cad, labProcedencia) values ('dM79M9wHp4qX', 'Gb92T3Jw9TYY', 68, true, '4/5/2023', 'Leffler Group');
insert into medicina (Lote, RFC_Prov, Cantidad, seRefrigera, Fecha_Cad, labProcedencia) values ('Iqogs3z9pG48', '8AfhV0IA0JDR', 23, true, '4/6/2023', 'McCullough, Kassulke and Pouros');
insert into medicina (Lote, RFC_Prov, Cantidad, seRefrigera, Fecha_Cad, labProcedencia) values ('KyTtrE3JlS7h', 'KggmZ832j6Un', 32, true, '11/26/2025', 'Wiegand-Wunsch');
insert into medicina (Lote, RFC_Prov, Cantidad, seRefrigera, Fecha_Cad, labProcedencia) values ('Kf86Vb5k4AL8', 'lkVQybu4Wo6n', 95, false, '7/5/2023', 'Leffler, Rempel and Littel');
insert into medicina (Lote, RFC_Prov, Cantidad, seRefrigera, Fecha_Cad, labProcedencia) values ('99p01Zo2Vygq', '0O7aKGzzEPRb', 17, false, '10/22/2024', 'Dibbert-Mayer');
insert into medicina (Lote, RFC_Prov, Cantidad, seRefrigera, Fecha_Cad, labProcedencia) values ('I7xg8CvSAXu3', '0XikWevqT0y0', 32, false, '2/27/2024', 'Rogahn-Schneider');
insert into medicina (Lote, RFC_Prov, Cantidad, seRefrigera, Fecha_Cad, labProcedencia) values ('3aw75Uk2Lvoq', 't25F845K6VdQ', 5, false, '3/10/2025', 'Sanford, Kerluke and Skiles');
insert into medicina (Lote, RFC_Prov, Cantidad, seRefrigera, Fecha_Cad, labProcedencia) values ('CQ68Ktum93Gz', '3XpGp0dY0XwX', 11, false, '1/1/2023', 'Barrows, Hodkiewicz and West');
insert into medicina (Lote, RFC_Prov, Cantidad, seRefrigera, Fecha_Cad, labProcedencia) values ('3d9lKnyRe689', 'XjO2slMO3KvM', 51, false, '1/2/2023', 'Wuckert and Sons');
insert into medicina (Lote, RFC_Prov, Cantidad, seRefrigera, Fecha_Cad, labProcedencia) values ('8S37VUf7Z9TW', '08Iq30z40OPo', 41, false, '5/3/2023', 'Casper Inc');
insert into medicina (Lote, RFC_Prov, Cantidad, seRefrigera, Fecha_Cad, labProcedencia) values ('SINFG31MX45g', '6wKq8JTv8ASo', 12, true, '3/16/2025', 'Dach, Brown and Lynch');
insert into medicina (Lote, RFC_Prov, Cantidad, seRefrigera, Fecha_Cad, labProcedencia) values ('8rj048w9R0wp', '1fz9x82vgeOF', 72, false, '6/13/2025', 'Stokes, Sanford and Heller');
insert into medicina (Lote, RFC_Prov, Cantidad, seRefrigera, Fecha_Cad, labProcedencia) values ('zOhw1RJ9RE5k', 'kruPPaJ0Ikqd', 61, false, '2/13/2025', 'Bogisich and Sons');
insert into medicina (Lote, RFC_Prov, Cantidad, seRefrigera, Fecha_Cad, labProcedencia) values ('Xw5ZhcI7V4DA', 'q40IRnmUj28L', 34, true, '6/21/2025', 'Yost, O''Keefe and Hahn');
insert into medicina (Lote, RFC_Prov, Cantidad, seRefrigera, Fecha_Cad, labProcedencia) values ('tsolLz5o5g5b', '1oWSgjRCPHKG', 37, true, '4/30/2023', 'Wunsch-Beier');
insert into medicina (Lote, RFC_Prov, Cantidad, seRefrigera, Fecha_Cad, labProcedencia) values ('kZ8Mq8G1n1Ln', 'SOA77ebhSgC8', 7, true, '2/10/2025', 'Collier-Schowalter');
insert into medicina (Lote, RFC_Prov, Cantidad, seRefrigera, Fecha_Cad, labProcedencia) values ('uv9DBh4m8149', '5q0C60eBk9Q1', 50, false, '4/23/2025', 'Macejkovic-Nader');
insert into medicina (Lote, RFC_Prov, Cantidad, seRefrigera, Fecha_Cad, labProcedencia) values ('m566tS83254y', 'qr1AwJu0xhB3', 92, true, '8/16/2024', 'Bergstrom and Sons');
insert into medicina (Lote, RFC_Prov, Cantidad, seRefrigera, Fecha_Cad, labProcedencia) values ('YY1PB4xiU1Vt', '4y698t83IMzT', 6, true, '9/13/2025', 'Davis-Gerlach');
insert into medicina (Lote, RFC_Prov, Cantidad, seRefrigera, Fecha_Cad, labProcedencia) values ('WvCJ4B8AvC0C', 'DGn9cYOp11B3', 76, false, '8/30/2023', 'Cormier-McGlynn');
insert into medicina (Lote, RFC_Prov, Cantidad, seRefrigera, Fecha_Cad, labProcedencia) values ('7WCKRLb4WTtW', '95I87727CwpT', 14, true, '12/24/2022', 'O''Kon Group');
insert into medicina (Lote, RFC_Prov, Cantidad, seRefrigera, Fecha_Cad, labProcedencia) values ('Xnoy9JqOOSR1', 'f4OvHhG4fqwY', 38, true, '12/18/2023', 'Zemlak Inc');
insert into medicina (Lote, RFC_Prov, Cantidad, seRefrigera, Fecha_Cad, labProcedencia) values ('6jOKP9K9ZDdz', '4d8jiSPu0F7B', 28, true, '3/30/2024', 'Klocko and Sons');
insert into medicina (Lote, RFC_Prov, Cantidad, seRefrigera, Fecha_Cad, labProcedencia) values ('0Uh67OYcWZ9G', 'n7juGBoYClG9', 58, false, '8/3/2023', 'Jacobs-Auer');
insert into medicina (Lote, RFC_Prov, Cantidad, seRefrigera, Fecha_Cad, labProcedencia) values ('IFIQP9Ne3iT1', 'MEJ1t1JP2uHG', 30, false, '12/20/2023', 'Heathcote-Wiegand');
insert into medicina (Lote, RFC_Prov, Cantidad, seRefrigera, Fecha_Cad, labProcedencia) values ('9N6b2orCH9Fd', '4WogXhM877R4', 98, true, '5/5/2025', 'Runte-Strosin');
insert into medicina (Lote, RFC_Prov, Cantidad, seRefrigera, Fecha_Cad, labProcedencia) values ('JJTCo5rzcl3y', 'B7yOd8o1e266', 26, true, '7/8/2025', 'Torphy-Abbott');

-- DISTRIBUIR_MED
insert into distribuir_Med (Lote, Tipo) values ('999hy0uLKsLS', 'Bosque de Coníferas');
insert into distribuir_Med (Lote, Tipo) values ('YIQhXWLg3yiV', 'Pradera');
insert into distribuir_Med (Lote, Tipo) values ('uTcupFNakVO6', 'Desierto');
insert into distribuir_Med (Lote, Tipo) values ('99I85Sk8w34d', 'Pastizales');
insert into distribuir_Med (Lote, Tipo) values ('9Bkc5PClauEb', 'Manglar');
insert into distribuir_Med (Lote, Tipo) values ('U325EvZz6G61', 'Chaparral');
insert into distribuir_Med (Lote, Tipo) values ('FKX2cmtVWE12', 'Franja costera');
insert into distribuir_Med (Lote, Tipo) values ('ww28V6mBCS5u', 'Aviario');
insert into distribuir_Med (Lote, Tipo) values ('sNlP0vG16f9E', 'Desierto');
insert into distribuir_Med (Lote, Tipo) values ('UV6W917n208D', 'Aviario');
insert into distribuir_Med (Lote, Tipo) values ('Tb5wo80Wn97d', 'Bosque Tropical');
insert into distribuir_Med (Lote, Tipo) values ('k3m0Wo9l49MG', 'Desierto');
insert into distribuir_Med (Lote, Tipo) values ('oWESKN9m6V8o', 'Selva');
insert into distribuir_Med (Lote, Tipo) values ('PgBE567AL688', 'Pantano');
insert into distribuir_Med (Lote, Tipo) values ('Ar0oeKrw1x95', 'Tundra');
insert into distribuir_Med (Lote, Tipo) values ('CWtkgj4iX519', 'Bosque Templado');
insert into distribuir_Med (Lote, Tipo) values ('G8ksS4R2q5y3', 'Pantano');
insert into distribuir_Med (Lote, Tipo) values ('Sr3NXHpiVxE8', 'Pantano');
insert into distribuir_Med (Lote, Tipo) values ('EQli8m9SxU5n', 'Selva');
insert into distribuir_Med (Lote, Tipo) values ('687o3AyWizwi', 'Manglar');
insert into distribuir_Med (Lote, Tipo) values ('a8CmTqB05ukH', 'Pastizales');
insert into distribuir_Med (Lote, Tipo) values ('pwAvOyGeAZ1t', 'Pradera');
insert into distribuir_Med (Lote, Tipo) values ('2UpW9psFLl90', 'Manglar');
insert into distribuir_Med (Lote, Tipo) values ('PDys93O8e8uT', 'Tundra');
insert into distribuir_Med (Lote, Tipo) values ('Rq26v6784fGI', 'Pradera');
insert into distribuir_Med (Lote, Tipo) values ('t2zqKlskbnC9', 'Bosque de Coníferas');
insert into distribuir_Med (Lote, Tipo) values ('WY6P2hXCN5NA', 'Sabana');
insert into distribuir_Med (Lote, Tipo) values ('iG89eqVezl39', 'Sabana');
insert into distribuir_Med (Lote, Tipo) values ('8X93jmm5io95', 'Franja costera');
insert into distribuir_Med (Lote, Tipo) values ('7TZFX0CKt4l0', 'Bosque de Coníferas');
insert into distribuir_Med (Lote, Tipo) values ('qv5i8oWZtvnS', 'Selva');
insert into distribuir_Med (Lote, Tipo) values ('sd2t8Yqe3uJa', 'Bosque de Coníferas');
insert into distribuir_Med (Lote, Tipo) values ('HO62P6ftexe5', 'Arrecife de Coral');
insert into distribuir_Med (Lote, Tipo) values ('p141m1ZaShz1', 'Manglar');
insert into distribuir_Med (Lote, Tipo) values ('DrtrHXJ2C85N', 'Desierto');
insert into distribuir_Med (Lote, Tipo) values ('VMN75c1RLz1Y', 'Tundra');
insert into distribuir_Med (Lote, Tipo) values ('2rjM60pEHPIX', 'Pradera');
insert into distribuir_Med (Lote, Tipo) values ('6wDghGAD04qs', 'Estepa');
insert into distribuir_Med (Lote, Tipo) values ('7e5PHUS6f831', 'Estepa');
insert into distribuir_Med (Lote, Tipo) values ('9oeKxIA8x1be', 'Tundra');
insert into distribuir_Med (Lote, Tipo) values ('xA7MhSCN1jUc', 'Arrecife de Coral');
insert into distribuir_Med (Lote, Tipo) values ('p7CDk6JA0qJd', 'Desierto');
insert into distribuir_Med (Lote, Tipo) values ('1tTwfn9kPQ2r', 'Manglar');
insert into distribuir_Med (Lote, Tipo) values ('0wHfNMZf97UD', 'Tundra');
insert into distribuir_Med (Lote, Tipo) values ('F3WUH64Rfbdi', 'Pantano');
insert into distribuir_Med (Lote, Tipo) values ('O7SugOlKcmud', 'Selva');
insert into distribuir_Med (Lote, Tipo) values ('J8r6Ob51K6O8', 'Pantano');
insert into distribuir_Med (Lote, Tipo) values ('7uN5ypGbM3hA', 'Bosque Templado');
insert into distribuir_Med (Lote, Tipo) values ('zGhgf8M3LuOq', 'Chaparral');
insert into distribuir_Med (Lote, Tipo) values ('y2IhTqCPll58', 'Bosque Tropical');
insert into distribuir_Med (Lote, Tipo) values ('c6KiN07E0Wfm', 'Selva');
insert into distribuir_Med (Lote, Tipo) values ('97Oc515xw21s', 'Bosque Tropical');
insert into distribuir_Med (Lote, Tipo) values ('yvDaQi9bZ8fi', 'Taiga');
insert into distribuir_Med (Lote, Tipo) values ('J5EtfUFqfWcy', 'Bosque Tropical');
insert into distribuir_Med (Lote, Tipo) values ('59dt87HV1U7s', 'Pradera');
insert into distribuir_Med (Lote, Tipo) values ('601wD5f3737a', 'Bosque Tropical');
insert into distribuir_Med (Lote, Tipo) values ('Vxl88ouEfh6R', 'Estepa');
insert into distribuir_Med (Lote, Tipo) values ('q5YuMGl6onpS', 'Sabana');
insert into distribuir_Med (Lote, Tipo) values ('rtf23lVh4uTl', 'Taiga');
insert into distribuir_Med (Lote, Tipo) values ('O3s594QGsf3v', 'Selva');
insert into distribuir_Med (Lote, Tipo) values ('rm259nibc1pE', 'Aviario');
insert into distribuir_Med (Lote, Tipo) values ('n4lH34v24E49', 'Bosque de Coníferas');
insert into distribuir_Med (Lote, Tipo) values ('d6xalJT6W434', 'Tundra');
insert into distribuir_Med (Lote, Tipo) values ('lN4Xn8wo49r4', 'Selva');
insert into distribuir_Med (Lote, Tipo) values ('sB2DDMr6CNX4', 'Pastizales');
insert into distribuir_Med (Lote, Tipo) values ('nqNmEwO7QE4U', 'Estepa');
insert into distribuir_Med (Lote, Tipo) values ('ly7z70Cz30BB', 'Franja costera');
insert into distribuir_Med (Lote, Tipo) values ('xhJ41WKLXI1Q', 'Desierto');
insert into distribuir_Med (Lote, Tipo) values ('pRVvK7719BtW', 'Pradera');
insert into distribuir_Med (Lote, Tipo) values ('v778M59VH821', 'Selva');
insert into distribuir_Med (Lote, Tipo) values ('g7TNj8vxqkeG', 'Estepa');
insert into distribuir_Med (Lote, Tipo) values ('5X5BX61q52VC', 'Franja costera');
insert into distribuir_Med (Lote, Tipo) values ('23w2bR590d1E', 'Selva');
insert into distribuir_Med (Lote, Tipo) values ('dM79M9wHp4qX', 'Desierto');
insert into distribuir_Med (Lote, Tipo) values ('Iqogs3z9pG48', 'Chaparral');
insert into distribuir_Med (Lote, Tipo) values ('KyTtrE3JlS7h', 'Selva');
insert into distribuir_Med (Lote, Tipo) values ('Kf86Vb5k4AL8', 'Pantano');
insert into distribuir_Med (Lote, Tipo) values ('99p01Zo2Vygq', 'Manglar');
insert into distribuir_Med (Lote, Tipo) values ('I7xg8CvSAXu3', 'Bosque de Coníferas');
insert into distribuir_Med (Lote, Tipo) values ('3aw75Uk2Lvoq', 'Bosque Templado');
insert into distribuir_Med (Lote, Tipo) values ('CQ68Ktum93Gz', 'Desierto');
insert into distribuir_Med (Lote, Tipo) values ('3d9lKnyRe689', 'Franja costera');
insert into distribuir_Med (Lote, Tipo) values ('8S37VUf7Z9TW', 'Pastizales');
insert into distribuir_Med (Lote, Tipo) values ('SINFG31MX45g', 'Bosque Templado');
insert into distribuir_Med (Lote, Tipo) values ('8rj048w9R0wp', 'Tundra');
insert into distribuir_Med (Lote, Tipo) values ('zOhw1RJ9RE5k', 'Chaparral');
insert into distribuir_Med (Lote, Tipo) values ('Xw5ZhcI7V4DA', 'Estepa');
insert into distribuir_Med (Lote, Tipo) values ('tsolLz5o5g5b', 'Selva');
insert into distribuir_Med (Lote, Tipo) values ('kZ8Mq8G1n1Ln', 'Estepa');
insert into distribuir_Med (Lote, Tipo) values ('uv9DBh4m8149', 'Arrecife de Coral');
insert into distribuir_Med (Lote, Tipo) values ('m566tS83254y', 'Bosque Templado');
insert into distribuir_Med (Lote, Tipo) values ('YY1PB4xiU1Vt', 'Estepa');
insert into distribuir_Med (Lote, Tipo) values ('WvCJ4B8AvC0C', 'Pastizales');
insert into distribuir_Med (Lote, Tipo) values ('7WCKRLb4WTtW', 'Estepa');
insert into distribuir_Med (Lote, Tipo) values ('Xnoy9JqOOSR1', 'Estepa');
insert into distribuir_Med (Lote, Tipo) values ('6jOKP9K9ZDdz', 'Tundra');
insert into distribuir_Med (Lote, Tipo) values ('0Uh67OYcWZ9G', 'Manglar');
insert into distribuir_Med (Lote, Tipo) values ('IFIQP9Ne3iT1', 'Tundra');
insert into distribuir_Med (Lote, Tipo) values ('9N6b2orCH9Fd', 'Selva');
insert into distribuir_Med (Lote, Tipo) values ('JJTCo5rzcl3y', 'Pastizales');

--SERVICIO
INSERT INTO servicio(Id_Servicio,RFC_Prov) VALUES (1,'75HUUQw7xjcT');
INSERT INTO servicio(Id_Servicio,RFC_Prov) VALUES (2,'MpTUN9OB7CP8');
INSERT INTO servicio(Id_Servicio,RFC_Prov) VALUES (3,'tvyWZZ4OWW4Y');
INSERT INTO servicio(Id_Servicio,RFC_Prov) VALUES (4,'f8IlVH5ErrUV');
INSERT INTO servicio(Id_Servicio,RFC_Prov) VALUES (5,'JHWjfuyUVkcB');
INSERT INTO servicio(Id_Servicio,RFC_Prov) VALUES (6,'JUq6H1GQ3oMU');
INSERT INTO servicio(Id_Servicio,RFC_Prov) VALUES (7,'4Xr1IUCbjcRs');
INSERT INTO servicio(Id_Servicio,RFC_Prov) VALUES (8,'BB2pM2ZBTCBN');
INSERT INTO servicio(Id_Servicio,RFC_Prov) VALUES (9,'rtoGEzgaTR8y');
INSERT INTO servicio(Id_Servicio,RFC_Prov) VALUES (10,'K4yTXMvHz545');
INSERT INTO servicio(Id_Servicio,RFC_Prov) VALUES (11,'j00F1aUfuZKX');
INSERT INTO servicio(Id_Servicio,RFC_Prov) VALUES (12,'wh73Ww0d8BFq');
INSERT INTO servicio(Id_Servicio,RFC_Prov) VALUES (13,'inQ7TyifVUWF');
INSERT INTO servicio(Id_Servicio,RFC_Prov) VALUES (14,'3xyWCRZ8V0MP');
INSERT INTO servicio(Id_Servicio,RFC_Prov) VALUES (15,'gveFqcrsr4mR');
INSERT INTO servicio(Id_Servicio,RFC_Prov) VALUES (16,'J4SUUjPZpctR');
INSERT INTO servicio(Id_Servicio,RFC_Prov) VALUES (17,'1DUgPqj8RsII');
INSERT INTO servicio(Id_Servicio,RFC_Prov) VALUES (18,'QH2hh0n8H4wn');
INSERT INTO servicio(Id_Servicio,RFC_Prov) VALUES (19,'Gs8LmPzXiOlr');
INSERT INTO servicio(Id_Servicio,RFC_Prov) VALUES (20,'CXW9CmwMBwAl');
INSERT INTO servicio(Id_Servicio,RFC_Prov) VALUES (21,'rdjdcedPzDNS');
INSERT INTO servicio(Id_Servicio,RFC_Prov) VALUES (22,'tokbtZrKeBHE');
INSERT INTO servicio(Id_Servicio,RFC_Prov) VALUES (23,'z4ZXPTZlxX1W');
INSERT INTO servicio(Id_Servicio,RFC_Prov) VALUES (24,'vrs5HGcKx43Z');
INSERT INTO servicio(Id_Servicio,RFC_Prov) VALUES (25,'cgvzR2DNQJO7');
INSERT INTO servicio(Id_Servicio,RFC_Prov) VALUES (26,'jXQckuHNOnsd');
INSERT INTO servicio(Id_Servicio,RFC_Prov) VALUES (27,'gaQjlkhO7n3Z');
INSERT INTO servicio(Id_Servicio,RFC_Prov) VALUES (28,'vi19MIL6aa4N');
INSERT INTO servicio(Id_Servicio,RFC_Prov) VALUES (29,'BK8j9dqFdWNm');
INSERT INTO servicio(Id_Servicio,RFC_Prov) VALUES (30,'UaeujLxJlS7O');
INSERT INTO servicio(Id_Servicio,RFC_Prov) VALUES (31,'oucpnim8hUUd');
INSERT INTO servicio(Id_Servicio,RFC_Prov) VALUES (32,'SWBfzjQlIKlE');
INSERT INTO servicio(Id_Servicio,RFC_Prov) VALUES (33,'QrwQgTxKFHIF');
INSERT INTO servicio(Id_Servicio,RFC_Prov) VALUES (34,'2EUCcF84O5rc');
INSERT INTO servicio(Id_Servicio,RFC_Prov) VALUES (35,'zcUKJ3TGOctR');
INSERT INTO servicio(Id_Servicio,RFC_Prov) VALUES (36,'jOvhfPXEyyF9');
INSERT INTO servicio(Id_Servicio,RFC_Prov) VALUES (37,'RXAgaCAfNJcv');
INSERT INTO servicio(Id_Servicio,RFC_Prov) VALUES (38,'vBuT4aAtEcjB');
INSERT INTO servicio(Id_Servicio,RFC_Prov) VALUES (39,'6eYLYHAj2ojU');
INSERT INTO servicio(Id_Servicio,RFC_Prov) VALUES (40,'HyYrQTvZEOSo');
INSERT INTO servicio(Id_Servicio,RFC_Prov) VALUES (41,'nQu7CzCyI5KH');
INSERT INTO servicio(Id_Servicio,RFC_Prov) VALUES (42,'LHLdxZDw9jIY');
INSERT INTO servicio(Id_Servicio,RFC_Prov) VALUES (43,'U80It268CjV8');
INSERT INTO servicio(Id_Servicio,RFC_Prov) VALUES (44,'r0GhHpndXZVV');
INSERT INTO servicio(Id_Servicio,RFC_Prov) VALUES (45,'6W5efiibYlaV');
INSERT INTO servicio(Id_Servicio,RFC_Prov) VALUES (46,'oM459tH5oMYu');
INSERT INTO servicio(Id_Servicio,RFC_Prov) VALUES (47,'LMYHnQa9fo83');
INSERT INTO servicio(Id_Servicio,RFC_Prov) VALUES (48,'BGGnPa4Hhu9Q');
INSERT INTO servicio(Id_Servicio,RFC_Prov) VALUES (49,'Q2OuNq2H8xTN');
INSERT INTO servicio(Id_Servicio,RFC_Prov) VALUES (50,'h0Qe4djSeE3B');
INSERT INTO servicio(Id_Servicio,RFC_Prov) VALUES (51,'F8XG57cmYZuZ');
INSERT INTO servicio(Id_Servicio,RFC_Prov) VALUES (52,'D4pNxbuVcBbZ');
INSERT INTO servicio(Id_Servicio,RFC_Prov) VALUES (53,'Usrc9T4354g3');
INSERT INTO servicio(Id_Servicio,RFC_Prov) VALUES (54,'LSAko2xooSCA');
INSERT INTO servicio(Id_Servicio,RFC_Prov) VALUES (55,'wDkSKO5znmhk');
INSERT INTO servicio(Id_Servicio,RFC_Prov) VALUES (56,'njlsRfaaLgHK');
INSERT INTO servicio(Id_Servicio,RFC_Prov) VALUES (57,'98qAE43IunRq');
INSERT INTO servicio(Id_Servicio,RFC_Prov) VALUES (58,'QAhnhaYPe3tf');
INSERT INTO servicio(Id_Servicio,RFC_Prov) VALUES (59,'3qD5ZXF2h9jd');
INSERT INTO servicio(Id_Servicio,RFC_Prov) VALUES (60,'JnWCmlzWXF9F');
INSERT INTO servicio(Id_Servicio,RFC_Prov) VALUES (61,'z8HYtMXZroX5');
INSERT INTO servicio(Id_Servicio,RFC_Prov) VALUES (62,'YjmwCd2aagAx');
INSERT INTO servicio(Id_Servicio,RFC_Prov) VALUES (63,'829UCo5NG2ry');
INSERT INTO servicio(Id_Servicio,RFC_Prov) VALUES (64,'zvIprMiN9eaj');
INSERT INTO servicio(Id_Servicio,RFC_Prov) VALUES (65,'zO45Bwrt9HvA');
INSERT INTO servicio(Id_Servicio,RFC_Prov) VALUES (66,'GacewIEUe9uc');
INSERT INTO servicio(Id_Servicio,RFC_Prov) VALUES (67,'MvqobBYSbyGB');
INSERT INTO servicio(Id_Servicio,RFC_Prov) VALUES (68,'7kZoCUHuZwgH');
INSERT INTO servicio(Id_Servicio,RFC_Prov) VALUES (69,'yCBBGY2NVQpD');
INSERT INTO servicio(Id_Servicio,RFC_Prov) VALUES (70,'tvFAhx1k1Wbl');
INSERT INTO servicio(Id_Servicio,RFC_Prov) VALUES (71,'AVyQLltkkT5b');
INSERT INTO servicio(Id_Servicio,RFC_Prov) VALUES (72,'AwgTPyIrzed7');
INSERT INTO servicio(Id_Servicio,RFC_Prov) VALUES (73,'G7NjzerMAy4j');
INSERT INTO servicio(Id_Servicio,RFC_Prov) VALUES (74,'vowUXhxQMHva');
INSERT INTO servicio(Id_Servicio,RFC_Prov) VALUES (75,'BHjlmDkgu71E');
INSERT INTO servicio(Id_Servicio,RFC_Prov) VALUES (76,'c4llv0fW7GG7');
INSERT INTO servicio(Id_Servicio,RFC_Prov) VALUES (77,'JHCwblmgX3CF');
INSERT INTO servicio(Id_Servicio,RFC_Prov) VALUES (78,'Rhj4ikInUMJr');
INSERT INTO servicio(Id_Servicio,RFC_Prov) VALUES (79,'7bq9S2KgqA0u');
INSERT INTO servicio(Id_Servicio,RFC_Prov) VALUES (80,'HbYFRK28D1KI');
INSERT INTO servicio(Id_Servicio,RFC_Prov) VALUES (81,'FYmxImm2OjqO');
INSERT INTO servicio(Id_Servicio,RFC_Prov) VALUES (82,'SxMfAbXCXOw9');
INSERT INTO servicio(Id_Servicio,RFC_Prov) VALUES (83,'tRGkEVWtv3Ls');
INSERT INTO servicio(Id_Servicio,RFC_Prov) VALUES (84,'aWRn7D5Wd5li');
INSERT INTO servicio(Id_Servicio,RFC_Prov) VALUES (85,'SCOThdR7Xmk9');
INSERT INTO servicio(Id_Servicio,RFC_Prov) VALUES (86,'IZpH7nGD2eqC');
INSERT INTO servicio(Id_Servicio,RFC_Prov) VALUES (87,'PlTxU1y2P7l1');
INSERT INTO servicio(Id_Servicio,RFC_Prov) VALUES (88,'krBtNZ4CHWQU');
INSERT INTO servicio(Id_Servicio,RFC_Prov) VALUES (89,'mJLxNPr0LOEm');
INSERT INTO servicio(Id_Servicio,RFC_Prov) VALUES (90,'NEimpcCDoxPp');
INSERT INTO servicio(Id_Servicio,RFC_Prov) VALUES (91,'AzGt3X69KiYB');
INSERT INTO servicio(Id_Servicio,RFC_Prov) VALUES (92,'TRHwhU945fxZ');
INSERT INTO servicio(Id_Servicio,RFC_Prov) VALUES (93,'eTvApDbN7Q6m');
INSERT INTO servicio(Id_Servicio,RFC_Prov) VALUES (94,'udEipZbtrn92');
INSERT INTO servicio(Id_Servicio,RFC_Prov) VALUES (95,'8BZv5FFFpNmt');
INSERT INTO servicio(Id_Servicio,RFC_Prov) VALUES (96,'rqiu0rM0fXKa');
INSERT INTO servicio(Id_Servicio,RFC_Prov) VALUES (97,'nU1QQ1AjsKAr');
INSERT INTO servicio(Id_Servicio,RFC_Prov) VALUES (98,'JN6atjwHTqO6');
INSERT INTO servicio(Id_Servicio,RFC_Prov) VALUES (99,'nX8bBVhDM1ep');
INSERT INTO servicio(Id_Servicio,RFC_Prov) VALUES (100,'bYrpa35NK95u');

-- TRABAJAR
insert into trabajar (RFC_Vet, Tipo) values ('0Gb3Sp6iRO7X', 'Tundra');
insert into trabajar (RFC_Vet, Tipo) values ('I16QYx61Hna6', 'Estepa');
insert into trabajar (RFC_Vet, Tipo) values ('eT8M7HrYQV6V', 'Desierto');
insert into trabajar (RFC_Vet, Tipo) values ('knHD6SNm0iDC', 'Tundra');
insert into trabajar (RFC_Vet, Tipo) values ('Kc7XT3aFB9WT', 'Bosque Tropical');
insert into trabajar (RFC_Vet, Tipo) values ('n421U00eEXJr', 'Estepa');
insert into trabajar (RFC_Vet, Tipo) values ('vQlZACs5UlbW', 'Desierto');
insert into trabajar (RFC_Vet, Tipo) values ('2BdKKKU8bXh6', 'Tundra');
insert into trabajar (RFC_Vet, Tipo) values ('2q2zK4ExUn9J', 'Selva');
insert into trabajar (RFC_Vet, Tipo) values ('wAYGxOJ7jN6G', 'Desierto');
insert into trabajar (RFC_Vet, Tipo) values ('LHbaGBqz3128', 'Franja costera');
insert into trabajar (RFC_Vet, Tipo) values ('44xi740IxfXX', 'Arrecife de Coral');
insert into trabajar (RFC_Vet, Tipo) values ('i6O954OQXjzq', 'Selva');
insert into trabajar (RFC_Vet, Tipo) values ('5V2fZ86F06k6', 'Estepa');
insert into trabajar (RFC_Vet, Tipo) values ('9pTnOPtPdp3p', 'Chaparral');
insert into trabajar (RFC_Vet, Tipo) values ('Gt6s1MtMGaw0', 'Selva');
insert into trabajar (RFC_Vet, Tipo) values ('3W7nrCook4pG', 'Sabana');
insert into trabajar (RFC_Vet, Tipo) values ('Z3njLXiDjQR5', 'Bosque de Coníferas');
insert into trabajar (RFC_Vet, Tipo) values ('Sp6eoJN8qm9S', 'Franja costera');
insert into trabajar (RFC_Vet, Tipo) values ('tJMXvrUtzSN7', 'Franja costera');
insert into trabajar (RFC_Vet, Tipo) values ('Tio1ZjyCp1OB', 'Desierto');
insert into trabajar (RFC_Vet, Tipo) values ('8z3SKH6y7GoW', 'Pantano');
insert into trabajar (RFC_Vet, Tipo) values ('gn7cQRt81xz4', 'Pradera');
insert into trabajar (RFC_Vet, Tipo) values ('nnwx66eX5y2i', 'Bosque Tropical');
insert into trabajar (RFC_Vet, Tipo) values ('tJ6UQHdOJA0e', 'Pantano');
insert into trabajar (RFC_Vet, Tipo) values ('N5zDKVS4Tk2D', 'Bosque Templado');
insert into trabajar (RFC_Vet, Tipo) values ('rJ2sPhIzHA3f', 'Franja costera');
insert into trabajar (RFC_Vet, Tipo) values ('iA37g7YPYyUN', 'Tundra');
insert into trabajar (RFC_Vet, Tipo) values ('i3LclHOYIo63', 'Pastizales');
insert into trabajar (RFC_Vet, Tipo) values ('j8N89FP4VK3u', 'Selva');
insert into trabajar (RFC_Vet, Tipo) values ('0jqqi6PKe1Yd', 'Pradera');
insert into trabajar (RFC_Vet, Tipo) values ('afkGU37V92jH', 'Pastizales');
insert into trabajar (RFC_Vet, Tipo) values ('on6o7El1mWWP', 'Estepa');
insert into trabajar (RFC_Vet, Tipo) values ('tMXkZIM97Mb0', 'Bosque Templado');
insert into trabajar (RFC_Vet, Tipo) values ('i04D0pzmvbcj', 'Bosque de Coníferas');
insert into trabajar (RFC_Vet, Tipo) values ('PsD46leetA97', 'Sabana');
insert into trabajar (RFC_Vet, Tipo) values ('C0xzXACoG00y', 'Selva');
insert into trabajar (RFC_Vet, Tipo) values ('Ri7h9Ho8NOf8', 'Sabana');
insert into trabajar (RFC_Vet, Tipo) values ('4oWTqiNKHTVM', 'Bosque Templado');
insert into trabajar (RFC_Vet, Tipo) values ('ZvuRVCqsXKK9', 'Desierto');
insert into trabajar (RFC_Vet, Tipo) values ('2St67O1J0PuF', 'Selva');
insert into trabajar (RFC_Vet, Tipo) values ('83e0713Q5Ht3', 'Pantano');
insert into trabajar (RFC_Vet, Tipo) values ('93rG037Q816w', 'Selva');
insert into trabajar (RFC_Vet, Tipo) values ('06a52jKFacp4', 'Sabana');
insert into trabajar (RFC_Vet, Tipo) values ('Lte1kdo10bEi', 'Taiga');
insert into trabajar (RFC_Vet, Tipo) values ('6NyIs9Lir1yv', 'Arrecife de Coral');
insert into trabajar (RFC_Vet, Tipo) values ('lIb5SK577I1w', 'Chaparral');
insert into trabajar (RFC_Vet, Tipo) values ('gqRUV4BH8D2c', 'Franja costera');
insert into trabajar (RFC_Vet, Tipo) values ('3LcWji95ON5i', 'Pantano');
insert into trabajar (RFC_Vet, Tipo) values ('bK34YNVIQOcp', 'Estepa');
insert into trabajar (RFC_Vet, Tipo) values ('1i7aZP3zsuQk', 'Bosque Tropical');
insert into trabajar (RFC_Vet, Tipo) values ('882w200YSK1g', 'Sabana');
insert into trabajar (RFC_Vet, Tipo) values ('BKQPWE53464W', 'Arrecife de Coral');
insert into trabajar (RFC_Vet, Tipo) values ('pb3rRdoEw050', 'Sabana');
insert into trabajar (RFC_Vet, Tipo) values ('yP2V65TznMrW', 'Bosque de Coníferas');
insert into trabajar (RFC_Vet, Tipo) values ('4ADigFFZ75Wu', 'Bosque Tropical');
insert into trabajar (RFC_Vet, Tipo) values ('Tok66IK8ZRT6', 'Franja costera');
insert into trabajar (RFC_Vet, Tipo) values ('aKeDW2Rxq9R0', 'Aviario');
insert into trabajar (RFC_Vet, Tipo) values ('p4L6zA2s07uG', 'Aviario');
insert into trabajar (RFC_Vet, Tipo) values ('IZar8k65TrJ1', 'Arrecife de Coral');
insert into trabajar (RFC_Vet, Tipo) values ('GN7jwa6OEqK6', 'Bosque Tropical');
insert into trabajar (RFC_Vet, Tipo) values ('aYobUFOThcMd', 'Sabana');
insert into trabajar (RFC_Vet, Tipo) values ('8syzo8yt0h93', 'Bosque Tropical');
insert into trabajar (RFC_Vet, Tipo) values ('iQwVw15d24hW', 'Bosque Templado');
insert into trabajar (RFC_Vet, Tipo) values ('8Ds8yuX6q3HJ', 'Arrecife de Coral');
insert into trabajar (RFC_Vet, Tipo) values ('6RSP2b41Ib87', 'Aviario');
insert into trabajar (RFC_Vet, Tipo) values ('HLZgGzywNxb2', 'Selva');
insert into trabajar (RFC_Vet, Tipo) values ('fQgLsMdfzcec', 'Estepa');
insert into trabajar (RFC_Vet, Tipo) values ('3m38M650Lo19', 'Taiga');
insert into trabajar (RFC_Vet, Tipo) values ('TLCVH493OuI5', 'Bosque de Coníferas');
insert into trabajar (RFC_Vet, Tipo) values ('OX51G7isZZvi', 'Taiga');
insert into trabajar (RFC_Vet, Tipo) values ('DoF92HxxFnmG', 'Taiga');
insert into trabajar (RFC_Vet, Tipo) values ('Yt7er78U95QX', 'Franja costera');
insert into trabajar (RFC_Vet, Tipo) values ('6UnXDQ2E50ny', 'Manglar');
insert into trabajar (RFC_Vet, Tipo) values ('sM35Nb9t5obp', 'Arrecife de Coral');
insert into trabajar (RFC_Vet, Tipo) values ('Qv3W9gHKVKlu', 'Tundra');
insert into trabajar (RFC_Vet, Tipo) values ('j64X1MPu74YV', 'Desierto');
insert into trabajar (RFC_Vet, Tipo) values ('8177jC7dM8m1', 'Estepa');
insert into trabajar (RFC_Vet, Tipo) values ('bI58cxI50XbJ', 'Chaparral');
insert into trabajar (RFC_Vet, Tipo) values ('pC316aE5I5l8', 'Bosque Tropical');
insert into trabajar (RFC_Vet, Tipo) values ('5O3eN5a3Xwqn', 'Tundra');
insert into trabajar (RFC_Vet, Tipo) values ('7T8H08HOoN5P', 'Chaparral');
insert into trabajar (RFC_Vet, Tipo) values ('ufn8a7fnD3a4', 'Bosque Templado');
insert into trabajar (RFC_Vet, Tipo) values ('LWAyo2G7dE82', 'Bosque Templado');
insert into trabajar (RFC_Vet, Tipo) values ('5x47ra60rJBg', 'Selva');
insert into trabajar (RFC_Vet, Tipo) values ('IT2lkSH7So5E', 'Selva');
insert into trabajar (RFC_Vet, Tipo) values ('27619S7i1IKB', 'Franja costera');
insert into trabajar (RFC_Vet, Tipo) values ('N98Wy4p8oH9H', 'Arrecife de Coral');
insert into trabajar (RFC_Vet, Tipo) values ('44iZbB23V1g6', 'Chaparral');
insert into trabajar (RFC_Vet, Tipo) values ('8KOOz01edTR1', 'Bosque Tropical');
insert into trabajar (RFC_Vet, Tipo) values ('nR816n3KFlDq', 'Selva');
insert into trabajar (RFC_Vet, Tipo) values ('MCT9OW8y3Z8o', 'Bosque de Coníferas');
insert into trabajar (RFC_Vet, Tipo) values ('ah357sY4595p', 'Pantano');
insert into trabajar (RFC_Vet, Tipo) values ('LMc9VWiEeNgV', 'Bosque Tropical');
insert into trabajar (RFC_Vet, Tipo) values ('Ll533u5xCDK6', 'Taiga');
insert into trabajar (RFC_Vet, Tipo) values ('EQTsOdzpdpw1', 'Aviario');
insert into trabajar (RFC_Vet, Tipo) values ('ZJwBG3GGTEkO', 'Taiga');
insert into trabajar (RFC_Vet, Tipo) values ('MsDs1A48KhX7', 'Sabana');
insert into trabajar (RFC_Vet, Tipo) values ('1qQ6NHQxVBs7', 'Pradera');
insert into trabajar (RFC_Vet, Tipo) values ('tTTr01K894BK', 'Chaparral');

-- ATENDER
INSERT INTO atender(RFC_Vet,Id_Animal) VALUES ('ah357sY4595p',20);
INSERT INTO atender(RFC_Vet,Id_Animal) VALUES ('ah357sY4595p',84);
INSERT INTO atender(RFC_Vet,Id_Animal) VALUES ('1i7aZP3zsuQk',48);
INSERT INTO atender(RFC_Vet,Id_Animal) VALUES ('EQTsOdzpdpw1',40);
INSERT INTO atender(RFC_Vet,Id_Animal) VALUES ('iA37g7YPYyUN',75);
INSERT INTO atender(RFC_Vet,Id_Animal) VALUES ('nnwx66eX5y2i',66);
INSERT INTO atender(RFC_Vet,Id_Animal) VALUES ('ufn8a7fnD3a4',83);
INSERT INTO atender(RFC_Vet,Id_Animal) VALUES ('i3LclHOYIo63',74);
INSERT INTO atender(RFC_Vet,Id_Animal) VALUES ('pb3rRdoEw050',14);
INSERT INTO atender(RFC_Vet,Id_Animal) VALUES ('44xi740IxfXX',71);
INSERT INTO atender(RFC_Vet,Id_Animal) VALUES ('1qQ6NHQxVBs7',72);
INSERT INTO atender(RFC_Vet,Id_Animal) VALUES ('I16QYx61Hna6',7);
INSERT INTO atender(RFC_Vet,Id_Animal) VALUES ('8Ds8yuX6q3HJ',38);
INSERT INTO atender(RFC_Vet,Id_Animal) VALUES ('DoF92HxxFnmG',87);
INSERT INTO atender(RFC_Vet,Id_Animal) VALUES ('aKeDW2Rxq9R0',43);
INSERT INTO atender(RFC_Vet,Id_Animal) VALUES ('ZJwBG3GGTEkO',99);
INSERT INTO atender(RFC_Vet,Id_Animal) VALUES ('ZJwBG3GGTEkO',97);
INSERT INTO atender(RFC_Vet,Id_Animal) VALUES ('LMc9VWiEeNgV',32);
INSERT INTO atender(RFC_Vet,Id_Animal) VALUES ('tJ6UQHdOJA0e',81);
INSERT INTO atender(RFC_Vet,Id_Animal) VALUES ('882w200YSK1g',17);
INSERT INTO atender(RFC_Vet,Id_Animal) VALUES ('4ADigFFZ75Wu',1);
INSERT INTO atender(RFC_Vet,Id_Animal) VALUES ('8z3SKH6y7GoW',54);
INSERT INTO atender(RFC_Vet,Id_Animal) VALUES ('Ri7h9Ho8NOf8',61);
INSERT INTO atender(RFC_Vet,Id_Animal) VALUES ('IZar8k65TrJ1',10);
INSERT INTO atender(RFC_Vet,Id_Animal) VALUES ('44iZbB23V1g6',53);
INSERT INTO atender(RFC_Vet,Id_Animal) VALUES ('8z3SKH6y7GoW',30);
INSERT INTO atender(RFC_Vet,Id_Animal) VALUES ('8KOOz01edTR1',65);
INSERT INTO atender(RFC_Vet,Id_Animal) VALUES ('5O3eN5a3Xwqn',100);
INSERT INTO atender(RFC_Vet,Id_Animal) VALUES ('Lte1kdo10bEi',59);
INSERT INTO atender(RFC_Vet,Id_Animal) VALUES ('4oWTqiNKHTVM',29);
INSERT INTO atender(RFC_Vet,Id_Animal) VALUES ('3m38M650Lo19',78);
INSERT INTO atender(RFC_Vet,Id_Animal) VALUES ('tJ6UQHdOJA0e',84);
INSERT INTO atender(RFC_Vet,Id_Animal) VALUES ('6UnXDQ2E50ny',3);
INSERT INTO atender(RFC_Vet,Id_Animal) VALUES ('BKQPWE53464W',71);
INSERT INTO atender(RFC_Vet,Id_Animal) VALUES ('83e0713Q5Ht3',4);
INSERT INTO atender(RFC_Vet,Id_Animal) VALUES ('Z3njLXiDjQR5',60);
INSERT INTO atender(RFC_Vet,Id_Animal) VALUES ('IZar8k65TrJ1',38);
INSERT INTO atender(RFC_Vet,Id_Animal) VALUES ('DoF92HxxFnmG',78);
INSERT INTO atender(RFC_Vet,Id_Animal) VALUES ('GN7jwa6OEqK6',41);
INSERT INTO atender(RFC_Vet,Id_Animal) VALUES ('LMc9VWiEeNgV',48);
INSERT INTO atender(RFC_Vet,Id_Animal) VALUES ('93rG037Q816w',2);
INSERT INTO atender(RFC_Vet,Id_Animal) VALUES ('2BdKKKU8bXh6',100);
INSERT INTO atender(RFC_Vet,Id_Animal) VALUES ('3W7nrCook4pG',35);
INSERT INTO atender(RFC_Vet,Id_Animal) VALUES ('3m38M650Lo19',87);
INSERT INTO atender(RFC_Vet,Id_Animal) VALUES ('iA37g7YPYyUN',90);
INSERT INTO atender(RFC_Vet,Id_Animal) VALUES ('bK34YNVIQOcp',44);
INSERT INTO atender(RFC_Vet,Id_Animal) VALUES ('iQwVw15d24hW',42);
INSERT INTO atender(RFC_Vet,Id_Animal) VALUES ('3m38M650Lo19',77);
INSERT INTO atender(RFC_Vet,Id_Animal) VALUES ('N98Wy4p8oH9H',10);
INSERT INTO atender(RFC_Vet,Id_Animal) VALUES ('Ll533u5xCDK6',59);
INSERT INTO atender(RFC_Vet,Id_Animal) VALUES ('Tio1ZjyCp1OB',25);
INSERT INTO atender(RFC_Vet,Id_Animal) VALUES ('8KOOz01edTR1',32);
INSERT INTO atender(RFC_Vet,Id_Animal) VALUES ('Ll533u5xCDK6',68);
INSERT INTO atender(RFC_Vet,Id_Animal) VALUES ('BKQPWE53464W',73);
INSERT INTO atender(RFC_Vet,Id_Animal) VALUES ('MsDs1A48KhX7',39);
INSERT INTO atender(RFC_Vet,Id_Animal) VALUES ('LWAyo2G7dE82',16);
INSERT INTO atender(RFC_Vet,Id_Animal) VALUES ('1qQ6NHQxVBs7',58);
INSERT INTO atender(RFC_Vet,Id_Animal) VALUES ('afkGU37V92jH',63);
INSERT INTO atender(RFC_Vet,Id_Animal) VALUES ('tJ6UQHdOJA0e',54);
INSERT INTO atender(RFC_Vet,Id_Animal) VALUES ('OX51G7isZZvi',68);
INSERT INTO atender(RFC_Vet,Id_Animal) VALUES ('knHD6SNm0iDC',75);
INSERT INTO atender(RFC_Vet,Id_Animal) VALUES ('IT2lkSH7So5E',45);
INSERT INTO atender(RFC_Vet,Id_Animal) VALUES ('j64X1MPu74YV',34);
INSERT INTO atender(RFC_Vet,Id_Animal) VALUES ('pC316aE5I5l8',48);
INSERT INTO atender(RFC_Vet,Id_Animal) VALUES ('LWAyo2G7dE82',83);
INSERT INTO atender(RFC_Vet,Id_Animal) VALUES ('PsD46leetA97',18);
INSERT INTO atender(RFC_Vet,Id_Animal) VALUES ('tMXkZIM97Mb0',16);
INSERT INTO atender(RFC_Vet,Id_Animal) VALUES ('Lte1kdo10bEi',37);
INSERT INTO atender(RFC_Vet,Id_Animal) VALUES ('6UnXDQ2E50ny',82);
INSERT INTO atender(RFC_Vet,Id_Animal) VALUES ('IZar8k65TrJ1',71);
INSERT INTO atender(RFC_Vet,Id_Animal) VALUES ('iQwVw15d24hW',83);
INSERT INTO atender(RFC_Vet,Id_Animal) VALUES ('6NyIs9Lir1yv',79);
INSERT INTO atender(RFC_Vet,Id_Animal) VALUES ('Gt6s1MtMGaw0',21);
INSERT INTO atender(RFC_Vet,Id_Animal) VALUES ('6RSP2b41Ib87',40);
INSERT INTO atender(RFC_Vet,Id_Animal) VALUES ('HLZgGzywNxb2',45);
INSERT INTO atender(RFC_Vet,Id_Animal) VALUES ('IZar8k65TrJ1',92);
INSERT INTO atender(RFC_Vet,Id_Animal) VALUES ('Ll533u5xCDK6',77);
INSERT INTO atender(RFC_Vet,Id_Animal) VALUES ('tTTr01K894BK',26);
INSERT INTO atender(RFC_Vet,Id_Animal) VALUES ('tMXkZIM97Mb0',29);
INSERT INTO atender(RFC_Vet,Id_Animal) VALUES ('GN7jwa6OEqK6',48);
INSERT INTO atender(RFC_Vet,Id_Animal) VALUES ('eT8M7HrYQV6V',25);
INSERT INTO atender(RFC_Vet,Id_Animal) VALUES ('i6O954OQXjzq',67);
INSERT INTO atender(RFC_Vet,Id_Animal) VALUES ('bI58cxI50XbJ',26);
INSERT INTO atender(RFC_Vet,Id_Animal) VALUES ('5x47ra60rJBg',33);
INSERT INTO atender(RFC_Vet,Id_Animal) VALUES ('2St67O1J0PuF',45);
INSERT INTO atender(RFC_Vet,Id_Animal) VALUES ('p4L6zA2s07uG',94);
INSERT INTO atender(RFC_Vet,Id_Animal) VALUES ('j64X1MPu74YV',25);
INSERT INTO atender(RFC_Vet,Id_Animal) VALUES ('GN7jwa6OEqK6',32);
INSERT INTO atender(RFC_Vet,Id_Animal) VALUES ('3LcWji95ON5i',30);
INSERT INTO atender(RFC_Vet,Id_Animal) VALUES ('9pTnOPtPdp3p',24);
INSERT INTO atender(RFC_Vet,Id_Animal) VALUES ('ZvuRVCqsXKK9',25);
INSERT INTO atender(RFC_Vet,Id_Animal) VALUES ('Ri7h9Ho8NOf8',39);
INSERT INTO atender(RFC_Vet,Id_Animal) VALUES ('MCT9OW8y3Z8o',86);
INSERT INTO atender(RFC_Vet,Id_Animal) VALUES ('882w200YSK1g',14);
INSERT INTO atender(RFC_Vet,Id_Animal) VALUES ('pC316aE5I5l8',66);
INSERT INTO atender(RFC_Vet,Id_Animal) VALUES ('Kc7XT3aFB9WT',41);
INSERT INTO atender(RFC_Vet,Id_Animal) VALUES ('Kc7XT3aFB9WT',48);
INSERT INTO atender(RFC_Vet,Id_Animal) VALUES ('5V2fZ86F06k6',76);
INSERT INTO atender(RFC_Vet,Id_Animal) VALUES ('3W7nrCook4pG',88);
INSERT INTO atender(RFC_Vet,Id_Animal) VALUES ('knHD6SNm0iDC',23);
INSERT INTO atender(RFC_Vet,Id_Animal) VALUES ('lIb5SK577I1w',26);
INSERT INTO atender(RFC_Vet,Id_Animal) VALUES ('3W7nrCook4pG',47);
INSERT INTO atender(RFC_Vet,Id_Animal) VALUES ('83e0713Q5Ht3',54);
INSERT INTO atender(RFC_Vet,Id_Animal) VALUES ('i04D0pzmvbcj',96);
INSERT INTO atender(RFC_Vet,Id_Animal) VALUES ('ZvuRVCqsXKK9',34);
INSERT INTO atender(RFC_Vet,Id_Animal) VALUES ('PsD46leetA97',61);
INSERT INTO atender(RFC_Vet,Id_Animal) VALUES ('5x47ra60rJBg',45);

--ARTICULO
INSERT INTO articulo(Id_Articulo,RFC_Prov,Cantidad) VALUES (1,'vJiFZCTVB4P5',685);
INSERT INTO articulo(Id_Articulo,RFC_Prov,Cantidad) VALUES (2,'qbcnpFlQwGv0',46);
INSERT INTO articulo(Id_Articulo,RFC_Prov,Cantidad) VALUES (3,'QXCIvRy5Onu9',1);
INSERT INTO articulo(Id_Articulo,RFC_Prov,Cantidad) VALUES (4,'RWEVu73UygQ2',848);
INSERT INTO articulo(Id_Articulo,RFC_Prov,Cantidad) VALUES (5,'AOsr0aSdOI4Y',1);
INSERT INTO articulo(Id_Articulo,RFC_Prov,Cantidad) VALUES (6,'Tm8B3muxXdnb',133);
INSERT INTO articulo(Id_Articulo,RFC_Prov,Cantidad) VALUES (7,'LitzzHWqBIus',925);
INSERT INTO articulo(Id_Articulo,RFC_Prov,Cantidad) VALUES (8,'JlcdcWfmusU6',761);
INSERT INTO articulo(Id_Articulo,RFC_Prov,Cantidad) VALUES (9,'XRZbEtS9Gp6b',432);
INSERT INTO articulo(Id_Articulo,RFC_Prov,Cantidad) VALUES (10,'w0BPd1g4TBvP',667);
INSERT INTO articulo(Id_Articulo,RFC_Prov,Cantidad) VALUES (11,'FDVl9flJHS48',588);
INSERT INTO articulo(Id_Articulo,RFC_Prov,Cantidad) VALUES (12,'0afpYEiAYVI8',314);
INSERT INTO articulo(Id_Articulo,RFC_Prov,Cantidad) VALUES (13,'szAk1IWN34DR',489);
INSERT INTO articulo(Id_Articulo,RFC_Prov,Cantidad) VALUES (14,'F2DhD9bF81Wf',741);
INSERT INTO articulo(Id_Articulo,RFC_Prov,Cantidad) VALUES (15,'TKHaOW1m6dUA',939);
INSERT INTO articulo(Id_Articulo,RFC_Prov,Cantidad) VALUES (16,'hlbYhWxEVOyI',345);
INSERT INTO articulo(Id_Articulo,RFC_Prov,Cantidad) VALUES (17,'PgI6aLFUJR6o',784);
INSERT INTO articulo(Id_Articulo,RFC_Prov,Cantidad) VALUES (18,'hMMnbYlrWpe8',688);
INSERT INTO articulo(Id_Articulo,RFC_Prov,Cantidad) VALUES (19,'ynRjgRhKm5kU',683);
INSERT INTO articulo(Id_Articulo,RFC_Prov,Cantidad) VALUES (20,'WHLBN7iBv65D',935);
INSERT INTO articulo(Id_Articulo,RFC_Prov,Cantidad) VALUES (21,'prj9AGRHf2zm',876);
INSERT INTO articulo(Id_Articulo,RFC_Prov,Cantidad) VALUES (22,'V8rJyoqV4yzL',785);
INSERT INTO articulo(Id_Articulo,RFC_Prov,Cantidad) VALUES (23,'jHRSjfDXrZpu',801);
INSERT INTO articulo(Id_Articulo,RFC_Prov,Cantidad) VALUES (24,'ErMjKOrY2AQZ',596);
INSERT INTO articulo(Id_Articulo,RFC_Prov,Cantidad) VALUES (25,'rCJ6IApFgzgX',55);
INSERT INTO articulo(Id_Articulo,RFC_Prov,Cantidad) VALUES (26,'dKxhG8cugn8Q',163);
INSERT INTO articulo(Id_Articulo,RFC_Prov,Cantidad) VALUES (27,'UhEs1lwlUbvr',480);
INSERT INTO articulo(Id_Articulo,RFC_Prov,Cantidad) VALUES (28,'N2bz8lUGELyM',482);
INSERT INTO articulo(Id_Articulo,RFC_Prov,Cantidad) VALUES (29,'Z2xBIRV8IvR7',400);
INSERT INTO articulo(Id_Articulo,RFC_Prov,Cantidad) VALUES (30,'n9EUQiwr0hww',527);
INSERT INTO articulo(Id_Articulo,RFC_Prov,Cantidad) VALUES (31,'eIOCjUhMyEvd',485);
INSERT INTO articulo(Id_Articulo,RFC_Prov,Cantidad) VALUES (32,'5aAe2ATCaHFd',932);
INSERT INTO articulo(Id_Articulo,RFC_Prov,Cantidad) VALUES (33,'wwN2qmhCqdkc',317);
INSERT INTO articulo(Id_Articulo,RFC_Prov,Cantidad) VALUES (34,'Ug62bGj6oQYl',859);
INSERT INTO articulo(Id_Articulo,RFC_Prov,Cantidad) VALUES (35,'MC60NayP0lRS',441);
INSERT INTO articulo(Id_Articulo,RFC_Prov,Cantidad) VALUES (36,'sLnGAkedgEdg',773);
INSERT INTO articulo(Id_Articulo,RFC_Prov,Cantidad) VALUES (37,'IDjo45dkKFgc',14);
INSERT INTO articulo(Id_Articulo,RFC_Prov,Cantidad) VALUES (38,'rUVhxOynCkMu',713);
INSERT INTO articulo(Id_Articulo,RFC_Prov,Cantidad) VALUES (39,'rLRGrt9VwKEk',166);
INSERT INTO articulo(Id_Articulo,RFC_Prov,Cantidad) VALUES (40,'VbmBZnq0TPTq',305);
INSERT INTO articulo(Id_Articulo,RFC_Prov,Cantidad) VALUES (41,'qF7j2IpcNe66',299);
INSERT INTO articulo(Id_Articulo,RFC_Prov,Cantidad) VALUES (42,'dZJCVINUMxxp',266);
INSERT INTO articulo(Id_Articulo,RFC_Prov,Cantidad) VALUES (43,'lukGKFZ5Yppy',337);
INSERT INTO articulo(Id_Articulo,RFC_Prov,Cantidad) VALUES (44,'L5ZCZeRPMGux',121);
INSERT INTO articulo(Id_Articulo,RFC_Prov,Cantidad) VALUES (45,'auIyfUgmV3wy',771);
INSERT INTO articulo(Id_Articulo,RFC_Prov,Cantidad) VALUES (46,'ukZmtHvB25lv',96);
INSERT INTO articulo(Id_Articulo,RFC_Prov,Cantidad) VALUES (47,'suzXzxD9YRug',891);
INSERT INTO articulo(Id_Articulo,RFC_Prov,Cantidad) VALUES (48,'qh82HJcUTNsX',395);
INSERT INTO articulo(Id_Articulo,RFC_Prov,Cantidad) VALUES (49,'Eyk7rsOv12lt',339);
INSERT INTO articulo(Id_Articulo,RFC_Prov,Cantidad) VALUES (50,'tHi8Tfda9rLB',303);
INSERT INTO articulo(Id_Articulo,RFC_Prov,Cantidad) VALUES (51,'JIlTZtusZdix',144);
INSERT INTO articulo(Id_Articulo,RFC_Prov,Cantidad) VALUES (52,'5IyVIOoXJEkv',367);
INSERT INTO articulo(Id_Articulo,RFC_Prov,Cantidad) VALUES (53,'WmjcL25vXzRD',332);
INSERT INTO articulo(Id_Articulo,RFC_Prov,Cantidad) VALUES (54,'p6PXG6AKMex0',912);
INSERT INTO articulo(Id_Articulo,RFC_Prov,Cantidad) VALUES (55,'hPEUjr96DHAt',724);
INSERT INTO articulo(Id_Articulo,RFC_Prov,Cantidad) VALUES (56,'ZLSrgR9LZPYE',922);
INSERT INTO articulo(Id_Articulo,RFC_Prov,Cantidad) VALUES (57,'uj3dSVghaVuk',401);
INSERT INTO articulo(Id_Articulo,RFC_Prov,Cantidad) VALUES (58,'JUvynVPtzBVE',46);
INSERT INTO articulo(Id_Articulo,RFC_Prov,Cantidad) VALUES (59,'moWc6UL2rAyV',809);
INSERT INTO articulo(Id_Articulo,RFC_Prov,Cantidad) VALUES (60,'h9ugI08oj9zS',970);
INSERT INTO articulo(Id_Articulo,RFC_Prov,Cantidad) VALUES (61,'9lJbReD1lXwJ',744);
INSERT INTO articulo(Id_Articulo,RFC_Prov,Cantidad) VALUES (62,'ZjYmEbnyj3Il',907);
INSERT INTO articulo(Id_Articulo,RFC_Prov,Cantidad) VALUES (63,'myWjn499eA9A',524);
INSERT INTO articulo(Id_Articulo,RFC_Prov,Cantidad) VALUES (64,'ATeKOgU8pXTr',481);
INSERT INTO articulo(Id_Articulo,RFC_Prov,Cantidad) VALUES (65,'qgaprnNyPAGH',444);
INSERT INTO articulo(Id_Articulo,RFC_Prov,Cantidad) VALUES (66,'VFt3G2FymdQV',505);
INSERT INTO articulo(Id_Articulo,RFC_Prov,Cantidad) VALUES (67,'uT7QYG6T6p4w',585);
INSERT INTO articulo(Id_Articulo,RFC_Prov,Cantidad) VALUES (68,'nJaQ2zgihs26',137);
INSERT INTO articulo(Id_Articulo,RFC_Prov,Cantidad) VALUES (69,'th1Buzt90fgi',818);
INSERT INTO articulo(Id_Articulo,RFC_Prov,Cantidad) VALUES (70,'2qqb4Vie8LcG',865);
INSERT INTO articulo(Id_Articulo,RFC_Prov,Cantidad) VALUES (71,'vx41yhrtdiif',466);
INSERT INTO articulo(Id_Articulo,RFC_Prov,Cantidad) VALUES (72,'KPBjHlHgBhmd',91);
INSERT INTO articulo(Id_Articulo,RFC_Prov,Cantidad) VALUES (73,'ncVs8h7TrCe7',160);
INSERT INTO articulo(Id_Articulo,RFC_Prov,Cantidad) VALUES (74,'M3n5H4knlq6d',317);
INSERT INTO articulo(Id_Articulo,RFC_Prov,Cantidad) VALUES (75,'vWpkQKA60tdG',70);
INSERT INTO articulo(Id_Articulo,RFC_Prov,Cantidad) VALUES (76,'CxWMYAsgGnf7',113);
INSERT INTO articulo(Id_Articulo,RFC_Prov,Cantidad) VALUES (77,'F8SKc1n5rxkS',97);
INSERT INTO articulo(Id_Articulo,RFC_Prov,Cantidad) VALUES (78,'z666oD4Nqr8r',198);
INSERT INTO articulo(Id_Articulo,RFC_Prov,Cantidad) VALUES (79,'eGnOxUBEZQFH',561);
INSERT INTO articulo(Id_Articulo,RFC_Prov,Cantidad) VALUES (80,'KOmqedy0bIPw',881);
INSERT INTO articulo(Id_Articulo,RFC_Prov,Cantidad) VALUES (81,'3oN2zA7f2Fpu',353);
INSERT INTO articulo(Id_Articulo,RFC_Prov,Cantidad) VALUES (82,'w7lNtTjRZhzF',925);
INSERT INTO articulo(Id_Articulo,RFC_Prov,Cantidad) VALUES (83,'Gzp3suKSJ4Oz',256);
INSERT INTO articulo(Id_Articulo,RFC_Prov,Cantidad) VALUES (84,'lpZ0x5UApeR0',659);
INSERT INTO articulo(Id_Articulo,RFC_Prov,Cantidad) VALUES (85,'EwqGK0ayA1eN',118);
INSERT INTO articulo(Id_Articulo,RFC_Prov,Cantidad) VALUES (86,'h3fklNLx6xZk',429);
INSERT INTO articulo(Id_Articulo,RFC_Prov,Cantidad) VALUES (87,'orpNj60DkHI7',456);
INSERT INTO articulo(Id_Articulo,RFC_Prov,Cantidad) VALUES (88,'VPQCg6NRAhBu',413);
INSERT INTO articulo(Id_Articulo,RFC_Prov,Cantidad) VALUES (89,'IJssQxLIlcV2',87);
INSERT INTO articulo(Id_Articulo,RFC_Prov,Cantidad) VALUES (90,'H3F8Jc0MaFMD',675);
INSERT INTO articulo(Id_Articulo,RFC_Prov,Cantidad) VALUES (91,'W6o5dU6mDXnw',163);
INSERT INTO articulo(Id_Articulo,RFC_Prov,Cantidad) VALUES (92,'ndScIHm827OL',467);
INSERT INTO articulo(Id_Articulo,RFC_Prov,Cantidad) VALUES (93,'6qFicM4OZ9kW',909);
INSERT INTO articulo(Id_Articulo,RFC_Prov,Cantidad) VALUES (94,'RFJvIj6ajthS',952);
INSERT INTO articulo(Id_Articulo,RFC_Prov,Cantidad) VALUES (95,'kYox4NRvRdI2',158);
INSERT INTO articulo(Id_Articulo,RFC_Prov,Cantidad) VALUES (96,'eDIvXfae5Dal',708);
INSERT INTO articulo(Id_Articulo,RFC_Prov,Cantidad) VALUES (97,'rNrGtAWSsd6A',226);
INSERT INTO articulo(Id_Articulo,RFC_Prov,Cantidad) VALUES (98,'3h8UvSpYCcwP',285);
INSERT INTO articulo(Id_Articulo,RFC_Prov,Cantidad) VALUES (99,'7skuUcHuhCfJ',396);
INSERT INTO articulo(Id_Articulo,RFC_Prov,Cantidad) VALUES (100,'Ef8r28gLkv7C',559);

-- DISTRIBUIR_ART
insert into distribuir_Art (Id_Articulo, Tipo) values (1, 'Bosque de Coníferas');
insert into distribuir_Art (Id_Articulo, Tipo) values (2, 'Bosque de Coníferas');
insert into distribuir_Art (Id_Articulo, Tipo) values (3, 'Selva');
insert into distribuir_Art (Id_Articulo, Tipo) values (4, 'Pradera');
insert into distribuir_Art (Id_Articulo, Tipo) values (5, 'Estepa');
insert into distribuir_Art (Id_Articulo, Tipo) values (6, 'Bosque Tropical');
insert into distribuir_Art (Id_Articulo, Tipo) values (7, 'Bosque de Coníferas');
insert into distribuir_Art (Id_Articulo, Tipo) values (8, 'Desierto');
insert into distribuir_Art (Id_Articulo, Tipo) values (9, 'Aviario');
insert into distribuir_Art (Id_Articulo, Tipo) values (10, 'Taiga');
insert into distribuir_Art (Id_Articulo, Tipo) values (11, 'Aviario');
insert into distribuir_Art (Id_Articulo, Tipo) values (12, 'Bosque Tropical');
insert into distribuir_Art (Id_Articulo, Tipo) values (13, 'Aviario');
insert into distribuir_Art (Id_Articulo, Tipo) values (14, 'Selva');
insert into distribuir_Art (Id_Articulo, Tipo) values (15, 'Franja costera');
insert into distribuir_Art (Id_Articulo, Tipo) values (16, 'Desierto');
insert into distribuir_Art (Id_Articulo, Tipo) values (17, 'Bosque Templado');
insert into distribuir_Art (Id_Articulo, Tipo) values (18, 'Desierto');
insert into distribuir_Art (Id_Articulo, Tipo) values (19, 'Sabana');
insert into distribuir_Art (Id_Articulo, Tipo) values (20, 'Franja costera');
insert into distribuir_Art (Id_Articulo, Tipo) values (21, 'Selva');
insert into distribuir_Art (Id_Articulo, Tipo) values (22, 'Bosque de Coníferas');
insert into distribuir_Art (Id_Articulo, Tipo) values (23, 'Chaparral');
insert into distribuir_Art (Id_Articulo, Tipo) values (24, 'Selva');
insert into distribuir_Art (Id_Articulo, Tipo) values (25, 'Estepa');
insert into distribuir_Art (Id_Articulo, Tipo) values (26, 'Selva');
insert into distribuir_Art (Id_Articulo, Tipo) values (27, 'Pastizales');
insert into distribuir_Art (Id_Articulo, Tipo) values (28, 'Bosque de Coníferas');
insert into distribuir_Art (Id_Articulo, Tipo) values (29, 'Franja costera');
insert into distribuir_Art (Id_Articulo, Tipo) values (30, 'Bosque de Coníferas');
insert into distribuir_Art (Id_Articulo, Tipo) values (31, 'Aviario');
insert into distribuir_Art (Id_Articulo, Tipo) values (32, 'Selva');
insert into distribuir_Art (Id_Articulo, Tipo) values (33, 'Bosque Templado');
insert into distribuir_Art (Id_Articulo, Tipo) values (34, 'Sabana');
insert into distribuir_Art (Id_Articulo, Tipo) values (35, 'Desierto');
insert into distribuir_Art (Id_Articulo, Tipo) values (36, 'Sabana');
insert into distribuir_Art (Id_Articulo, Tipo) values (37, 'Manglar');
insert into distribuir_Art (Id_Articulo, Tipo) values (38, 'Desierto');
insert into distribuir_Art (Id_Articulo, Tipo) values (39, 'Bosque Templado');
insert into distribuir_Art (Id_Articulo, Tipo) values (40, 'Desierto');
insert into distribuir_Art (Id_Articulo, Tipo) values (41, 'Chaparral');
insert into distribuir_Art (Id_Articulo, Tipo) values (42, 'Pastizales');
insert into distribuir_Art (Id_Articulo, Tipo) values (43, 'Bosque de Coníferas');
insert into distribuir_Art (Id_Articulo, Tipo) values (44, 'Taiga');
insert into distribuir_Art (Id_Articulo, Tipo) values (45, 'Bosque Tropical');
insert into distribuir_Art (Id_Articulo, Tipo) values (46, 'Pantano');
insert into distribuir_Art (Id_Articulo, Tipo) values (47, 'Tundra');
insert into distribuir_Art (Id_Articulo, Tipo) values (48, 'Franja costera');
insert into distribuir_Art (Id_Articulo, Tipo) values (49, 'Desierto');
insert into distribuir_Art (Id_Articulo, Tipo) values (50, 'Pastizales');
insert into distribuir_Art (Id_Articulo, Tipo) values (51, 'Pastizales');
insert into distribuir_Art (Id_Articulo, Tipo) values (52, 'Desierto');
insert into distribuir_Art (Id_Articulo, Tipo) values (53, 'Bosque Tropical');
insert into distribuir_Art (Id_Articulo, Tipo) values (54, 'Pradera');
insert into distribuir_Art (Id_Articulo, Tipo) values (55, 'Selva');
insert into distribuir_Art (Id_Articulo, Tipo) values (56, 'Chaparral');
insert into distribuir_Art (Id_Articulo, Tipo) values (57, 'Manglar');
insert into distribuir_Art (Id_Articulo, Tipo) values (58, 'Manglar');
insert into distribuir_Art (Id_Articulo, Tipo) values (59, 'Desierto');
insert into distribuir_Art (Id_Articulo, Tipo) values (60, 'Tundra');
insert into distribuir_Art (Id_Articulo, Tipo) values (61, 'Manglar');
insert into distribuir_Art (Id_Articulo, Tipo) values (62, 'Manglar');
insert into distribuir_Art (Id_Articulo, Tipo) values (63, 'Bosque Tropical');
insert into distribuir_Art (Id_Articulo, Tipo) values (64, 'Aviario');
insert into distribuir_Art (Id_Articulo, Tipo) values (65, 'Aviario');
insert into distribuir_Art (Id_Articulo, Tipo) values (66, 'Manglar');
insert into distribuir_Art (Id_Articulo, Tipo) values (67, 'Bosque Templado');
insert into distribuir_Art (Id_Articulo, Tipo) values (68, 'Arrecife de Coral');
insert into distribuir_Art (Id_Articulo, Tipo) values (69, 'Bosque Templado');
insert into distribuir_Art (Id_Articulo, Tipo) values (70, 'Desierto');
insert into distribuir_Art (Id_Articulo, Tipo) values (71, 'Arrecife de Coral');
insert into distribuir_Art (Id_Articulo, Tipo) values (72, 'Tundra');
insert into distribuir_Art (Id_Articulo, Tipo) values (73, 'Tundra');
insert into distribuir_Art (Id_Articulo, Tipo) values (74, 'Aviario');
insert into distribuir_Art (Id_Articulo, Tipo) values (75, 'Estepa');
insert into distribuir_Art (Id_Articulo, Tipo) values (76, 'Arrecife de Coral');
insert into distribuir_Art (Id_Articulo, Tipo) values (77, 'Tundra');
insert into distribuir_Art (Id_Articulo, Tipo) values (78, 'Arrecife de Coral');
insert into distribuir_Art (Id_Articulo, Tipo) values (79, 'Arrecife de Coral');
insert into distribuir_Art (Id_Articulo, Tipo) values (80, 'Estepa');
insert into distribuir_Art (Id_Articulo, Tipo) values (81, 'Selva');
insert into distribuir_Art (Id_Articulo, Tipo) values (82, 'Pastizales');
insert into distribuir_Art (Id_Articulo, Tipo) values (83, 'Arrecife de Coral');
insert into distribuir_Art (Id_Articulo, Tipo) values (84, 'Bosque de Coníferas');
insert into distribuir_Art (Id_Articulo, Tipo) values (85, 'Selva');
insert into distribuir_Art (Id_Articulo, Tipo) values (86, 'Arrecife de Coral');
insert into distribuir_Art (Id_Articulo, Tipo) values (87, 'Chaparral');
insert into distribuir_Art (Id_Articulo, Tipo) values (88, 'Bosque Tropical');
insert into distribuir_Art (Id_Articulo, Tipo) values (89, 'Pastizales');
insert into distribuir_Art (Id_Articulo, Tipo) values (90, 'Manglar');
insert into distribuir_Art (Id_Articulo, Tipo) values (91, 'Selva');
insert into distribuir_Art (Id_Articulo, Tipo) values (92, 'Estepa');
insert into distribuir_Art (Id_Articulo, Tipo) values (93, 'Bosque Templado');
insert into distribuir_Art (Id_Articulo, Tipo) values (94, 'Pradera');
insert into distribuir_Art (Id_Articulo, Tipo) values (95, 'Estepa');
insert into distribuir_Art (Id_Articulo, Tipo) values (96, 'Franja costera');
insert into distribuir_Art (Id_Articulo, Tipo) values (97, 'Arrecife de Coral');
insert into distribuir_Art (Id_Articulo, Tipo) values (98, 'Franja costera');
insert into distribuir_Art (Id_Articulo, Tipo) values (99, 'Taiga');
insert into distribuir_Art (Id_Articulo, Tipo) values (100, 'Sabana');


-- DISTRIBUIR_SERV
insert into distribuir_Serv (Id_Servicio, Tipo) values (1, 'Sabana');
insert into distribuir_Serv (Id_Servicio, Tipo) values (2, 'Chaparral');
insert into distribuir_Serv (Id_Servicio, Tipo) values (3, 'Estepa');
insert into distribuir_Serv (Id_Servicio, Tipo) values (4, 'Selva');
insert into distribuir_Serv (Id_Servicio, Tipo) values (5, 'Tundra');
insert into distribuir_Serv (Id_Servicio, Tipo) values (6, 'Chaparral');
insert into distribuir_Serv (Id_Servicio, Tipo) values (7, 'Franja costera');
insert into distribuir_Serv (Id_Servicio, Tipo) values (8, 'Tundra');
insert into distribuir_Serv (Id_Servicio, Tipo) values (9, 'Bosque Templado');
insert into distribuir_Serv (Id_Servicio, Tipo) values (10, 'Estepa');
insert into distribuir_Serv (Id_Servicio, Tipo) values (11, 'Bosque de Coníferas');
insert into distribuir_Serv (Id_Servicio, Tipo) values (12, 'Manglar');
insert into distribuir_Serv (Id_Servicio, Tipo) values (13, 'Tundra');
insert into distribuir_Serv (Id_Servicio, Tipo) values (14, 'Manglar');
insert into distribuir_Serv (Id_Servicio, Tipo) values (15, 'Estepa');
insert into distribuir_Serv (Id_Servicio, Tipo) values (16, 'Desierto');
insert into distribuir_Serv (Id_Servicio, Tipo) values (17, 'Sabana');
insert into distribuir_Serv (Id_Servicio, Tipo) values (18, 'Bosque Templado');
insert into distribuir_Serv (Id_Servicio, Tipo) values (19, 'Sabana');
insert into distribuir_Serv (Id_Servicio, Tipo) values (20, 'Manglar');
insert into distribuir_Serv (Id_Servicio, Tipo) values (21, 'Estepa');
insert into distribuir_Serv (Id_Servicio, Tipo) values (22, 'Pradera');
insert into distribuir_Serv (Id_Servicio, Tipo) values (23, 'Pantano');
insert into distribuir_Serv (Id_Servicio, Tipo) values (24, 'Manglar');
insert into distribuir_Serv (Id_Servicio, Tipo) values (25, 'Pastizales');
insert into distribuir_Serv (Id_Servicio, Tipo) values (26, 'Franja costera');
insert into distribuir_Serv (Id_Servicio, Tipo) values (27, 'Bosque Templado');
insert into distribuir_Serv (Id_Servicio, Tipo) values (28, 'Pradera');
insert into distribuir_Serv (Id_Servicio, Tipo) values (29, 'Sabana');
insert into distribuir_Serv (Id_Servicio, Tipo) values (30, 'Tundra');
insert into distribuir_Serv (Id_Servicio, Tipo) values (31, 'Franja costera');
insert into distribuir_Serv (Id_Servicio, Tipo) values (32, 'Aviario');
insert into distribuir_Serv (Id_Servicio, Tipo) values (33, 'Franja costera');
insert into distribuir_Serv (Id_Servicio, Tipo) values (34, 'Pantano');
insert into distribuir_Serv (Id_Servicio, Tipo) values (35, 'Tundra');
insert into distribuir_Serv (Id_Servicio, Tipo) values (36, 'Pastizales');
insert into distribuir_Serv (Id_Servicio, Tipo) values (37, 'Desierto');
insert into distribuir_Serv (Id_Servicio, Tipo) values (38, 'Pantano');
insert into distribuir_Serv (Id_Servicio, Tipo) values (39, 'Tundra');
insert into distribuir_Serv (Id_Servicio, Tipo) values (40, 'Pastizales');
insert into distribuir_Serv (Id_Servicio, Tipo) values (41, 'Chaparral');
insert into distribuir_Serv (Id_Servicio, Tipo) values (42, 'Bosque de Coníferas');
insert into distribuir_Serv (Id_Servicio, Tipo) values (43, 'Chaparral');
insert into distribuir_Serv (Id_Servicio, Tipo) values (44, 'Estepa');
insert into distribuir_Serv (Id_Servicio, Tipo) values (45, 'Bosque Templado');
insert into distribuir_Serv (Id_Servicio, Tipo) values (46, 'Estepa');
insert into distribuir_Serv (Id_Servicio, Tipo) values (47, 'Chaparral');
insert into distribuir_Serv (Id_Servicio, Tipo) values (48, 'Chaparral');
insert into distribuir_Serv (Id_Servicio, Tipo) values (49, 'Pantano');
insert into distribuir_Serv (Id_Servicio, Tipo) values (50, 'Arrecife de Coral');
insert into distribuir_Serv (Id_Servicio, Tipo) values (51, 'Tundra');
insert into distribuir_Serv (Id_Servicio, Tipo) values (52, 'Estepa');
insert into distribuir_Serv (Id_Servicio, Tipo) values (53, 'Bosque de Coníferas');
insert into distribuir_Serv (Id_Servicio, Tipo) values (54, 'Bosque Templado');
insert into distribuir_Serv (Id_Servicio, Tipo) values (55, 'Selva');
insert into distribuir_Serv (Id_Servicio, Tipo) values (56, 'Arrecife de Coral');
insert into distribuir_Serv (Id_Servicio, Tipo) values (57, 'Bosque Templado');
insert into distribuir_Serv (Id_Servicio, Tipo) values (58, 'Bosque Templado');
insert into distribuir_Serv (Id_Servicio, Tipo) values (59, 'Sabana');
insert into distribuir_Serv (Id_Servicio, Tipo) values (60, 'Selva');
insert into distribuir_Serv (Id_Servicio, Tipo) values (61, 'Arrecife de Coral');
insert into distribuir_Serv (Id_Servicio, Tipo) values (62, 'Bosque Templado');
insert into distribuir_Serv (Id_Servicio, Tipo) values (63, 'Arrecife de Coral');
insert into distribuir_Serv (Id_Servicio, Tipo) values (64, 'Bosque Templado');
insert into distribuir_Serv (Id_Servicio, Tipo) values (65, 'Manglar');
insert into distribuir_Serv (Id_Servicio, Tipo) values (66, 'Estepa');
insert into distribuir_Serv (Id_Servicio, Tipo) values (67, 'Manglar');
insert into distribuir_Serv (Id_Servicio, Tipo) values (68, 'Bosque de Coníferas');
insert into distribuir_Serv (Id_Servicio, Tipo) values (69, 'Pastizales');
insert into distribuir_Serv (Id_Servicio, Tipo) values (70, 'Bosque de Coníferas');
insert into distribuir_Serv (Id_Servicio, Tipo) values (71, 'Taiga');
insert into distribuir_Serv (Id_Servicio, Tipo) values (72, 'Taiga');
insert into distribuir_Serv (Id_Servicio, Tipo) values (73, 'Tundra');
insert into distribuir_Serv (Id_Servicio, Tipo) values (74, 'Bosque Templado');
insert into distribuir_Serv (Id_Servicio, Tipo) values (75, 'Estepa');
insert into distribuir_Serv (Id_Servicio, Tipo) values (76, 'Arrecife de Coral');
insert into distribuir_Serv (Id_Servicio, Tipo) values (77, 'Manglar');
insert into distribuir_Serv (Id_Servicio, Tipo) values (78, 'Taiga');
insert into distribuir_Serv (Id_Servicio, Tipo) values (79, 'Taiga');
insert into distribuir_Serv (Id_Servicio, Tipo) values (80, 'Pantano');
insert into distribuir_Serv (Id_Servicio, Tipo) values (81, 'Pantano');
insert into distribuir_Serv (Id_Servicio, Tipo) values (82, 'Chaparral');
insert into distribuir_Serv (Id_Servicio, Tipo) values (83, 'Arrecife de Coral');
insert into distribuir_Serv (Id_Servicio, Tipo) values (84, 'Bosque de Coníferas');
insert into distribuir_Serv (Id_Servicio, Tipo) values (85, 'Bosque de Coníferas');
insert into distribuir_Serv (Id_Servicio, Tipo) values (86, 'Aviario');
insert into distribuir_Serv (Id_Servicio, Tipo) values (87, 'Tundra');
insert into distribuir_Serv (Id_Servicio, Tipo) values (88, 'Desierto');
insert into distribuir_Serv (Id_Servicio, Tipo) values (89, 'Chaparral');
insert into distribuir_Serv (Id_Servicio, Tipo) values (90, 'Pradera');
insert into distribuir_Serv (Id_Servicio, Tipo) values (91, 'Selva');
insert into distribuir_Serv (Id_Servicio, Tipo) values (92, 'Bosque Templado');
insert into distribuir_Serv (Id_Servicio, Tipo) values (93, 'Aviario');
insert into distribuir_Serv (Id_Servicio, Tipo) values (94, 'Aviario');
insert into distribuir_Serv (Id_Servicio, Tipo) values (95, 'Tundra');
insert into distribuir_Serv (Id_Servicio, Tipo) values (96, 'Estepa');
insert into distribuir_Serv (Id_Servicio, Tipo) values (97, 'Pantano');
insert into distribuir_Serv (Id_Servicio, Tipo) values (98, 'Bosque de Coníferas');
insert into distribuir_Serv (Id_Servicio, Tipo) values (99, 'Pantano');
insert into distribuir_Serv (Id_Servicio, Tipo) values (100, 'Selva');


-- Alimento
INSERT INTO alimento(Id_Alimento,RFC_Prov,Cantidad,seRefrigera,Fecha_Cad,tipoAlimento) VALUES (1,'lQqEXo4dfwU7',198,'true','3/13/2024','Pescados');
INSERT INTO alimento(Id_Alimento,RFC_Prov,Cantidad,seRefrigera,Fecha_Cad,tipoAlimento) VALUES (2,'HnwO9nfmhtgT',163,'true','2/10/2025','Algas');
INSERT INTO alimento(Id_Alimento,RFC_Prov,Cantidad,seRefrigera,Fecha_Cad,tipoAlimento) VALUES (3,'KOh5rUTgeN5q',172,'true','2/10/2025','Insectos');
INSERT INTO alimento(Id_Alimento,RFC_Prov,Cantidad,seRefrigera,Fecha_Cad,tipoAlimento) VALUES (4,'gnPuhoSuKVyW',44,'false','7/22/2025','Verduras');
INSERT INTO alimento(Id_Alimento,RFC_Prov,Cantidad,seRefrigera,Fecha_Cad,tipoAlimento) VALUES (5,'s7IIzzS3cTKW',60,'false','11/6/2025','Néctar');
INSERT INTO alimento(Id_Alimento,RFC_Prov,Cantidad,seRefrigera,Fecha_Cad,tipoAlimento) VALUES (6,'ty1R5KxSBnbt',15,'true','3/29/2024','Verduras');
INSERT INTO alimento(Id_Alimento,RFC_Prov,Cantidad,seRefrigera,Fecha_Cad,tipoAlimento) VALUES (7,'yYAuROSxrMdx',147,'false','8/12/2024','Granos');
INSERT INTO alimento(Id_Alimento,RFC_Prov,Cantidad,seRefrigera,Fecha_Cad,tipoAlimento) VALUES (8,'MYqmKUTzyFmJ',29,'true','7/4/2025','Verduras');
INSERT INTO alimento(Id_Alimento,RFC_Prov,Cantidad,seRefrigera,Fecha_Cad,tipoAlimento) VALUES (9,'sDTyQObSvKKq',109,'false','10/17/2025','Verduras');
INSERT INTO alimento(Id_Alimento,RFC_Prov,Cantidad,seRefrigera,Fecha_Cad,tipoAlimento) VALUES (10,'zNfnvvIafpSd',18,'false','2/24/2025','Insectos');
INSERT INTO alimento(Id_Alimento,RFC_Prov,Cantidad,seRefrigera,Fecha_Cad,tipoAlimento) VALUES (11,'Y7dmTJ5XGa6Q',146,'false','5/14/2024','Plancton');
INSERT INTO alimento(Id_Alimento,RFC_Prov,Cantidad,seRefrigera,Fecha_Cad,tipoAlimento) VALUES (12,'CyaADjkDvaXl',196,'false','2/14/2024','Semillas');
INSERT INTO alimento(Id_Alimento,RFC_Prov,Cantidad,seRefrigera,Fecha_Cad,tipoAlimento) VALUES (13,'5dXZiZUmDo9d',126,'false','3/19/2025','Verduras');
INSERT INTO alimento(Id_Alimento,RFC_Prov,Cantidad,seRefrigera,Fecha_Cad,tipoAlimento) VALUES (14,'HNWg8fRkPYMn',121,'true','10/28/2025','Verduras');
INSERT INTO alimento(Id_Alimento,RFC_Prov,Cantidad,seRefrigera,Fecha_Cad,tipoAlimento) VALUES (15,'143uwIfT53LX',82,'true','7/30/2024','Semillas');
INSERT INTO alimento(Id_Alimento,RFC_Prov,Cantidad,seRefrigera,Fecha_Cad,tipoAlimento) VALUES (16,'H49fqdTOXGt1',77,'true','11/11/2025','Frutas');
INSERT INTO alimento(Id_Alimento,RFC_Prov,Cantidad,seRefrigera,Fecha_Cad,tipoAlimento) VALUES (17,'lsM7gvNf4oyZ',62,'true','2/23/2025','Insectos');
INSERT INTO alimento(Id_Alimento,RFC_Prov,Cantidad,seRefrigera,Fecha_Cad,tipoAlimento) VALUES (18,'vwPmUbXjpw11',17,'false','3/10/2024','Frutas');
INSERT INTO alimento(Id_Alimento,RFC_Prov,Cantidad,seRefrigera,Fecha_Cad,tipoAlimento) VALUES (19,'lDeHAtZEL7qx',70,'true','1/17/2025','Verduras');
INSERT INTO alimento(Id_Alimento,RFC_Prov,Cantidad,seRefrigera,Fecha_Cad,tipoAlimento) VALUES (20,'QBeDUWO1q3TL',72,'true','5/15/2024','Pescados');
INSERT INTO alimento(Id_Alimento,RFC_Prov,Cantidad,seRefrigera,Fecha_Cad,tipoAlimento) VALUES (21,'kJdJAViNXNXN',127,'false','1/31/2024','Insectos');
INSERT INTO alimento(Id_Alimento,RFC_Prov,Cantidad,seRefrigera,Fecha_Cad,tipoAlimento) VALUES (22,'dQoowyA1Agq2',113,'true','9/8/2025','Carnes');
INSERT INTO alimento(Id_Alimento,RFC_Prov,Cantidad,seRefrigera,Fecha_Cad,tipoAlimento) VALUES (23,'SrAwZIE7fEBo',188,'false','6/22/2025','Verduras');
INSERT INTO alimento(Id_Alimento,RFC_Prov,Cantidad,seRefrigera,Fecha_Cad,tipoAlimento) VALUES (24,'pMGxxpTKi4SQ',71,'true','3/29/2024','Plancton');
INSERT INTO alimento(Id_Alimento,RFC_Prov,Cantidad,seRefrigera,Fecha_Cad,tipoAlimento) VALUES (25,'6BVMcB1DAckO',124,'false','8/21/2024','Frutas');
INSERT INTO alimento(Id_Alimento,RFC_Prov,Cantidad,seRefrigera,Fecha_Cad,tipoAlimento) VALUES (26,'48z9bzUvMjRu',16,'true','1/15/2025','Granos');
INSERT INTO alimento(Id_Alimento,RFC_Prov,Cantidad,seRefrigera,Fecha_Cad,tipoAlimento) VALUES (27,'Skt2oeF8qNpv',112,'true','11/29/2024','Carnes');
INSERT INTO alimento(Id_Alimento,RFC_Prov,Cantidad,seRefrigera,Fecha_Cad,tipoAlimento) VALUES (28,'JV4AueGpm2CT',138,'false','12/7/2023','Algas');
INSERT INTO alimento(Id_Alimento,RFC_Prov,Cantidad,seRefrigera,Fecha_Cad,tipoAlimento) VALUES (29,'7tOZCDJpeYn0',133,'false','1/22/2024','Pescados');
INSERT INTO alimento(Id_Alimento,RFC_Prov,Cantidad,seRefrigera,Fecha_Cad,tipoAlimento) VALUES (30,'RyWVl03RHnc1',130,'false','8/21/2025','Hierbas');
INSERT INTO alimento(Id_Alimento,RFC_Prov,Cantidad,seRefrigera,Fecha_Cad,tipoAlimento) VALUES (31,'ay9rYv7I7uvK',37,'true','5/7/2025','Pescados');
INSERT INTO alimento(Id_Alimento,RFC_Prov,Cantidad,seRefrigera,Fecha_Cad,tipoAlimento) VALUES (32,'czPM2vx1j7Hk',18,'true','3/21/2024','Forraje');
INSERT INTO alimento(Id_Alimento,RFC_Prov,Cantidad,seRefrigera,Fecha_Cad,tipoAlimento) VALUES (33,'a6faJnTGPJaA',175,'true','1/23/2025','Plancton');
INSERT INTO alimento(Id_Alimento,RFC_Prov,Cantidad,seRefrigera,Fecha_Cad,tipoAlimento) VALUES (34,'6QbmCyWt2grl',132,'false','12/26/2023','Pescados');
INSERT INTO alimento(Id_Alimento,RFC_Prov,Cantidad,seRefrigera,Fecha_Cad,tipoAlimento) VALUES (35,'vRBbKaO97tcQ',178,'true','1/25/2025','Insectos');
INSERT INTO alimento(Id_Alimento,RFC_Prov,Cantidad,seRefrigera,Fecha_Cad,tipoAlimento) VALUES (36,'aRmBBlQ8bWgu',107,'true','7/21/2024','Semillas');
INSERT INTO alimento(Id_Alimento,RFC_Prov,Cantidad,seRefrigera,Fecha_Cad,tipoAlimento) VALUES (37,'QU5IrpuoTVIS',185,'true','6/18/2025','Pescados');
INSERT INTO alimento(Id_Alimento,RFC_Prov,Cantidad,seRefrigera,Fecha_Cad,tipoAlimento) VALUES (38,'A71fuv08O4oP',140,'true','5/30/2024','Algas');
INSERT INTO alimento(Id_Alimento,RFC_Prov,Cantidad,seRefrigera,Fecha_Cad,tipoAlimento) VALUES (39,'469Hb84czQXu',39,'false','4/20/2025','Néctar');
INSERT INTO alimento(Id_Alimento,RFC_Prov,Cantidad,seRefrigera,Fecha_Cad,tipoAlimento) VALUES (40,'e1zXPGeMVqr3',2,'false','6/8/2024','Carnes');
INSERT INTO alimento(Id_Alimento,RFC_Prov,Cantidad,seRefrigera,Fecha_Cad,tipoAlimento) VALUES (41,'HkDAuAcI0ziZ',112,'false','10/7/2025','Carnes');
INSERT INTO alimento(Id_Alimento,RFC_Prov,Cantidad,seRefrigera,Fecha_Cad,tipoAlimento) VALUES (42,'te5ybLgKH7jl',2,'true','4/4/2024','Pescados');
INSERT INTO alimento(Id_Alimento,RFC_Prov,Cantidad,seRefrigera,Fecha_Cad,tipoAlimento) VALUES (43,'HLRVDpuIFwjY',170,'false','7/29/2025','Insectos');
INSERT INTO alimento(Id_Alimento,RFC_Prov,Cantidad,seRefrigera,Fecha_Cad,tipoAlimento) VALUES (44,'aAipbAGEV8Yh',71,'true','8/27/2024','Forraje');
INSERT INTO alimento(Id_Alimento,RFC_Prov,Cantidad,seRefrigera,Fecha_Cad,tipoAlimento) VALUES (45,'D2PN8chwJRwI',159,'true','5/23/2025','Carnes');
INSERT INTO alimento(Id_Alimento,RFC_Prov,Cantidad,seRefrigera,Fecha_Cad,tipoAlimento) VALUES (46,'RsNwoWZYkflz',85,'false','3/14/2024','Semillas');
INSERT INTO alimento(Id_Alimento,RFC_Prov,Cantidad,seRefrigera,Fecha_Cad,tipoAlimento) VALUES (47,'vpnwWzkJ4zib',157,'true','4/21/2024','Pescados');
INSERT INTO alimento(Id_Alimento,RFC_Prov,Cantidad,seRefrigera,Fecha_Cad,tipoAlimento) VALUES (48,'xMUguscReBW5',168,'true','7/24/2025','Plancton');
INSERT INTO alimento(Id_Alimento,RFC_Prov,Cantidad,seRefrigera,Fecha_Cad,tipoAlimento) VALUES (49,'r0kkS2hbiIkw',169,'true','2/26/2024','Insectos');
INSERT INTO alimento(Id_Alimento,RFC_Prov,Cantidad,seRefrigera,Fecha_Cad,tipoAlimento) VALUES (50,'S5l0fnKAw0ML',71,'true','10/29/2025','Néctar');
INSERT INTO alimento(Id_Alimento,RFC_Prov,Cantidad,seRefrigera,Fecha_Cad,tipoAlimento) VALUES (51,'MDNcgWkQgyah',86,'false','2/23/2025','Frutas');
INSERT INTO alimento(Id_Alimento,RFC_Prov,Cantidad,seRefrigera,Fecha_Cad,tipoAlimento) VALUES (52,'VllfAPfGQmG0',98,'false','2/21/2025','Néctar');
INSERT INTO alimento(Id_Alimento,RFC_Prov,Cantidad,seRefrigera,Fecha_Cad,tipoAlimento) VALUES (53,'XUABF6m3jND2',45,'false','12/20/2024','Pescados');
INSERT INTO alimento(Id_Alimento,RFC_Prov,Cantidad,seRefrigera,Fecha_Cad,tipoAlimento) VALUES (54,'WFAZHlJkrTRL',97,'true','4/20/2024','Semillas');
INSERT INTO alimento(Id_Alimento,RFC_Prov,Cantidad,seRefrigera,Fecha_Cad,tipoAlimento) VALUES (55,'VxaXDOUELm6d',136,'true','1/23/2025','Néctar');
INSERT INTO alimento(Id_Alimento,RFC_Prov,Cantidad,seRefrigera,Fecha_Cad,tipoAlimento) VALUES (56,'b1RnUXE21FBe',107,'false','2/2/2025','Granos');
INSERT INTO alimento(Id_Alimento,RFC_Prov,Cantidad,seRefrigera,Fecha_Cad,tipoAlimento) VALUES (57,'V6n2kcXQXAsd',136,'true','11/20/2025','Carnes');
INSERT INTO alimento(Id_Alimento,RFC_Prov,Cantidad,seRefrigera,Fecha_Cad,tipoAlimento) VALUES (58,'EKMgw0UiNb1X',27,'false','5/16/2025','Insectos');
INSERT INTO alimento(Id_Alimento,RFC_Prov,Cantidad,seRefrigera,Fecha_Cad,tipoAlimento) VALUES (59,'QkGCRdI5rgKu',158,'false','5/5/2025','Forraje');
INSERT INTO alimento(Id_Alimento,RFC_Prov,Cantidad,seRefrigera,Fecha_Cad,tipoAlimento) VALUES (60,'Zdn6ywj9htcX',83,'true','6/30/2025','Plancton');
INSERT INTO alimento(Id_Alimento,RFC_Prov,Cantidad,seRefrigera,Fecha_Cad,tipoAlimento) VALUES (61,'RLYoga94gYAg',185,'false','6/17/2024','Semillas');
INSERT INTO alimento(Id_Alimento,RFC_Prov,Cantidad,seRefrigera,Fecha_Cad,tipoAlimento) VALUES (62,'zMOnJsqlhaNh',44,'true','11/5/2025','Algas');
INSERT INTO alimento(Id_Alimento,RFC_Prov,Cantidad,seRefrigera,Fecha_Cad,tipoAlimento) VALUES (63,'7nkRD4ws518q',66,'true','9/21/2025','Frutas');
INSERT INTO alimento(Id_Alimento,RFC_Prov,Cantidad,seRefrigera,Fecha_Cad,tipoAlimento) VALUES (64,'Q2EIbSyXSgEr',58,'true','3/16/2024','Frutas');
INSERT INTO alimento(Id_Alimento,RFC_Prov,Cantidad,seRefrigera,Fecha_Cad,tipoAlimento) VALUES (65,'4KQc4KL1doph',79,'true','6/18/2025','Plancton');
INSERT INTO alimento(Id_Alimento,RFC_Prov,Cantidad,seRefrigera,Fecha_Cad,tipoAlimento) VALUES (66,'2pJAhAqUuoEs',172,'true','7/22/2025','Semillas');
INSERT INTO alimento(Id_Alimento,RFC_Prov,Cantidad,seRefrigera,Fecha_Cad,tipoAlimento) VALUES (67,'HCx6E8SR80a4',115,'true','2/18/2025','Forraje');
INSERT INTO alimento(Id_Alimento,RFC_Prov,Cantidad,seRefrigera,Fecha_Cad,tipoAlimento) VALUES (68,'YmDMiBQAJJLE',195,'false','7/13/2024','Pescados');
INSERT INTO alimento(Id_Alimento,RFC_Prov,Cantidad,seRefrigera,Fecha_Cad,tipoAlimento) VALUES (69,'ONQknYwOZ3Qx',57,'false','12/2/2024','Verduras');
INSERT INTO alimento(Id_Alimento,RFC_Prov,Cantidad,seRefrigera,Fecha_Cad,tipoAlimento) VALUES (70,'PcJt6CteUEH1',46,'true','11/20/2025','Forraje');
INSERT INTO alimento(Id_Alimento,RFC_Prov,Cantidad,seRefrigera,Fecha_Cad,tipoAlimento) VALUES (71,'rPu2S92wdhrh',97,'true','4/26/2024','Plancton');
INSERT INTO alimento(Id_Alimento,RFC_Prov,Cantidad,seRefrigera,Fecha_Cad,tipoAlimento) VALUES (72,'JsXgUHZaOb06',19,'true','2/22/2024','Algas');
INSERT INTO alimento(Id_Alimento,RFC_Prov,Cantidad,seRefrigera,Fecha_Cad,tipoAlimento) VALUES (73,'bXabYbvKflII',154,'false','7/19/2025','Plancton');
INSERT INTO alimento(Id_Alimento,RFC_Prov,Cantidad,seRefrigera,Fecha_Cad,tipoAlimento) VALUES (74,'z0g7nCxDfKuG',25,'true','4/7/2025','Forraje');
INSERT INTO alimento(Id_Alimento,RFC_Prov,Cantidad,seRefrigera,Fecha_Cad,tipoAlimento) VALUES (75,'LUx9wt3t55fy',52,'false','8/12/2024','Hierbas');
INSERT INTO alimento(Id_Alimento,RFC_Prov,Cantidad,seRefrigera,Fecha_Cad,tipoAlimento) VALUES (76,'kNCwKZW6zo9b',158,'false','6/1/2025','Plancton');
INSERT INTO alimento(Id_Alimento,RFC_Prov,Cantidad,seRefrigera,Fecha_Cad,tipoAlimento) VALUES (77,'Q5U2ki3wISmb',164,'false','10/15/2025','Granos');
INSERT INTO alimento(Id_Alimento,RFC_Prov,Cantidad,seRefrigera,Fecha_Cad,tipoAlimento) VALUES (78,'rL2kDvg5soJ7',129,'true','3/21/2024','Carnes');
INSERT INTO alimento(Id_Alimento,RFC_Prov,Cantidad,seRefrigera,Fecha_Cad,tipoAlimento) VALUES (79,'6SpPNw81CGxl',200,'true','6/17/2024','Pescados');
INSERT INTO alimento(Id_Alimento,RFC_Prov,Cantidad,seRefrigera,Fecha_Cad,tipoAlimento) VALUES (80,'vfzgJJvM0EVm',12,'true','12/25/2023','Semillas');
INSERT INTO alimento(Id_Alimento,RFC_Prov,Cantidad,seRefrigera,Fecha_Cad,tipoAlimento) VALUES (81,'F8xMJ0FICuuP',185,'true','6/30/2024','Semillas');
INSERT INTO alimento(Id_Alimento,RFC_Prov,Cantidad,seRefrigera,Fecha_Cad,tipoAlimento) VALUES (82,'2pJCqZbHYrxz',40,'true','9/21/2024','Semillas');
INSERT INTO alimento(Id_Alimento,RFC_Prov,Cantidad,seRefrigera,Fecha_Cad,tipoAlimento) VALUES (83,'4nKKertC39Ts',140,'true','7/28/2025','Pescados');
INSERT INTO alimento(Id_Alimento,RFC_Prov,Cantidad,seRefrigera,Fecha_Cad,tipoAlimento) VALUES (84,'BAKNQpuO8WMP',67,'false','8/30/2024','Forraje');
INSERT INTO alimento(Id_Alimento,RFC_Prov,Cantidad,seRefrigera,Fecha_Cad,tipoAlimento) VALUES (85,'CAeCHYELKjV9',199,'true','4/27/2025','Frutas');
INSERT INTO alimento(Id_Alimento,RFC_Prov,Cantidad,seRefrigera,Fecha_Cad,tipoAlimento) VALUES (86,'eWisHLNQGPDX',27,'false','4/24/2025','Algas');
INSERT INTO alimento(Id_Alimento,RFC_Prov,Cantidad,seRefrigera,Fecha_Cad,tipoAlimento) VALUES (87,'nmFto5wiozdm',20,'true','3/22/2024','Granos');
INSERT INTO alimento(Id_Alimento,RFC_Prov,Cantidad,seRefrigera,Fecha_Cad,tipoAlimento) VALUES (88,'Qn291nVyL6PO',119,'true','7/18/2024','Granos');
INSERT INTO alimento(Id_Alimento,RFC_Prov,Cantidad,seRefrigera,Fecha_Cad,tipoAlimento) VALUES (89,'4wL24ohADJOG',167,'false','3/11/2024','Plancton');
INSERT INTO alimento(Id_Alimento,RFC_Prov,Cantidad,seRefrigera,Fecha_Cad,tipoAlimento) VALUES (90,'U0h9L7BnPGck',23,'false','5/26/2024','Carnes');
INSERT INTO alimento(Id_Alimento,RFC_Prov,Cantidad,seRefrigera,Fecha_Cad,tipoAlimento) VALUES (91,'TiS70ldvjxjH',129,'true','6/20/2025','Algas');
INSERT INTO alimento(Id_Alimento,RFC_Prov,Cantidad,seRefrigera,Fecha_Cad,tipoAlimento) VALUES (92,'h3OIUMQCPg2q',93,'false','9/10/2024','Frutas');
INSERT INTO alimento(Id_Alimento,RFC_Prov,Cantidad,seRefrigera,Fecha_Cad,tipoAlimento) VALUES (93,'wQqjs1dFsSVx',52,'true','9/15/2024','Forraje');
INSERT INTO alimento(Id_Alimento,RFC_Prov,Cantidad,seRefrigera,Fecha_Cad,tipoAlimento) VALUES (94,'KHR6x7S64Tsz',29,'false','3/27/2025','Pescados');
INSERT INTO alimento(Id_Alimento,RFC_Prov,Cantidad,seRefrigera,Fecha_Cad,tipoAlimento) VALUES (95,'jCdVKZzFLW3W',125,'false','5/14/2025','Algas');
INSERT INTO alimento(Id_Alimento,RFC_Prov,Cantidad,seRefrigera,Fecha_Cad,tipoAlimento) VALUES (96,'tlstBdq9OkgF',41,'false','3/31/2024','Semillas');
INSERT INTO alimento(Id_Alimento,RFC_Prov,Cantidad,seRefrigera,Fecha_Cad,tipoAlimento) VALUES (97,'J4YhY94jv84l',95,'false','2/28/2024','Forraje');
INSERT INTO alimento(Id_Alimento,RFC_Prov,Cantidad,seRefrigera,Fecha_Cad,tipoAlimento) VALUES (98,'jCWNfYIdro6S',41,'false','3/21/2024','Plancton');
INSERT INTO alimento(Id_Alimento,RFC_Prov,Cantidad,seRefrigera,Fecha_Cad,tipoAlimento) VALUES (99,'X68Dtyq3kcYD',10,'false','10/17/2025','Verduras');
INSERT INTO alimento(Id_Alimento,RFC_Prov,Cantidad,seRefrigera,Fecha_Cad,tipoAlimento) VALUES (100,'aQJOUy39khE1',37,'true','7/1/2024','Granos');

--DISTRIBUIR_ALIM
insert into distribuir_Alim (Id_Alimento, Tipo) values (1, 'Sabana');
insert into distribuir_Alim (Id_Alimento, Tipo) values (2, 'Bosque Tropical');
insert into distribuir_Alim (Id_Alimento, Tipo) values (3, 'Arrecife de Coral');
insert into distribuir_Alim (Id_Alimento, Tipo) values (4, 'Sabana');
insert into distribuir_Alim (Id_Alimento, Tipo) values (5, 'Estepa');
insert into distribuir_Alim (Id_Alimento, Tipo) values (6, 'Manglar');
insert into distribuir_Alim (Id_Alimento, Tipo) values (7, 'Pantano');
insert into distribuir_Alim (Id_Alimento, Tipo) values (8, 'Selva');
insert into distribuir_Alim (Id_Alimento, Tipo) values (9, 'Franja costera');
insert into distribuir_Alim (Id_Alimento, Tipo) values (10, 'Bosque Templado');
insert into distribuir_Alim (Id_Alimento, Tipo) values (11, 'Arrecife de Coral');
insert into distribuir_Alim (Id_Alimento, Tipo) values (12, 'Pradera');
insert into distribuir_Alim (Id_Alimento, Tipo) values (13, 'Bosque Tropical');
insert into distribuir_Alim (Id_Alimento, Tipo) values (14, 'Franja costera');
insert into distribuir_Alim (Id_Alimento, Tipo) values (15, 'Estepa');
insert into distribuir_Alim (Id_Alimento, Tipo) values (16, 'Estepa');
insert into distribuir_Alim (Id_Alimento, Tipo) values (17, 'Desierto');
insert into distribuir_Alim (Id_Alimento, Tipo) values (18, 'Franja costera');
insert into distribuir_Alim (Id_Alimento, Tipo) values (19, 'Manglar');
insert into distribuir_Alim (Id_Alimento, Tipo) values (20, 'Manglar');
insert into distribuir_Alim (Id_Alimento, Tipo) values (21, 'Pastizales');
insert into distribuir_Alim (Id_Alimento, Tipo) values (22, 'Pastizales');
insert into distribuir_Alim (Id_Alimento, Tipo) values (23, 'Selva');
insert into distribuir_Alim (Id_Alimento, Tipo) values (24, 'Chaparral');
insert into distribuir_Alim (Id_Alimento, Tipo) values (25, 'Aviario');
insert into distribuir_Alim (Id_Alimento, Tipo) values (26, 'Aviario');
insert into distribuir_Alim (Id_Alimento, Tipo) values (27, 'Franja costera');
insert into distribuir_Alim (Id_Alimento, Tipo) values (28, 'Pradera');
insert into distribuir_Alim (Id_Alimento, Tipo) values (29, 'Pastizales');
insert into distribuir_Alim (Id_Alimento, Tipo) values (30, 'Estepa');
insert into distribuir_Alim (Id_Alimento, Tipo) values (31, 'Franja costera');
insert into distribuir_Alim (Id_Alimento, Tipo) values (32, 'Pantano');
insert into distribuir_Alim (Id_Alimento, Tipo) values (33, 'Selva');
insert into distribuir_Alim (Id_Alimento, Tipo) values (34, 'Aviario');
insert into distribuir_Alim (Id_Alimento, Tipo) values (35, 'Aviario');
insert into distribuir_Alim (Id_Alimento, Tipo) values (36, 'Arrecife de Coral');
insert into distribuir_Alim (Id_Alimento, Tipo) values (37, 'Manglar');
insert into distribuir_Alim (Id_Alimento, Tipo) values (38, 'Pastizales');
insert into distribuir_Alim (Id_Alimento, Tipo) values (39, 'Desierto');
insert into distribuir_Alim (Id_Alimento, Tipo) values (40, 'Aviario');
insert into distribuir_Alim (Id_Alimento, Tipo) values (41, 'Selva');
insert into distribuir_Alim (Id_Alimento, Tipo) values (42, 'Franja costera');
insert into distribuir_Alim (Id_Alimento, Tipo) values (43, 'Desierto');
insert into distribuir_Alim (Id_Alimento, Tipo) values (44, 'Pastizales');
insert into distribuir_Alim (Id_Alimento, Tipo) values (45, 'Aviario');
insert into distribuir_Alim (Id_Alimento, Tipo) values (46, 'Sabana');
insert into distribuir_Alim (Id_Alimento, Tipo) values (47, 'Sabana');
insert into distribuir_Alim (Id_Alimento, Tipo) values (48, 'Aviario');
insert into distribuir_Alim (Id_Alimento, Tipo) values (49, 'Estepa');
insert into distribuir_Alim (Id_Alimento, Tipo) values (50, 'Estepa');
insert into distribuir_Alim (Id_Alimento, Tipo) values (51, 'Pradera');
insert into distribuir_Alim (Id_Alimento, Tipo) values (52, 'Bosque Templado');
insert into distribuir_Alim (Id_Alimento, Tipo) values (53, 'Arrecife de Coral');
insert into distribuir_Alim (Id_Alimento, Tipo) values (54, 'Franja costera');
insert into distribuir_Alim (Id_Alimento, Tipo) values (55, 'Arrecife de Coral');
insert into distribuir_Alim (Id_Alimento, Tipo) values (56, 'Pantano');
insert into distribuir_Alim (Id_Alimento, Tipo) values (57, 'Bosque de Coníferas');
insert into distribuir_Alim (Id_Alimento, Tipo) values (58, 'Bosque de Coníferas');
insert into distribuir_Alim (Id_Alimento, Tipo) values (59, 'Pastizales');
insert into distribuir_Alim (Id_Alimento, Tipo) values (60, 'Manglar');
insert into distribuir_Alim (Id_Alimento, Tipo) values (61, 'Franja costera');
insert into distribuir_Alim (Id_Alimento, Tipo) values (62, 'Bosque de Coníferas');
insert into distribuir_Alim (Id_Alimento, Tipo) values (63, 'Chaparral');
insert into distribuir_Alim (Id_Alimento, Tipo) values (64, 'Aviario');
insert into distribuir_Alim (Id_Alimento, Tipo) values (65, 'Taiga');
insert into distribuir_Alim (Id_Alimento, Tipo) values (66, 'Bosque de Coníferas');
insert into distribuir_Alim (Id_Alimento, Tipo) values (67, 'Bosque Templado');
insert into distribuir_Alim (Id_Alimento, Tipo) values (68, 'Desierto');
insert into distribuir_Alim (Id_Alimento, Tipo) values (69, 'Franja costera');
insert into distribuir_Alim (Id_Alimento, Tipo) values (70, 'Pantano');
insert into distribuir_Alim (Id_Alimento, Tipo) values (71, 'Estepa');
insert into distribuir_Alim (Id_Alimento, Tipo) values (72, 'Arrecife de Coral');
insert into distribuir_Alim (Id_Alimento, Tipo) values (73, 'Pradera');
insert into distribuir_Alim (Id_Alimento, Tipo) values (74, 'Chaparral');
insert into distribuir_Alim (Id_Alimento, Tipo) values (75, 'Tundra');
insert into distribuir_Alim (Id_Alimento, Tipo) values (76, 'Desierto');
insert into distribuir_Alim (Id_Alimento, Tipo) values (77, 'Bosque Templado');
insert into distribuir_Alim (Id_Alimento, Tipo) values (78, 'Aviario');
insert into distribuir_Alim (Id_Alimento, Tipo) values (79, 'Pastizales');
insert into distribuir_Alim (Id_Alimento, Tipo) values (80, 'Pastizales');
insert into distribuir_Alim (Id_Alimento, Tipo) values (81, 'Pradera');
insert into distribuir_Alim (Id_Alimento, Tipo) values (82, 'Aviario');
insert into distribuir_Alim (Id_Alimento, Tipo) values (83, 'Desierto');
insert into distribuir_Alim (Id_Alimento, Tipo) values (84, 'Arrecife de Coral');
insert into distribuir_Alim (Id_Alimento, Tipo) values (85, 'Aviario');
insert into distribuir_Alim (Id_Alimento, Tipo) values (86, 'Aviario');
insert into distribuir_Alim (Id_Alimento, Tipo) values (87, 'Arrecife de Coral');
insert into distribuir_Alim (Id_Alimento, Tipo) values (88, 'Bosque Templado');
insert into distribuir_Alim (Id_Alimento, Tipo) values (89, 'Sabana');
insert into distribuir_Alim (Id_Alimento, Tipo) values (90, 'Arrecife de Coral');
insert into distribuir_Alim (Id_Alimento, Tipo) values (91, 'Sabana');
insert into distribuir_Alim (Id_Alimento, Tipo) values (92, 'Bosque Templado');
insert into distribuir_Alim (Id_Alimento, Tipo) values (93, 'Arrecife de Coral');
insert into distribuir_Alim (Id_Alimento, Tipo) values (94, 'Selva');
insert into distribuir_Alim (Id_Alimento, Tipo) values (95, 'Chaparral');
insert into distribuir_Alim (Id_Alimento, Tipo) values (96, 'Chaparral');
insert into distribuir_Alim (Id_Alimento, Tipo) values (97, 'Pastizales');
insert into distribuir_Alim (Id_Alimento, Tipo) values (98, 'Chaparral');
insert into distribuir_Alim (Id_Alimento, Tipo) values (99, 'Pantano');
insert into distribuir_Alim (Id_Alimento, Tipo) values (100, 'Chaparral');

--TABLA INDICACIONESMEDICAS
insert into IndicacionesMed (Id_Animal, IndicacionesMed) values (1, 'Vacunación preventiva');
insert into IndicacionesMed (Id_Animal, IndicacionesMed) values (2, 'Control de peso y nutrición');
insert into IndicacionesMed (Id_Animal, IndicacionesMed) values (3, 'Tratamiento de emergencia');
insert into IndicacionesMed (Id_Animal, IndicacionesMed) values (4, 'Cuidado dental');
insert into IndicacionesMed (Id_Animal, IndicacionesMed) values (5, 'Control de peso y nutrición');
insert into IndicacionesMed (Id_Animal, IndicacionesMed) values (6, 'Tratamiento de emergencia');
insert into IndicacionesMed (Id_Animal, IndicacionesMed) values (7, 'Manejo de diabetes');
insert into IndicacionesMed (Id_Animal, IndicacionesMed) values (8, 'Tratamiento oftalmológico');
insert into IndicacionesMed (Id_Animal, IndicacionesMed) values (9, 'Control de alergias');
insert into IndicacionesMed (Id_Animal, IndicacionesMed) values (10, 'Terapia conductual');
insert into IndicacionesMed (Id_Animal, IndicacionesMed) values (11, 'Tratamiento oftalmológico');
insert into IndicacionesMed (Id_Animal, IndicacionesMed) values (12, 'Cuidado dental');
insert into IndicacionesMed (Id_Animal, IndicacionesMed) values (13, 'Cuidado prenatal y reproductivo');
insert into IndicacionesMed (Id_Animal, IndicacionesMed) values (14, 'Manejo de diabetes');
insert into IndicacionesMed (Id_Animal, IndicacionesMed) values (15, 'Manejo de enfermedades crónicas');
insert into IndicacionesMed (Id_Animal, IndicacionesMed) values (16, 'Cuidado post-operatorio');
insert into IndicacionesMed (Id_Animal, IndicacionesMed) values (17, 'Cuidado dental');
insert into IndicacionesMed (Id_Animal, IndicacionesMed) values (18, 'Manejo del dolor crónico');
insert into IndicacionesMed (Id_Animal, IndicacionesMed) values (19, 'Vacunación preventiva');
insert into IndicacionesMed (Id_Animal, IndicacionesMed) values (20, 'Manejo de enfermedades crónicas');
insert into IndicacionesMed (Id_Animal, IndicacionesMed) values (21, 'Cuidado prenatal y reproductivo');
insert into IndicacionesMed (Id_Animal, IndicacionesMed) values (22, 'No necesita tratamientos');
insert into IndicacionesMed (Id_Animal, IndicacionesMed) values (23, 'Tratamiento oftalmológico');
insert into IndicacionesMed (Id_Animal, IndicacionesMed) values (24, 'Control de peso y nutrición');
insert into IndicacionesMed (Id_Animal, IndicacionesMed) values (25, 'Vacunación preventiva');
insert into IndicacionesMed (Id_Animal, IndicacionesMed) values (26, 'Manejo del dolor crónico');
insert into IndicacionesMed (Id_Animal, IndicacionesMed) values (27, 'Tratamiento de emergencia');
insert into IndicacionesMed (Id_Animal, IndicacionesMed) values (28, 'Cuidado dental');
insert into IndicacionesMed (Id_Animal, IndicacionesMed) values (29, 'Desparasitación interna y externa');
insert into IndicacionesMed (Id_Animal, IndicacionesMed) values (30, 'Tratamiento dermatológico');
insert into IndicacionesMed (Id_Animal, IndicacionesMed) values (31, 'Tratamiento oncológico');
insert into IndicacionesMed (Id_Animal, IndicacionesMed) values (32, 'Tratamiento de emergencia');
insert into IndicacionesMed (Id_Animal, IndicacionesMed) values (33, 'Tratamiento de emergencia');
insert into IndicacionesMed (Id_Animal, IndicacionesMed) values (34, 'Vacunación preventiva');
insert into IndicacionesMed (Id_Animal, IndicacionesMed) values (35, 'Rehabilitación física');
insert into IndicacionesMed (Id_Animal, IndicacionesMed) values (36, 'Cuidado geriátrico');
insert into IndicacionesMed (Id_Animal, IndicacionesMed) values (37, 'Tratamiento oftalmológico');
insert into IndicacionesMed (Id_Animal, IndicacionesMed) values (38, 'Tratamiento de enfermedades infecciosas');
insert into IndicacionesMed (Id_Animal, IndicacionesMed) values (39, 'Rehabilitación física');
insert into IndicacionesMed (Id_Animal, IndicacionesMed) values (40, 'Desparasitación interna y externa');
insert into IndicacionesMed (Id_Animal, IndicacionesMed) values (41, 'Control de alergias');
insert into IndicacionesMed (Id_Animal, IndicacionesMed) values (42, 'Terapia conductual');
insert into IndicacionesMed (Id_Animal, IndicacionesMed) values (43, 'Manejo del dolor crónico');
insert into IndicacionesMed (Id_Animal, IndicacionesMed) values (44, 'Cuidado dental');
insert into IndicacionesMed (Id_Animal, IndicacionesMed) values (45, 'Terapia conductual');
insert into IndicacionesMed (Id_Animal, IndicacionesMed) values (46, 'Manejo del dolor crónico');
insert into IndicacionesMed (Id_Animal, IndicacionesMed) values (47, 'Cuidado post-operatorio');
insert into IndicacionesMed (Id_Animal, IndicacionesMed) values (48, 'Rehabilitación física');
insert into IndicacionesMed (Id_Animal, IndicacionesMed) values (49, 'Control de peso y nutrición');
insert into IndicacionesMed (Id_Animal, IndicacionesMed) values (50, 'Cuidado prenatal y reproductivo');
insert into IndicacionesMed (Id_Animal, IndicacionesMed) values (51, 'Manejo de diabetes');
insert into IndicacionesMed (Id_Animal, IndicacionesMed) values (52, 'Tratamiento oftalmológico');
insert into IndicacionesMed (Id_Animal, IndicacionesMed) values (53, 'Manejo de enfermedades crónicas');
insert into IndicacionesMed (Id_Animal, IndicacionesMed) values (54, 'Terapia conductual');
insert into IndicacionesMed (Id_Animal, IndicacionesMed) values (55, 'Tratamiento de enfermedades infecciosas');
insert into IndicacionesMed (Id_Animal, IndicacionesMed) values (56, 'Manejo de diabetes');
insert into IndicacionesMed (Id_Animal, IndicacionesMed) values (57, 'Tratamiento oftalmológico');
insert into IndicacionesMed (Id_Animal, IndicacionesMed) values (58, 'Desparasitación interna y externa');
insert into IndicacionesMed (Id_Animal, IndicacionesMed) values (59, 'Tratamiento oftalmológico');
insert into IndicacionesMed (Id_Animal, IndicacionesMed) values (60, 'Tratamiento dermatológico');
insert into IndicacionesMed (Id_Animal, IndicacionesMed) values (61, 'No necesita tratamientos');
insert into IndicacionesMed (Id_Animal, IndicacionesMed) values (62, 'Rehabilitación física');
insert into IndicacionesMed (Id_Animal, IndicacionesMed) values (63, 'Manejo de diabetes');
insert into IndicacionesMed (Id_Animal, IndicacionesMed) values (64, 'Manejo de enfermedades crónicas');
insert into IndicacionesMed (Id_Animal, IndicacionesMed) values (65, 'Control de alergias');
insert into IndicacionesMed (Id_Animal, IndicacionesMed) values (66, 'Cirugía de tejidos blandos');
insert into IndicacionesMed (Id_Animal, IndicacionesMed) values (67, 'Cuidado prenatal y reproductivo');
insert into IndicacionesMed (Id_Animal, IndicacionesMed) values (68, 'Cuidado post-operatorio');
insert into IndicacionesMed (Id_Animal, IndicacionesMed) values (69, 'Control de alergias');
insert into IndicacionesMed (Id_Animal, IndicacionesMed) values (70, 'Tratamiento de enfermedades cardíacas');
insert into IndicacionesMed (Id_Animal, IndicacionesMed) values (71, 'Tratamiento de emergencia');
insert into IndicacionesMed (Id_Animal, IndicacionesMed) values (72, 'Cirugía de tejidos blandos');
insert into IndicacionesMed (Id_Animal, IndicacionesMed) values (73, 'Tratamiento dermatológico');
insert into IndicacionesMed (Id_Animal, IndicacionesMed) values (74, 'Cuidado dental');
insert into IndicacionesMed (Id_Animal, IndicacionesMed) values (75, 'Tratamiento oftalmológico');
insert into IndicacionesMed (Id_Animal, IndicacionesMed) values (76, 'Tratamiento dermatológico');
insert into IndicacionesMed (Id_Animal, IndicacionesMed) values (77, 'Cuidado geriátrico');
insert into IndicacionesMed (Id_Animal, IndicacionesMed) values (78, 'Tratamiento de emergencia');
insert into IndicacionesMed (Id_Animal, IndicacionesMed) values (79, 'Cuidado prenatal y reproductivo');
insert into IndicacionesMed (Id_Animal, IndicacionesMed) values (80, 'Vacunación preventiva');
insert into IndicacionesMed (Id_Animal, IndicacionesMed) values (81, 'Tratamiento de emergencia');
insert into IndicacionesMed (Id_Animal, IndicacionesMed) values (82, 'Cirugía de tejidos blandos');
insert into IndicacionesMed (Id_Animal, IndicacionesMed) values (83, 'Tratamiento oftalmológico');
insert into IndicacionesMed (Id_Animal, IndicacionesMed) values (84, 'Tratamiento oftalmológico');
insert into IndicacionesMed (Id_Animal, IndicacionesMed) values (85, 'Cuidado prenatal y reproductivo');
insert into IndicacionesMed (Id_Animal, IndicacionesMed) values (86, 'Cuidado geriátrico');
insert into IndicacionesMed (Id_Animal, IndicacionesMed) values (87, 'Tratamiento de enfermedades cardíacas');
insert into IndicacionesMed (Id_Animal, IndicacionesMed) values (88, 'Manejo del dolor crónico');
insert into IndicacionesMed (Id_Animal, IndicacionesMed) values (89, 'Cirugía de tejidos blandos');
insert into IndicacionesMed (Id_Animal, IndicacionesMed) values (90, 'Control de alergias');
insert into IndicacionesMed (Id_Animal, IndicacionesMed) values (91, 'Terapia conductual');
insert into IndicacionesMed (Id_Animal, IndicacionesMed) values (92, 'Tratamiento dermatológico');
insert into IndicacionesMed (Id_Animal, IndicacionesMed) values (93, 'Manejo de diabetes');
insert into IndicacionesMed (Id_Animal, IndicacionesMed) values (94, 'Cuidado dental');
insert into IndicacionesMed (Id_Animal, IndicacionesMed) values (95, 'Control de alergias');
insert into IndicacionesMed (Id_Animal, IndicacionesMed) values (96, 'Vacunación preventiva');
insert into IndicacionesMed (Id_Animal, IndicacionesMed) values (97, 'Manejo de enfermedades crónicas');
insert into IndicacionesMed (Id_Animal, IndicacionesMed) values (98, 'Rehabilitación física');
insert into IndicacionesMed (Id_Animal, IndicacionesMed) values (99, 'Tratamiento de enfermedades infecciosas');
insert into IndicacionesMed (Id_Animal, IndicacionesMed) values (100, 'Control de peso y nutrición');

--TABLA ticket_Serv
insert into ticket_Serv (Num_Ticket_Serv, CURP, Id_Servicio, Descuento, Cantidad, Fecha) values (1, 'SGGC538211YLECJT60', 1, 55, 388, '6/3/2024');
insert into ticket_Serv (Num_Ticket_Serv, CURP, Id_Servicio, Descuento, Cantidad, Fecha) values (2, 'FWNY918683YSEBQV99', 2, 13, 990, '4/25/2024');
insert into ticket_Serv (Num_Ticket_Serv, CURP, Id_Servicio, Descuento, Cantidad, Fecha) values (3, 'ZQEV159470TEZBXW21', 3, 54, 1795, '11/20/2024');
insert into ticket_Serv (Num_Ticket_Serv, CURP, Id_Servicio, Descuento, Cantidad, Fecha) values (4, 'UDNB658138GLCXWK17', 4, 37, 1576, '2/9/2024');
insert into ticket_Serv (Num_Ticket_Serv, CURP, Id_Servicio, Descuento, Cantidad, Fecha) values (5, 'IGAX733890TOELTU18', 5, 18, 1647, '7/26/2024');
insert into ticket_Serv (Num_Ticket_Serv, CURP, Id_Servicio, Descuento, Cantidad, Fecha) values (6, 'IONC919934QJOWYD53', 6, 39, 628, '3/4/2024');
insert into ticket_Serv (Num_Ticket_Serv, CURP, Id_Servicio, Descuento, Cantidad, Fecha) values (7, 'TBNT133724DGBJJT10', 7, 54, 499, '1/25/2024');
insert into ticket_Serv (Num_Ticket_Serv, CURP, Id_Servicio, Descuento, Cantidad, Fecha) values (8, 'EQUK887358QSAOME68', 8, 7, 1790, '5/9/2024');
insert into ticket_Serv (Num_Ticket_Serv, CURP, Id_Servicio, Descuento, Cantidad, Fecha) values (9, 'SFLP766257YZSRPG41', 9, 7, 1200, '5/20/2024');
insert into ticket_Serv (Num_Ticket_Serv, CURP, Id_Servicio, Descuento, Cantidad, Fecha) values (10, 'VOMU204468NEUSKK65', 10, 41, 344, '6/30/2024');
insert into ticket_Serv (Num_Ticket_Serv, CURP, Id_Servicio, Descuento, Cantidad, Fecha) values (11, 'ZCDK397690PVVJOV67', 11, 8, 1557, '7/26/2024');
insert into ticket_Serv (Num_Ticket_Serv, CURP, Id_Servicio, Descuento, Cantidad, Fecha) values (12, 'TUYC467868QNLOLG73', 12, 55, 649, '5/20/2024');
insert into ticket_Serv (Num_Ticket_Serv, CURP, Id_Servicio, Descuento, Cantidad, Fecha) values (13, 'JWWF687250ADJAFR47', 13, 6, 898, '1/12/2024');
insert into ticket_Serv (Num_Ticket_Serv, CURP, Id_Servicio, Descuento, Cantidad, Fecha) values (14, 'QOEG346379UTTIPE02', 14, 17, 22, '4/1/2024');
insert into ticket_Serv (Num_Ticket_Serv, CURP, Id_Servicio, Descuento, Cantidad, Fecha) values (15, 'WEBN117225EVFTDE29', 15, 7, 11, '7/15/2024');
insert into ticket_Serv (Num_Ticket_Serv, CURP, Id_Servicio, Descuento, Cantidad, Fecha) values (16, 'FFRM030547QTRKCL75', 16, 8, 1320, '8/20/2024');
insert into ticket_Serv (Num_Ticket_Serv, CURP, Id_Servicio, Descuento, Cantidad, Fecha) values (17, 'VAZA063542DTIGVC08', 17, 60, 222, '2/6/2024');
insert into ticket_Serv (Num_Ticket_Serv, CURP, Id_Servicio, Descuento, Cantidad, Fecha) values (18, 'TPUY647479VLZOTV45', 18, 3, 850, '12/30/2024');
insert into ticket_Serv (Num_Ticket_Serv, CURP, Id_Servicio, Descuento, Cantidad, Fecha) values (19, 'SFLP766257YZSRPG41', 19, 58, 608, '5/7/2024');
insert into ticket_Serv (Num_Ticket_Serv, CURP, Id_Servicio, Descuento, Cantidad, Fecha) values (20, 'VWIL590879VQXCLF40', 20, 14, 1645, '3/11/2024');
insert into ticket_Serv (Num_Ticket_Serv, CURP, Id_Servicio, Descuento, Cantidad, Fecha) values (21, 'KYDE625409UKWHRW68', 21, 48, 1996, '6/25/2024');
insert into ticket_Serv (Num_Ticket_Serv, CURP, Id_Servicio, Descuento, Cantidad, Fecha) values (22, 'KYDE625409UKWHRW68', 22, 13, 1387, '5/17/2024');
insert into ticket_Serv (Num_Ticket_Serv, CURP, Id_Servicio, Descuento, Cantidad, Fecha) values (23, 'SFLP766257YZSRPG41', 23, 54, 1149, '3/14/2024');
insert into ticket_Serv (Num_Ticket_Serv, CURP, Id_Servicio, Descuento, Cantidad, Fecha) values (24, 'CKQT416923FTJOOG79', 24, 12, 1464, '6/1/2024');
insert into ticket_Serv (Num_Ticket_Serv, CURP, Id_Servicio, Descuento, Cantidad, Fecha) values (25, 'UQUW280839XPXHYO18', 25, 12, 1230, '11/1/2024');
insert into ticket_Serv (Num_Ticket_Serv, CURP, Id_Servicio, Descuento, Cantidad, Fecha) values (26, 'JMJI509158RXJCZR76', 26, 25, 286, '9/22/2024');
insert into ticket_Serv (Num_Ticket_Serv, CURP, Id_Servicio, Descuento, Cantidad, Fecha) values (27, 'SIRY386689JQDTSH51', 27, 30, 1737, '2/3/2024');
insert into ticket_Serv (Num_Ticket_Serv, CURP, Id_Servicio, Descuento, Cantidad, Fecha) values (28, 'AWVT436113DFZWMS23', 28, 35, 315, '8/14/2024');
insert into ticket_Serv (Num_Ticket_Serv, CURP, Id_Servicio, Descuento, Cantidad, Fecha) values (29, 'TBNT133724DGBJJT10', 29, 1, 780, '3/12/2024');
insert into ticket_Serv (Num_Ticket_Serv, CURP, Id_Servicio, Descuento, Cantidad, Fecha) values (30, 'EQWO975166MAAYTB37', 30, 11, 700, '2/6/2024');
insert into ticket_Serv (Num_Ticket_Serv, CURP, Id_Servicio, Descuento, Cantidad, Fecha) values (31, 'ZCDK397690PVVJOV67', 31, 27, 1498, '11/13/2024');
insert into ticket_Serv (Num_Ticket_Serv, CURP, Id_Servicio, Descuento, Cantidad, Fecha) values (32, 'UQUW280839XPXHYO18', 32, 51, 229, '4/25/2024');
insert into ticket_Serv (Num_Ticket_Serv, CURP, Id_Servicio, Descuento, Cantidad, Fecha) values (33, 'GLFX019664ZDUIMG01', 33, 7, 1053, '8/24/2024');
insert into ticket_Serv (Num_Ticket_Serv, CURP, Id_Servicio, Descuento, Cantidad, Fecha) values (34, 'SGXN532205TPTAHI13', 34, 53, 1597, '5/17/2024');
insert into ticket_Serv (Num_Ticket_Serv, CURP, Id_Servicio, Descuento, Cantidad, Fecha) values (35, 'OJZC294570KHATSL35', 35, 22, 1792, '4/20/2024');
insert into ticket_Serv (Num_Ticket_Serv, CURP, Id_Servicio, Descuento, Cantidad, Fecha) values (36, 'SIRY386689JQDTSH51', 36, 24, 1237, '5/6/2024');
insert into ticket_Serv (Num_Ticket_Serv, CURP, Id_Servicio, Descuento, Cantidad, Fecha) values (37, 'ZPYC793203MDLPCA50', 37, 14, 429, '2/6/2024');
insert into ticket_Serv (Num_Ticket_Serv, CURP, Id_Servicio, Descuento, Cantidad, Fecha) values (38, 'TXYX466795ZAWQNL05', 38, 48, 793, '6/6/2024');
insert into ticket_Serv (Num_Ticket_Serv, CURP, Id_Servicio, Descuento, Cantidad, Fecha) values (39, 'CJID564695VOEPDH55', 39, 22, 1588, '1/13/2024');
insert into ticket_Serv (Num_Ticket_Serv, CURP, Id_Servicio, Descuento, Cantidad, Fecha) values (40, 'SDLW732875PYJUJW88', 40, 49, 1202, '8/31/2024');
insert into ticket_Serv (Num_Ticket_Serv, CURP, Id_Servicio, Descuento, Cantidad, Fecha) values (41, 'XLAA947857HDSDHA65', 41, 36, 793, '3/29/2024');
insert into ticket_Serv (Num_Ticket_Serv, CURP, Id_Servicio, Descuento, Cantidad, Fecha) values (42, 'GLFX019664ZDUIMG01', 42, 1, 340, '1/7/2024');
insert into ticket_Serv (Num_Ticket_Serv, CURP, Id_Servicio, Descuento, Cantidad, Fecha) values (43, 'YZUY849364MVCUJR09', 43, 39, 392, '9/29/2024');
insert into ticket_Serv (Num_Ticket_Serv, CURP, Id_Servicio, Descuento, Cantidad, Fecha) values (44, 'AHIU658776BHZVLR52', 44, 25, 564, '9/19/2024');
insert into ticket_Serv (Num_Ticket_Serv, CURP, Id_Servicio, Descuento, Cantidad, Fecha) values (45, 'DADK477291QIMUKB45', 45, 26, 1436, '2/19/2024');
insert into ticket_Serv (Num_Ticket_Serv, CURP, Id_Servicio, Descuento, Cantidad, Fecha) values (46, 'OUUN259373WQOXNB07', 46, 6, 251, '11/1/2024');
insert into ticket_Serv (Num_Ticket_Serv, CURP, Id_Servicio, Descuento, Cantidad, Fecha) values (47, 'JEKC172153DEJFXF41', 47, 43, 257, '3/31/2024');
insert into ticket_Serv (Num_Ticket_Serv, CURP, Id_Servicio, Descuento, Cantidad, Fecha) values (48, 'BMBW029311WSYUNT48', 48, 7, 1072, '3/14/2024');
insert into ticket_Serv (Num_Ticket_Serv, CURP, Id_Servicio, Descuento, Cantidad, Fecha) values (49, 'DADK477291QIMUKB45', 49, 38, 222, '1/11/2024');
insert into ticket_Serv (Num_Ticket_Serv, CURP, Id_Servicio, Descuento, Cantidad, Fecha) values (50, 'WGFC986417VPONQZ88', 50, 54, 1955, '2/2/2024');
insert into ticket_Serv (Num_Ticket_Serv, CURP, Id_Servicio, Descuento, Cantidad, Fecha) values (51, 'AGKN604503ZEZOII74', 51, 6, 588, '12/13/2024');
insert into ticket_Serv (Num_Ticket_Serv, CURP, Id_Servicio, Descuento, Cantidad, Fecha) values (52, 'PPZX494266TGCNQF11', 52, 14, 1461, '6/9/2024');
insert into ticket_Serv (Num_Ticket_Serv, CURP, Id_Servicio, Descuento, Cantidad, Fecha) values (53, 'PVRG878125JVHPXM04', 53, 16, 393, '10/16/2024');
insert into ticket_Serv (Num_Ticket_Serv, CURP, Id_Servicio, Descuento, Cantidad, Fecha) values (54, 'IONC919934QJOWYD53', 54, 19, 1795, '4/25/2024');
insert into ticket_Serv (Num_Ticket_Serv, CURP, Id_Servicio, Descuento, Cantidad, Fecha) values (55, 'OOGS321614BKYFEV65', 55, 32, 1605, '9/24/2024');
insert into ticket_Serv (Num_Ticket_Serv, CURP, Id_Servicio, Descuento, Cantidad, Fecha) values (56, 'ZQEV159470TEZBXW21', 56, 7, 223, '4/24/2024');
insert into ticket_Serv (Num_Ticket_Serv, CURP, Id_Servicio, Descuento, Cantidad, Fecha) values (57, 'EUYI051511CRNGCJ76', 57, 19, 572, '11/11/2024');
insert into ticket_Serv (Num_Ticket_Serv, CURP, Id_Servicio, Descuento, Cantidad, Fecha) values (58, 'AWVT436113DFZWMS23', 58, 59, 1648, '10/3/2024');
insert into ticket_Serv (Num_Ticket_Serv, CURP, Id_Servicio, Descuento, Cantidad, Fecha) values (59, 'LYYK143730PXMFMV42', 59, 16, 1247, '1/31/2024');
insert into ticket_Serv (Num_Ticket_Serv, CURP, Id_Servicio, Descuento, Cantidad, Fecha) values (60, 'XKSK907624GVKKCD37', 60, 24, 1979, '9/9/2024');
insert into ticket_Serv (Num_Ticket_Serv, CURP, Id_Servicio, Descuento, Cantidad, Fecha) values (61, 'GZYL371625TXGPNC51', 61, 52, 467, '5/29/2024');
insert into ticket_Serv (Num_Ticket_Serv, CURP, Id_Servicio, Descuento, Cantidad, Fecha) values (62, 'SONB105542ZLTNUY20', 62, 1, 1349, '6/18/2024');
insert into ticket_Serv (Num_Ticket_Serv, CURP, Id_Servicio, Descuento, Cantidad, Fecha) values (63, 'JRIN792719IZATRO21', 63, 41, 401, '5/19/2024');
insert into ticket_Serv (Num_Ticket_Serv, CURP, Id_Servicio, Descuento, Cantidad, Fecha) values (64, 'SIRY386689JQDTSH51', 64, 47, 1999, '8/18/2024');
insert into ticket_Serv (Num_Ticket_Serv, CURP, Id_Servicio, Descuento, Cantidad, Fecha) values (65, 'YUWE822425ZPTZHX45', 65, 51, 548, '11/17/2024');
insert into ticket_Serv (Num_Ticket_Serv, CURP, Id_Servicio, Descuento, Cantidad, Fecha) values (66, 'XLAA947857HDSDHA65', 66, 2, 1915, '10/22/2024');
insert into ticket_Serv (Num_Ticket_Serv, CURP, Id_Servicio, Descuento, Cantidad, Fecha) values (67, 'BXZI709362NJDULY24', 67, 5, 1739, '6/20/2024');
insert into ticket_Serv (Num_Ticket_Serv, CURP, Id_Servicio, Descuento, Cantidad, Fecha) values (68, 'GLYF109106URYHWW93', 68, 4, 1049, '3/12/2024');
insert into ticket_Serv (Num_Ticket_Serv, CURP, Id_Servicio, Descuento, Cantidad, Fecha) values (69, 'ZEXG545185JIYOSE30', 69, 20, 177, '5/21/2024');
insert into ticket_Serv (Num_Ticket_Serv, CURP, Id_Servicio, Descuento, Cantidad, Fecha) values (70, 'GZYL371625TXGPNC51', 70, 33, 1707, '1/8/2024');
insert into ticket_Serv (Num_Ticket_Serv, CURP, Id_Servicio, Descuento, Cantidad, Fecha) values (71, 'FFRM030547QTRKCL75', 71, 17, 197, '4/1/2024');
insert into ticket_Serv (Num_Ticket_Serv, CURP, Id_Servicio, Descuento, Cantidad, Fecha) values (72, 'SOQN334996EYNXKJ85', 72, 52, 327, '6/2/2024');
insert into ticket_Serv (Num_Ticket_Serv, CURP, Id_Servicio, Descuento, Cantidad, Fecha) values (73, 'JEKC172153DEJFXF41', 73, 45, 1610, '11/29/2024');
insert into ticket_Serv (Num_Ticket_Serv, CURP, Id_Servicio, Descuento, Cantidad, Fecha) values (74, 'YLWS620183GRDAJD31', 74, 10, 405, '4/3/2024');
insert into ticket_Serv (Num_Ticket_Serv, CURP, Id_Servicio, Descuento, Cantidad, Fecha) values (75, 'JWWF687250ADJAFR47', 75, 23, 1437, '11/30/2024');
insert into ticket_Serv (Num_Ticket_Serv, CURP, Id_Servicio, Descuento, Cantidad, Fecha) values (76, 'EQWO975166MAAYTB37', 76, 7, 594, '1/12/2024');
insert into ticket_Serv (Num_Ticket_Serv, CURP, Id_Servicio, Descuento, Cantidad, Fecha) values (77, 'XFMX283818TMOOFO41', 77, 7, 1197, '1/6/2024');
insert into ticket_Serv (Num_Ticket_Serv, CURP, Id_Servicio, Descuento, Cantidad, Fecha) values (78, 'LYYK143730PXMFMV42', 78, 41, 635, '7/6/2024');
insert into ticket_Serv (Num_Ticket_Serv, CURP, Id_Servicio, Descuento, Cantidad, Fecha) values (79, 'EQUK887358QSAOME68', 79, 25, 62, '10/14/2024');
insert into ticket_Serv (Num_Ticket_Serv, CURP, Id_Servicio, Descuento, Cantidad, Fecha) values (80, 'QZHW140881RLMNGN43', 80, 16, 929, '8/28/2024');
insert into ticket_Serv (Num_Ticket_Serv, CURP, Id_Servicio, Descuento, Cantidad, Fecha) values (81, 'EQUK887358QSAOME68', 81, 54, 1880, '4/23/2024');
insert into ticket_Serv (Num_Ticket_Serv, CURP, Id_Servicio, Descuento, Cantidad, Fecha) values (82, 'AEQX465168PWZDZH17', 82, 29, 606, '11/4/2024');
insert into ticket_Serv (Num_Ticket_Serv, CURP, Id_Servicio, Descuento, Cantidad, Fecha) values (83, 'QZHW140881RLMNGN43', 83, 6, 860, '4/20/2024');
insert into ticket_Serv (Num_Ticket_Serv, CURP, Id_Servicio, Descuento, Cantidad, Fecha) values (84, 'EQUK887358QSAOME68', 84, 1, 956, '6/2/2024');
insert into ticket_Serv (Num_Ticket_Serv, CURP, Id_Servicio, Descuento, Cantidad, Fecha) values (85, 'FPBE214145VPZANR14', 85, 51, 208, '11/29/2024');
insert into ticket_Serv (Num_Ticket_Serv, CURP, Id_Servicio, Descuento, Cantidad, Fecha) values (86, 'YUWE822425ZPTZHX45', 86, 38, 1260, '12/27/2024');
insert into ticket_Serv (Num_Ticket_Serv, CURP, Id_Servicio, Descuento, Cantidad, Fecha) values (87, 'UQUW280839XPXHYO18', 87, 60, 856, '9/30/2024');
insert into ticket_Serv (Num_Ticket_Serv, CURP, Id_Servicio, Descuento, Cantidad, Fecha) values (88, 'LKXB754121YKMFWH30', 88, 42, 377, '2/11/2024');
insert into ticket_Serv (Num_Ticket_Serv, CURP, Id_Servicio, Descuento, Cantidad, Fecha) values (89, 'VOMU204468NEUSKK65', 89, 31, 678, '2/16/2024');
insert into ticket_Serv (Num_Ticket_Serv, CURP, Id_Servicio, Descuento, Cantidad, Fecha) values (90, 'LYYK143730PXMFMV42', 90, 29, 38, '3/1/2024');
insert into ticket_Serv (Num_Ticket_Serv, CURP, Id_Servicio, Descuento, Cantidad, Fecha) values (91, 'ZQEV159470TEZBXW21', 91, 29, 918, '12/3/2024');
insert into ticket_Serv (Num_Ticket_Serv, CURP, Id_Servicio, Descuento, Cantidad, Fecha) values (92, 'PPZX494266TGCNQF11', 92, 36, 1012, '7/29/2024');
insert into ticket_Serv (Num_Ticket_Serv, CURP, Id_Servicio, Descuento, Cantidad, Fecha) values (93, 'MUPY156740MHHJLQ06', 93, 44, 1499, '1/15/2024');
insert into ticket_Serv (Num_Ticket_Serv, CURP, Id_Servicio, Descuento, Cantidad, Fecha) values (94, 'JWWF687250ADJAFR47', 94, 6, 1181, '12/16/2024');
insert into ticket_Serv (Num_Ticket_Serv, CURP, Id_Servicio, Descuento, Cantidad, Fecha) values (95, 'YUWE822425ZPTZHX45', 95, 16, 1910, '7/16/2024');
insert into ticket_Serv (Num_Ticket_Serv, CURP, Id_Servicio, Descuento, Cantidad, Fecha) values (96, 'AHIU658776BHZVLR52', 96, 29, 1432, '7/12/2024');
insert into ticket_Serv (Num_Ticket_Serv, CURP, Id_Servicio, Descuento, Cantidad, Fecha) values (97, 'TWML412744EGSOHK00', 97, 29, 789, '10/23/2024');
insert into ticket_Serv (Num_Ticket_Serv, CURP, Id_Servicio, Descuento, Cantidad, Fecha) values (98, 'XLAA947857HDSDHA65', 98, 44, 1738, '8/5/2024');
insert into ticket_Serv (Num_Ticket_Serv, CURP, Id_Servicio, Descuento, Cantidad, Fecha) values (99, 'DADK477291QIMUKB45', 99, 16, 1518, '7/6/2024');
insert into ticket_Serv (Num_Ticket_Serv, CURP, Id_Servicio, Descuento, Cantidad, Fecha) values (100, 'TZMV668764YAKXCO99', 100, 18, 1199, '11/26/2024');

--TABLA ticket_Art
insert into ticket_Art (Num_Ticket_Art, CURP, Cantidad, Fecha) values (1, 'AEQX465168PWZDZH17', 885, '9/16/2023');
insert into ticket_Art (Num_Ticket_Art, CURP, Cantidad, Fecha) values (2, 'SNHB732437KCTANA80', 1019, '4/30/2021');
insert into ticket_Art (Num_Ticket_Art, CURP, Cantidad, Fecha) values (3, 'QOEG346379UTTIPE02', 427, '12/3/2022');
insert into ticket_Art (Num_Ticket_Art, CURP, Cantidad, Fecha) values (4, 'CJID564695VOEPDH55', 1207, '9/22/2021');
insert into ticket_Art (Num_Ticket_Art, CURP, Cantidad, Fecha) values (5, 'JEKC172153DEJFXF41', 1381, '11/6/2020');
insert into ticket_Art (Num_Ticket_Art, CURP, Cantidad, Fecha) values (6, 'AWVT436113DFZWMS23', 1113, '8/25/2023');
insert into ticket_Art (Num_Ticket_Art, CURP, Cantidad, Fecha) values (7, 'UQUW280839XPXHYO18', 1359, '3/2/2021');
insert into ticket_Art (Num_Ticket_Art, CURP, Cantidad, Fecha) values (8, 'AGKN604503ZEZOII74', 859, '11/6/2021');
insert into ticket_Art (Num_Ticket_Art, CURP, Cantidad, Fecha) values (9, 'AEQX465168PWZDZH17', 1268, '10/16/2021');
insert into ticket_Art (Num_Ticket_Art, CURP, Cantidad, Fecha) values (10, 'KHDA717872FQKHCH34', 695, '9/21/2022');
insert into ticket_Art (Num_Ticket_Art, CURP, Cantidad, Fecha) values (11, 'ZCDK397690PVVJOV67', 584, '9/2/2023');
insert into ticket_Art (Num_Ticket_Art, CURP, Cantidad, Fecha) values (12, 'XLAA947857HDSDHA65', 357, '5/23/2023');
insert into ticket_Art (Num_Ticket_Art, CURP, Cantidad, Fecha) values (13, 'WGFC986417VPONQZ88', 307, '3/1/2023');
insert into ticket_Art (Num_Ticket_Art, CURP, Cantidad, Fecha) values (14, 'AHIU658776BHZVLR52', 1124, '12/15/2021');
insert into ticket_Art (Num_Ticket_Art, CURP, Cantidad, Fecha) values (15, 'KYDE625409UKWHRW68', 677, '9/23/2021');
insert into ticket_Art (Num_Ticket_Art, CURP, Cantidad, Fecha) values (16, 'JWWF687250ADJAFR47', 312, '1/13/2022');
insert into ticket_Art (Num_Ticket_Art, CURP, Cantidad, Fecha) values (17, 'ZQEV159470TEZBXW21', 1219, '6/15/2021');
insert into ticket_Art (Num_Ticket_Art, CURP, Cantidad, Fecha) values (18, 'OJZC294570KHATSL35', 1271, '7/20/2023');
insert into ticket_Art (Num_Ticket_Art, CURP, Cantidad, Fecha) values (19, 'HRFI604029EIPLNK04', 340, '5/30/2022');
insert into ticket_Art (Num_Ticket_Art, CURP, Cantidad, Fecha) values (20, 'EQUK887358QSAOME68', 622, '2/12/2022');
insert into ticket_Art (Num_Ticket_Art, CURP, Cantidad, Fecha) values (21, 'PVRG878125JVHPXM04', 410, '1/25/2020');
insert into ticket_Art (Num_Ticket_Art, CURP, Cantidad, Fecha) values (22, 'AMZO879309WMXTOG73', 1421, '9/21/2020');
insert into ticket_Art (Num_Ticket_Art, CURP, Cantidad, Fecha) values (23, 'JMJI509158RXJCZR76', 645, '6/4/2020');
insert into ticket_Art (Num_Ticket_Art, CURP, Cantidad, Fecha) values (24, 'OOGS321614BKYFEV65', 1114, '4/7/2022');
insert into ticket_Art (Num_Ticket_Art, CURP, Cantidad, Fecha) values (25, 'IRPS913715XIBLUH97', 1007, '5/30/2021');
insert into ticket_Art (Num_Ticket_Art, CURP, Cantidad, Fecha) values (26, 'LKXB754121YKMFWH30', 1105, '9/5/2023');
insert into ticket_Art (Num_Ticket_Art, CURP, Cantidad, Fecha) values (27, 'ZBLD452689PPFCTA09', 1498, '2/9/2021');
insert into ticket_Art (Num_Ticket_Art, CURP, Cantidad, Fecha) values (28, 'KWUF270332UJCODI42', 310, '12/22/2020');
insert into ticket_Art (Num_Ticket_Art, CURP, Cantidad, Fecha) values (29, 'YZUY849364MVCUJR09', 1169, '5/22/2023');
insert into ticket_Art (Num_Ticket_Art, CURP, Cantidad, Fecha) values (30, 'VNHO144246PZNJNV90', 1137, '6/30/2021');
insert into ticket_Art (Num_Ticket_Art, CURP, Cantidad, Fecha) values (31, 'CWXJ107795ZPLILI81', 737, '5/16/2023');
insert into ticket_Art (Num_Ticket_Art, CURP, Cantidad, Fecha) values (32, 'JRIN792719IZATRO21', 408, '12/21/2022');
insert into ticket_Art (Num_Ticket_Art, CURP, Cantidad, Fecha) values (33, 'ZPYC793203MDLPCA50', 661, '8/2/2021');
insert into ticket_Art (Num_Ticket_Art, CURP, Cantidad, Fecha) values (34, 'PVRG878125JVHPXM04', 448, '9/16/2020');
insert into ticket_Art (Num_Ticket_Art, CURP, Cantidad, Fecha) values (35, 'BXZI709362NJDULY24', 944, '6/3/2022');
insert into ticket_Art (Num_Ticket_Art, CURP, Cantidad, Fecha) values (36, 'SMHA617525KWOXET21', 397, '5/4/2023');
insert into ticket_Art (Num_Ticket_Art, CURP, Cantidad, Fecha) values (37, 'VAZA063542DTIGVC08', 1135, '11/15/2022');
insert into ticket_Art (Num_Ticket_Art, CURP, Cantidad, Fecha) values (38, 'TWML412744EGSOHK00', 827, '3/11/2022');
insert into ticket_Art (Num_Ticket_Art, CURP, Cantidad, Fecha) values (39, 'YLWS620183GRDAJD31', 1305, '1/11/2021');
insert into ticket_Art (Num_Ticket_Art, CURP, Cantidad, Fecha) values (40, 'MUPY156740MHHJLQ06', 1218, '12/3/2022');
insert into ticket_Art (Num_Ticket_Art, CURP, Cantidad, Fecha) values (41, 'OUUN259373WQOXNB07', 659, '4/15/2023');
insert into ticket_Art (Num_Ticket_Art, CURP, Cantidad, Fecha) values (42, 'SGXN532205TPTAHI13', 756, '9/12/2023');
insert into ticket_Art (Num_Ticket_Art, CURP, Cantidad, Fecha) values (43, 'KNUD230727QKLAJJ47', 918, '6/2/2020');
insert into ticket_Art (Num_Ticket_Art, CURP, Cantidad, Fecha) values (44, 'TUYC467868QNLOLG73', 783, '10/11/2020');
insert into ticket_Art (Num_Ticket_Art, CURP, Cantidad, Fecha) values (45, 'ICKD274844ZTQPAC71', 1349, '12/24/2021');
insert into ticket_Art (Num_Ticket_Art, CURP, Cantidad, Fecha) values (46, 'OUUN259373WQOXNB07', 323, '5/5/2022');
insert into ticket_Art (Num_Ticket_Art, CURP, Cantidad, Fecha) values (47, 'IRPS913715XIBLUH97', 698, '9/8/2020');
insert into ticket_Art (Num_Ticket_Art, CURP, Cantidad, Fecha) values (48, 'SGGC538211YLECJT60', 1222, '9/4/2023');
insert into ticket_Art (Num_Ticket_Art, CURP, Cantidad, Fecha) values (49, 'YWHZ231910YPDDSX53', 1358, '3/27/2022');
insert into ticket_Art (Num_Ticket_Art, CURP, Cantidad, Fecha) values (50, 'VNHO144246PZNJNV90', 854, '11/22/2022');
insert into ticket_Art (Num_Ticket_Art, CURP, Cantidad, Fecha) values (51, 'EAHG013511ECYJFB21', 337, '6/21/2022');
insert into ticket_Art (Num_Ticket_Art, CURP, Cantidad, Fecha) values (52, 'IGAX733890TOELTU18', 345, '1/6/2021');
insert into ticket_Art (Num_Ticket_Art, CURP, Cantidad, Fecha) values (53, 'OUUN259373WQOXNB07', 402, '6/24/2022');
insert into ticket_Art (Num_Ticket_Art, CURP, Cantidad, Fecha) values (54, 'RBQR974407ABJQMV06', 617, '11/30/2021');
insert into ticket_Art (Num_Ticket_Art, CURP, Cantidad, Fecha) values (55, 'EQUK887358QSAOME68', 1044, '12/13/2023');
insert into ticket_Art (Num_Ticket_Art, CURP, Cantidad, Fecha) values (56, 'SOQN334996EYNXKJ85', 456, '10/14/2022');
insert into ticket_Art (Num_Ticket_Art, CURP, Cantidad, Fecha) values (57, 'KWUF270332UJCODI42', 461, '12/18/2023');
insert into ticket_Art (Num_Ticket_Art, CURP, Cantidad, Fecha) values (58, 'AHIU658776BHZVLR52', 1430, '12/9/2020');
insert into ticket_Art (Num_Ticket_Art, CURP, Cantidad, Fecha) values (59, 'ICKD274844ZTQPAC71', 793, '3/15/2020');
insert into ticket_Art (Num_Ticket_Art, CURP, Cantidad, Fecha) values (60, 'KWUF270332UJCODI42', 1374, '5/5/2020');
insert into ticket_Art (Num_Ticket_Art, CURP, Cantidad, Fecha) values (61, 'JWWF687250ADJAFR47', 1473, '2/6/2022');
insert into ticket_Art (Num_Ticket_Art, CURP, Cantidad, Fecha) values (62, 'QDRA733534NQFJSO90', 640, '7/25/2020');
insert into ticket_Art (Num_Ticket_Art, CURP, Cantidad, Fecha) values (63, 'JWWF687250ADJAFR47', 1471, '10/7/2021');
insert into ticket_Art (Num_Ticket_Art, CURP, Cantidad, Fecha) values (64, 'IONC919934QJOWYD53', 952, '8/4/2020');
insert into ticket_Art (Num_Ticket_Art, CURP, Cantidad, Fecha) values (65, 'SGXN532205TPTAHI13', 541, '2/7/2020');
insert into ticket_Art (Num_Ticket_Art, CURP, Cantidad, Fecha) values (66, 'ZCDK397690PVVJOV67', 713, '4/30/2020');
insert into ticket_Art (Num_Ticket_Art, CURP, Cantidad, Fecha) values (67, 'BXZI709362NJDULY24', 302, '9/26/2021');
insert into ticket_Art (Num_Ticket_Art, CURP, Cantidad, Fecha) values (68, 'ZBLD452689PPFCTA09', 709, '7/4/2023');
insert into ticket_Art (Num_Ticket_Art, CURP, Cantidad, Fecha) values (69, 'ZCDK397690PVVJOV67', 635, '12/29/2020');
insert into ticket_Art (Num_Ticket_Art, CURP, Cantidad, Fecha) values (70, 'IRPS913715XIBLUH97', 1119, '10/2/2020');
insert into ticket_Art (Num_Ticket_Art, CURP, Cantidad, Fecha) values (71, 'MUPY156740MHHJLQ06', 1147, '10/13/2020');
insert into ticket_Art (Num_Ticket_Art, CURP, Cantidad, Fecha) values (72, 'LSUY687743SUYSHM65', 1162, '6/8/2020');
insert into ticket_Art (Num_Ticket_Art, CURP, Cantidad, Fecha) values (73, 'ICKD274844ZTQPAC71', 666, '12/22/2023');
insert into ticket_Art (Num_Ticket_Art, CURP, Cantidad, Fecha) values (74, 'XKSK907624GVKKCD37', 740, '11/6/2023');
insert into ticket_Art (Num_Ticket_Art, CURP, Cantidad, Fecha) values (75, 'SNHB732437KCTANA80', 1341, '5/29/2021');
insert into ticket_Art (Num_Ticket_Art, CURP, Cantidad, Fecha) values (76, 'EQWO975166MAAYTB37', 562, '9/25/2020');
insert into ticket_Art (Num_Ticket_Art, CURP, Cantidad, Fecha) values (77, 'YWHZ231910YPDDSX53', 397, '11/29/2022');
insert into ticket_Art (Num_Ticket_Art, CURP, Cantidad, Fecha) values (78, 'CWXJ107795ZPLILI81', 1345, '7/5/2022');
insert into ticket_Art (Num_Ticket_Art, CURP, Cantidad, Fecha) values (79, 'UUVT364170YCTNPX59', 1347, '3/30/2022');
insert into ticket_Art (Num_Ticket_Art, CURP, Cantidad, Fecha) values (80, 'VAXB403614RDQZIU83', 1289, '8/21/2020');
insert into ticket_Art (Num_Ticket_Art, CURP, Cantidad, Fecha) values (81, 'ZCDK397690PVVJOV67', 1246, '9/25/2021');
insert into ticket_Art (Num_Ticket_Art, CURP, Cantidad, Fecha) values (82, 'SGXN532205TPTAHI13', 904, '7/21/2021');
insert into ticket_Art (Num_Ticket_Art, CURP, Cantidad, Fecha) values (83, 'QDRA733534NQFJSO90', 809, '7/26/2020');
insert into ticket_Art (Num_Ticket_Art, CURP, Cantidad, Fecha) values (84, 'DADK477291QIMUKB45', 1213, '6/4/2022');
insert into ticket_Art (Num_Ticket_Art, CURP, Cantidad, Fecha) values (85, 'TPUY647479VLZOTV45', 984, '5/30/2023');
insert into ticket_Art (Num_Ticket_Art, CURP, Cantidad, Fecha) values (86, 'RBQR974407ABJQMV06', 394, '4/22/2022');
insert into ticket_Art (Num_Ticket_Art, CURP, Cantidad, Fecha) values (87, 'TBNT133724DGBJJT10', 483, '6/14/2020');
insert into ticket_Art (Num_Ticket_Art, CURP, Cantidad, Fecha) values (88, 'XLAA947857HDSDHA65', 1097, '2/28/2020');
insert into ticket_Art (Num_Ticket_Art, CURP, Cantidad, Fecha) values (89, 'LKXB754121YKMFWH30', 1436, '9/11/2020');
insert into ticket_Art (Num_Ticket_Art, CURP, Cantidad, Fecha) values (90, 'ZPYC793203MDLPCA50', 1427, '6/1/2021');
insert into ticket_Art (Num_Ticket_Art, CURP, Cantidad, Fecha) values (91, 'YWHZ231910YPDDSX53', 1053, '4/27/2020');
insert into ticket_Art (Num_Ticket_Art, CURP, Cantidad, Fecha) values (92, 'TPUY647479VLZOTV45', 1080, '8/18/2020');
insert into ticket_Art (Num_Ticket_Art, CURP, Cantidad, Fecha) values (93, 'AMZO879309WMXTOG73', 647, '4/14/2021');
insert into ticket_Art (Num_Ticket_Art, CURP, Cantidad, Fecha) values (94, 'OOGS321614BKYFEV65', 1271, '3/22/2023');
insert into ticket_Art (Num_Ticket_Art, CURP, Cantidad, Fecha) values (95, 'VNNS103082OPKCWQ85', 985, '10/9/2023');
insert into ticket_Art (Num_Ticket_Art, CURP, Cantidad, Fecha) values (96, 'GLFX019664ZDUIMG01', 972, '6/30/2023');
insert into ticket_Art (Num_Ticket_Art, CURP, Cantidad, Fecha) values (97, 'CWXJ107795ZPLILI81', 849, '2/11/2021');
insert into ticket_Art (Num_Ticket_Art, CURP, Cantidad, Fecha) values (98, 'FPBE214145VPZANR14', 1215, '12/12/2023');
insert into ticket_Art (Num_Ticket_Art, CURP, Cantidad, Fecha) values (99, 'XFMX283818TMOOFO41', 1002, '1/26/2020');
insert into ticket_Art (Num_Ticket_Art, CURP, Cantidad, Fecha) values (100, 'UUVT364170YCTNPX59', 1458, '10/9/2022');

--TABLA EVENTO
INSERT INTO evento(Id_Evento,Capacidad,tipoEvento,Fecha) VALUES (1,98,'Dias festivos','1/12/2024');
INSERT INTO evento(Id_Evento,Capacidad,tipoEvento,Fecha) VALUES (2,153,'Recaudación de fondos','2/3/2024');
INSERT INTO evento(Id_Evento,Capacidad,tipoEvento,Fecha) VALUES (3,50,'Espectáculo','1/22/2024');
INSERT INTO evento(Id_Evento,Capacidad,tipoEvento,Fecha) VALUES (4,78,'Espectáculo','2/3/2024');
INSERT INTO evento(Id_Evento,Capacidad,tipoEvento,Fecha) VALUES (5,64,'Cultural','1/14/2024');
INSERT INTO evento(Id_Evento,Capacidad,tipoEvento,Fecha) VALUES (6,125,'Cultural','12/15/2023');
INSERT INTO evento(Id_Evento,Capacidad,tipoEvento,Fecha) VALUES (7,127,'Escolar','2/5/2024');
INSERT INTO evento(Id_Evento,Capacidad,tipoEvento,Fecha) VALUES (8,125,'Feria','2/17/2024');
INSERT INTO evento(Id_Evento,Capacidad,tipoEvento,Fecha) VALUES (9,47,'Cultural','1/9/2024');
INSERT INTO evento(Id_Evento,Capacidad,tipoEvento,Fecha) VALUES (10,109,'Académico','1/14/2024');
INSERT INTO evento(Id_Evento,Capacidad,tipoEvento,Fecha) VALUES (11,186,'Social','12/28/2023');
INSERT INTO evento(Id_Evento,Capacidad,tipoEvento,Fecha) VALUES (12,71,'Social','2/7/2024');
INSERT INTO evento(Id_Evento,Capacidad,tipoEvento,Fecha) VALUES (13,52,'Espectáculo','2/1/2024');
INSERT INTO evento(Id_Evento,Capacidad,tipoEvento,Fecha) VALUES (14,67,'Infantil','1/14/2024');
INSERT INTO evento(Id_Evento,Capacidad,tipoEvento,Fecha) VALUES (15,48,'Recaudación de fondos','2/9/2024');
INSERT INTO evento(Id_Evento,Capacidad,tipoEvento,Fecha) VALUES (16,68,'Dias festivos','12/20/2023');
INSERT INTO evento(Id_Evento,Capacidad,tipoEvento,Fecha) VALUES (17,170,'Infantil','12/23/2023');
INSERT INTO evento(Id_Evento,Capacidad,tipoEvento,Fecha) VALUES (18,23,'Cultural','2/13/2024');
INSERT INTO evento(Id_Evento,Capacidad,tipoEvento,Fecha) VALUES (19,145,'Recaudación de fondos','2/3/2024');
INSERT INTO evento(Id_Evento,Capacidad,tipoEvento,Fecha) VALUES (20,117,'Académico','12/18/2023');
INSERT INTO evento(Id_Evento,Capacidad,tipoEvento,Fecha) VALUES (21,111,'Infantil','1/25/2024');
INSERT INTO evento(Id_Evento,Capacidad,tipoEvento,Fecha) VALUES (22,169,'Cultural','2/22/2024');
INSERT INTO evento(Id_Evento,Capacidad,tipoEvento,Fecha) VALUES (23,182,'Social','1/15/2024');
INSERT INTO evento(Id_Evento,Capacidad,tipoEvento,Fecha) VALUES (24,173,'Infantil','1/7/2024');
INSERT INTO evento(Id_Evento,Capacidad,tipoEvento,Fecha) VALUES (25,175,'Académico','12/21/2023');
INSERT INTO evento(Id_Evento,Capacidad,tipoEvento,Fecha) VALUES (26,122,'Recaudación de fondos','1/16/2024');
INSERT INTO evento(Id_Evento,Capacidad,tipoEvento,Fecha) VALUES (27,51,'Dias festivos','12/21/2023');
INSERT INTO evento(Id_Evento,Capacidad,tipoEvento,Fecha) VALUES (28,77,'Cultural','12/27/2023');
INSERT INTO evento(Id_Evento,Capacidad,tipoEvento,Fecha) VALUES (29,24,'Cultural','2/17/2024');
INSERT INTO evento(Id_Evento,Capacidad,tipoEvento,Fecha) VALUES (30,171,'Infantil','1/28/2024');
INSERT INTO evento(Id_Evento,Capacidad,tipoEvento,Fecha) VALUES (31,194,'Dias festivos','2/21/2024');
INSERT INTO evento(Id_Evento,Capacidad,tipoEvento,Fecha) VALUES (32,109,'Espectáculo','1/7/2024');
INSERT INTO evento(Id_Evento,Capacidad,tipoEvento,Fecha) VALUES (33,94,'Dias festivos','12/26/2023');
INSERT INTO evento(Id_Evento,Capacidad,tipoEvento,Fecha) VALUES (34,27,'Recaudación de fondos','12/25/2023');
INSERT INTO evento(Id_Evento,Capacidad,tipoEvento,Fecha) VALUES (35,59,'Académico','1/28/2024');
INSERT INTO evento(Id_Evento,Capacidad,tipoEvento,Fecha) VALUES (36,152,'Recaudación de fondos','12/27/2023');
INSERT INTO evento(Id_Evento,Capacidad,tipoEvento,Fecha) VALUES (37,197,'Dias festivos','2/19/2024');
INSERT INTO evento(Id_Evento,Capacidad,tipoEvento,Fecha) VALUES (38,64,'Escolar','2/16/2024');
INSERT INTO evento(Id_Evento,Capacidad,tipoEvento,Fecha) VALUES (39,84,'Espectáculo','1/13/2024');
INSERT INTO evento(Id_Evento,Capacidad,tipoEvento,Fecha) VALUES (40,194,'Espectáculo','2/22/2024');
INSERT INTO evento(Id_Evento,Capacidad,tipoEvento,Fecha) VALUES (41,112,'Escolar','2/24/2024');
INSERT INTO evento(Id_Evento,Capacidad,tipoEvento,Fecha) VALUES (42,171,'Recaudación de fondos','1/27/2024');
INSERT INTO evento(Id_Evento,Capacidad,tipoEvento,Fecha) VALUES (43,73,'Social','12/19/2023');
INSERT INTO evento(Id_Evento,Capacidad,tipoEvento,Fecha) VALUES (44,51,'Académico','1/12/2024');
INSERT INTO evento(Id_Evento,Capacidad,tipoEvento,Fecha) VALUES (45,118,'Infantil','1/24/2024');
INSERT INTO evento(Id_Evento,Capacidad,tipoEvento,Fecha) VALUES (46,45,'Infantil','12/24/2023');
INSERT INTO evento(Id_Evento,Capacidad,tipoEvento,Fecha) VALUES (47,69,'Infantil','1/16/2024');
INSERT INTO evento(Id_Evento,Capacidad,tipoEvento,Fecha) VALUES (48,21,'Escolar','1/25/2024');
INSERT INTO evento(Id_Evento,Capacidad,tipoEvento,Fecha) VALUES (49,150,'Feria','1/13/2024');
INSERT INTO evento(Id_Evento,Capacidad,tipoEvento,Fecha) VALUES (50,138,'Social','2/3/2024');
INSERT INTO evento(Id_Evento,Capacidad,tipoEvento,Fecha) VALUES (51,129,'Recaudación de fondos','1/12/2024');
INSERT INTO evento(Id_Evento,Capacidad,tipoEvento,Fecha) VALUES (52,151,'Social','1/12/2024');
INSERT INTO evento(Id_Evento,Capacidad,tipoEvento,Fecha) VALUES (53,72,'Dias festivos','2/12/2024');
INSERT INTO evento(Id_Evento,Capacidad,tipoEvento,Fecha) VALUES (54,101,'Feria','2/6/2024');
INSERT INTO evento(Id_Evento,Capacidad,tipoEvento,Fecha) VALUES (55,59,'Recaudación de fondos','2/15/2024');
INSERT INTO evento(Id_Evento,Capacidad,tipoEvento,Fecha) VALUES (56,158,'Escolar','1/16/2024');
INSERT INTO evento(Id_Evento,Capacidad,tipoEvento,Fecha) VALUES (57,85,'Dias festivos','1/4/2024');
INSERT INTO evento(Id_Evento,Capacidad,tipoEvento,Fecha) VALUES (58,158,'Feria','1/28/2024');
INSERT INTO evento(Id_Evento,Capacidad,tipoEvento,Fecha) VALUES (59,43,'Infantil','1/17/2024');
INSERT INTO evento(Id_Evento,Capacidad,tipoEvento,Fecha) VALUES (60,176,'Dias festivos','1/4/2024');
INSERT INTO evento(Id_Evento,Capacidad,tipoEvento,Fecha) VALUES (61,42,'Escolar','1/7/2024');
INSERT INTO evento(Id_Evento,Capacidad,tipoEvento,Fecha) VALUES (62,131,'Dias festivos','2/14/2024');
INSERT INTO evento(Id_Evento,Capacidad,tipoEvento,Fecha) VALUES (63,31,'Escolar','2/27/2024');
INSERT INTO evento(Id_Evento,Capacidad,tipoEvento,Fecha) VALUES (64,30,'Recaudación de fondos','2/18/2024');
INSERT INTO evento(Id_Evento,Capacidad,tipoEvento,Fecha) VALUES (65,143,'Académico','2/20/2024');
INSERT INTO evento(Id_Evento,Capacidad,tipoEvento,Fecha) VALUES (66,29,'Escolar','12/11/2023');
INSERT INTO evento(Id_Evento,Capacidad,tipoEvento,Fecha) VALUES (67,26,'Social','1/19/2024');
INSERT INTO evento(Id_Evento,Capacidad,tipoEvento,Fecha) VALUES (68,104,'Feria','2/13/2024');
INSERT INTO evento(Id_Evento,Capacidad,tipoEvento,Fecha) VALUES (69,102,'Feria','12/17/2023');
INSERT INTO evento(Id_Evento,Capacidad,tipoEvento,Fecha) VALUES (70,126,'Recaudación de fondos','1/22/2024');
INSERT INTO evento(Id_Evento,Capacidad,tipoEvento,Fecha) VALUES (71,191,'Infantil','12/27/2023');
INSERT INTO evento(Id_Evento,Capacidad,tipoEvento,Fecha) VALUES (72,156,'Espectáculo','12/12/2023');
INSERT INTO evento(Id_Evento,Capacidad,tipoEvento,Fecha) VALUES (73,50,'Cultural','1/8/2024');
INSERT INTO evento(Id_Evento,Capacidad,tipoEvento,Fecha) VALUES (74,29,'Escolar','1/15/2024');
INSERT INTO evento(Id_Evento,Capacidad,tipoEvento,Fecha) VALUES (75,78,'Escolar','1/23/2024');
INSERT INTO evento(Id_Evento,Capacidad,tipoEvento,Fecha) VALUES (76,181,'Dias festivos','12/11/2023');
INSERT INTO evento(Id_Evento,Capacidad,tipoEvento,Fecha) VALUES (77,98,'Académico','12/12/2023');
INSERT INTO evento(Id_Evento,Capacidad,tipoEvento,Fecha) VALUES (78,60,'Académico','2/8/2024');
INSERT INTO evento(Id_Evento,Capacidad,tipoEvento,Fecha) VALUES (79,36,'Feria','2/25/2024');
INSERT INTO evento(Id_Evento,Capacidad,tipoEvento,Fecha) VALUES (80,71,'Social','12/19/2023');
INSERT INTO evento(Id_Evento,Capacidad,tipoEvento,Fecha) VALUES (81,183,'Dias festivos','1/19/2024');
INSERT INTO evento(Id_Evento,Capacidad,tipoEvento,Fecha) VALUES (82,70,'Escolar','12/21/2023');
INSERT INTO evento(Id_Evento,Capacidad,tipoEvento,Fecha) VALUES (83,72,'Recaudación de fondos','2/26/2024');
INSERT INTO evento(Id_Evento,Capacidad,tipoEvento,Fecha) VALUES (84,129,'Escolar','2/19/2024');
INSERT INTO evento(Id_Evento,Capacidad,tipoEvento,Fecha) VALUES (85,98,'Social','1/30/2024');
INSERT INTO evento(Id_Evento,Capacidad,tipoEvento,Fecha) VALUES (86,33,'Infantil','2/5/2024');
INSERT INTO evento(Id_Evento,Capacidad,tipoEvento,Fecha) VALUES (87,88,'Académico','12/15/2023');
INSERT INTO evento(Id_Evento,Capacidad,tipoEvento,Fecha) VALUES (88,185,'Cultural','12/20/2023');
INSERT INTO evento(Id_Evento,Capacidad,tipoEvento,Fecha) VALUES (89,155,'Infantil','1/12/2024');
INSERT INTO evento(Id_Evento,Capacidad,tipoEvento,Fecha) VALUES (90,93,'Recaudación de fondos','1/20/2024');
INSERT INTO evento(Id_Evento,Capacidad,tipoEvento,Fecha) VALUES (91,43,'Espectáculo','2/10/2024');
INSERT INTO evento(Id_Evento,Capacidad,tipoEvento,Fecha) VALUES (92,87,'Académico','12/31/2023');
INSERT INTO evento(Id_Evento,Capacidad,tipoEvento,Fecha) VALUES (93,20,'Social','2/17/2024');
INSERT INTO evento(Id_Evento,Capacidad,tipoEvento,Fecha) VALUES (94,189,'Recaudación de fondos','2/23/2024');
INSERT INTO evento(Id_Evento,Capacidad,tipoEvento,Fecha) VALUES (95,23,'Escolar','12/23/2023');
INSERT INTO evento(Id_Evento,Capacidad,tipoEvento,Fecha) VALUES (96,185,'Social','12/18/2023');
INSERT INTO evento(Id_Evento,Capacidad,tipoEvento,Fecha) VALUES (97,148,'Cultural','12/11/2023');
INSERT INTO evento(Id_Evento,Capacidad,tipoEvento,Fecha) VALUES (98,71,'Dias festivos','12/14/2023');
INSERT INTO evento(Id_Evento,Capacidad,tipoEvento,Fecha) VALUES (99,167,'Escolar','1/12/2024');
INSERT INTO evento(Id_Evento,Capacidad,tipoEvento,Fecha) VALUES (100,192,'Espectáculo','1/21/2024');

--TABLA DESCUENTO
INSERT INTO descuento(Id_Desc,Id_Articulo,Porcentaje_Desc,Fecha_Inicio,Fecha_Fin) VALUES (1,1,13,'8/13/2023','1/21/2024');
INSERT INTO descuento(Id_Desc,Id_Articulo,Porcentaje_Desc,Fecha_Inicio,Fecha_Fin) VALUES (2,4,51,'10/31/2023','12/7/2023');
INSERT INTO descuento(Id_Desc,Id_Articulo,Porcentaje_Desc,Fecha_Inicio,Fecha_Fin) VALUES (3,7,28,'8/18/2023','2/5/2024');
INSERT INTO descuento(Id_Desc,Id_Articulo,Porcentaje_Desc,Fecha_Inicio,Fecha_Fin) VALUES (4,10,2,'7/7/2023','6/29/2024');
INSERT INTO descuento(Id_Desc,Id_Articulo,Porcentaje_Desc,Fecha_Inicio,Fecha_Fin) VALUES (5,13,42,'7/24/2023','1/4/2024');
INSERT INTO descuento(Id_Desc,Id_Articulo,Porcentaje_Desc,Fecha_Inicio,Fecha_Fin) VALUES (6,16,24,'9/28/2023','5/2/2024');
INSERT INTO descuento(Id_Desc,Id_Articulo,Porcentaje_Desc,Fecha_Inicio,Fecha_Fin) VALUES (7,19,6,'8/14/2023','1/24/2024');
INSERT INTO descuento(Id_Desc,Id_Articulo,Porcentaje_Desc,Fecha_Inicio,Fecha_Fin) VALUES (8,22,63,'8/1/2023','1/10/2024');
INSERT INTO descuento(Id_Desc,Id_Articulo,Porcentaje_Desc,Fecha_Inicio,Fecha_Fin) VALUES (9,25,24,'7/11/2023','12/24/2023');
INSERT INTO descuento(Id_Desc,Id_Articulo,Porcentaje_Desc,Fecha_Inicio,Fecha_Fin) VALUES (10,28,16,'8/5/2023','1/7/2024');
INSERT INTO descuento(Id_Desc,Id_Articulo,Porcentaje_Desc,Fecha_Inicio,Fecha_Fin) VALUES (11,31,51,'9/25/2023','5/12/2024');
INSERT INTO descuento(Id_Desc,Id_Articulo,Porcentaje_Desc,Fecha_Inicio,Fecha_Fin) VALUES (12,34,36,'8/7/2023','5/31/2024');
INSERT INTO descuento(Id_Desc,Id_Articulo,Porcentaje_Desc,Fecha_Inicio,Fecha_Fin) VALUES (13,37,2,'10/26/2023','12/17/2023');
INSERT INTO descuento(Id_Desc,Id_Articulo,Porcentaje_Desc,Fecha_Inicio,Fecha_Fin) VALUES (14,40,33,'8/22/2023','1/29/2024');
INSERT INTO descuento(Id_Desc,Id_Articulo,Porcentaje_Desc,Fecha_Inicio,Fecha_Fin) VALUES (15,43,60,'11/7/2023','1/25/2024');
INSERT INTO descuento(Id_Desc,Id_Articulo,Porcentaje_Desc,Fecha_Inicio,Fecha_Fin) VALUES (16,46,3,'11/5/2023','12/21/2023');
INSERT INTO descuento(Id_Desc,Id_Articulo,Porcentaje_Desc,Fecha_Inicio,Fecha_Fin) VALUES (17,49,28,'11/10/2023','4/23/2024');
INSERT INTO descuento(Id_Desc,Id_Articulo,Porcentaje_Desc,Fecha_Inicio,Fecha_Fin) VALUES (18,52,47,'8/31/2023','2/10/2024');
INSERT INTO descuento(Id_Desc,Id_Articulo,Porcentaje_Desc,Fecha_Inicio,Fecha_Fin) VALUES (19,55,45,'10/18/2023','5/31/2024');
INSERT INTO descuento(Id_Desc,Id_Articulo,Porcentaje_Desc,Fecha_Inicio,Fecha_Fin) VALUES (20,58,36,'10/26/2023','5/9/2024');
INSERT INTO descuento(Id_Desc,Id_Articulo,Porcentaje_Desc,Fecha_Inicio,Fecha_Fin) VALUES (21,61,52,'9/11/2023','6/1/2024');
INSERT INTO descuento(Id_Desc,Id_Articulo,Porcentaje_Desc,Fecha_Inicio,Fecha_Fin) VALUES (22,64,41,'8/19/2023','5/9/2024');
INSERT INTO descuento(Id_Desc,Id_Articulo,Porcentaje_Desc,Fecha_Inicio,Fecha_Fin) VALUES (23,67,34,'11/27/2023','3/10/2024');
INSERT INTO descuento(Id_Desc,Id_Articulo,Porcentaje_Desc,Fecha_Inicio,Fecha_Fin) VALUES (24,70,53,'8/28/2023','3/11/2024');
INSERT INTO descuento(Id_Desc,Id_Articulo,Porcentaje_Desc,Fecha_Inicio,Fecha_Fin) VALUES (25,73,53,'11/16/2023','5/11/2024');
INSERT INTO descuento(Id_Desc,Id_Articulo,Porcentaje_Desc,Fecha_Inicio,Fecha_Fin) VALUES (26,76,22,'11/17/2023','3/9/2024');
INSERT INTO descuento(Id_Desc,Id_Articulo,Porcentaje_Desc,Fecha_Inicio,Fecha_Fin) VALUES (27,79,29,'10/11/2023','6/26/2024');
INSERT INTO descuento(Id_Desc,Id_Articulo,Porcentaje_Desc,Fecha_Inicio,Fecha_Fin) VALUES (28,82,12,'11/17/2023','2/5/2024');
INSERT INTO descuento(Id_Desc,Id_Articulo,Porcentaje_Desc,Fecha_Inicio,Fecha_Fin) VALUES (29,85,49,'10/2/2023','3/30/2024');
INSERT INTO descuento(Id_Desc,Id_Articulo,Porcentaje_Desc,Fecha_Inicio,Fecha_Fin) VALUES (30,88,13,'7/22/2023','1/2/2024');
INSERT INTO descuento(Id_Desc,Id_Articulo,Porcentaje_Desc,Fecha_Inicio,Fecha_Fin) VALUES (31,91,27,'10/19/2023','5/31/2024');
INSERT INTO descuento(Id_Desc,Id_Articulo,Porcentaje_Desc,Fecha_Inicio,Fecha_Fin) VALUES (32,94,66,'10/28/2023','1/30/2024');
INSERT INTO descuento(Id_Desc,Id_Articulo,Porcentaje_Desc,Fecha_Inicio,Fecha_Fin) VALUES (33,97,6,'11/19/2023','6/4/2024');
INSERT INTO descuento(Id_Desc,Id_Articulo,Porcentaje_Desc,Fecha_Inicio,Fecha_Fin) VALUES (34,100,58,'11/23/2023','12/9/2023');
INSERT INTO descuento(Id_Desc,Id_Articulo,Porcentaje_Desc,Fecha_Inicio,Fecha_Fin) VALUES (35,3,6,'9/2/2023','2/5/2024');
INSERT INTO descuento(Id_Desc,Id_Articulo,Porcentaje_Desc,Fecha_Inicio,Fecha_Fin) VALUES (36,6,42,'7/9/2023','2/10/2024');
INSERT INTO descuento(Id_Desc,Id_Articulo,Porcentaje_Desc,Fecha_Inicio,Fecha_Fin) VALUES (37,9,34,'10/3/2023','6/7/2024');
INSERT INTO descuento(Id_Desc,Id_Articulo,Porcentaje_Desc,Fecha_Inicio,Fecha_Fin) VALUES (38,12,12,'7/3/2023','5/17/2024');
INSERT INTO descuento(Id_Desc,Id_Articulo,Porcentaje_Desc,Fecha_Inicio,Fecha_Fin) VALUES (39,15,27,'7/23/2023','4/22/2024');
INSERT INTO descuento(Id_Desc,Id_Articulo,Porcentaje_Desc,Fecha_Inicio,Fecha_Fin) VALUES (40,18,39,'7/20/2023','4/12/2024');
INSERT INTO descuento(Id_Desc,Id_Articulo,Porcentaje_Desc,Fecha_Inicio,Fecha_Fin) VALUES (41,21,1,'9/25/2023','12/29/2023');
INSERT INTO descuento(Id_Desc,Id_Articulo,Porcentaje_Desc,Fecha_Inicio,Fecha_Fin) VALUES (42,24,61,'9/25/2023','4/27/2024');
INSERT INTO descuento(Id_Desc,Id_Articulo,Porcentaje_Desc,Fecha_Inicio,Fecha_Fin) VALUES (43,27,23,'9/23/2023','6/2/2024');
INSERT INTO descuento(Id_Desc,Id_Articulo,Porcentaje_Desc,Fecha_Inicio,Fecha_Fin) VALUES (44,30,13,'9/27/2023','3/12/2024');
INSERT INTO descuento(Id_Desc,Id_Articulo,Porcentaje_Desc,Fecha_Inicio,Fecha_Fin) VALUES (45,33,40,'8/31/2023','12/14/2023');
INSERT INTO descuento(Id_Desc,Id_Articulo,Porcentaje_Desc,Fecha_Inicio,Fecha_Fin) VALUES (46,36,44,'7/21/2023','6/10/2024');
INSERT INTO descuento(Id_Desc,Id_Articulo,Porcentaje_Desc,Fecha_Inicio,Fecha_Fin) VALUES (47,39,51,'7/6/2023','5/14/2024');
INSERT INTO descuento(Id_Desc,Id_Articulo,Porcentaje_Desc,Fecha_Inicio,Fecha_Fin) VALUES (48,42,4,'8/21/2023','1/2/2024');
INSERT INTO descuento(Id_Desc,Id_Articulo,Porcentaje_Desc,Fecha_Inicio,Fecha_Fin) VALUES (49,45,57,'7/6/2023','12/6/2023');
INSERT INTO descuento(Id_Desc,Id_Articulo,Porcentaje_Desc,Fecha_Inicio,Fecha_Fin) VALUES (50,48,18,'8/8/2023','1/15/2024');
INSERT INTO descuento(Id_Desc,Id_Articulo,Porcentaje_Desc,Fecha_Inicio,Fecha_Fin) VALUES (51,51,4,'10/3/2023','3/31/2024');
INSERT INTO descuento(Id_Desc,Id_Articulo,Porcentaje_Desc,Fecha_Inicio,Fecha_Fin) VALUES (52,54,26,'11/7/2023','2/16/2024');
INSERT INTO descuento(Id_Desc,Id_Articulo,Porcentaje_Desc,Fecha_Inicio,Fecha_Fin) VALUES (53,57,47,'7/19/2023','2/15/2024');
INSERT INTO descuento(Id_Desc,Id_Articulo,Porcentaje_Desc,Fecha_Inicio,Fecha_Fin) VALUES (54,60,70,'11/4/2023','4/26/2024');
INSERT INTO descuento(Id_Desc,Id_Articulo,Porcentaje_Desc,Fecha_Inicio,Fecha_Fin) VALUES (55,63,4,'7/19/2023','12/5/2023');
INSERT INTO descuento(Id_Desc,Id_Articulo,Porcentaje_Desc,Fecha_Inicio,Fecha_Fin) VALUES (56,66,70,'7/8/2023','1/1/2024');
INSERT INTO descuento(Id_Desc,Id_Articulo,Porcentaje_Desc,Fecha_Inicio,Fecha_Fin) VALUES (57,69,35,'10/5/2023','12/10/2023');
INSERT INTO descuento(Id_Desc,Id_Articulo,Porcentaje_Desc,Fecha_Inicio,Fecha_Fin) VALUES (58,72,32,'9/18/2023','2/25/2024');
INSERT INTO descuento(Id_Desc,Id_Articulo,Porcentaje_Desc,Fecha_Inicio,Fecha_Fin) VALUES (59,75,6,'8/6/2023','1/27/2024');
INSERT INTO descuento(Id_Desc,Id_Articulo,Porcentaje_Desc,Fecha_Inicio,Fecha_Fin) VALUES (60,78,37,'8/23/2023','4/7/2024');
INSERT INTO descuento(Id_Desc,Id_Articulo,Porcentaje_Desc,Fecha_Inicio,Fecha_Fin) VALUES (61,81,14,'9/13/2023','3/10/2024');
INSERT INTO descuento(Id_Desc,Id_Articulo,Porcentaje_Desc,Fecha_Inicio,Fecha_Fin) VALUES (62,84,30,'11/26/2023','1/11/2024');
INSERT INTO descuento(Id_Desc,Id_Articulo,Porcentaje_Desc,Fecha_Inicio,Fecha_Fin) VALUES (63,87,2,'9/22/2023','2/20/2024');
INSERT INTO descuento(Id_Desc,Id_Articulo,Porcentaje_Desc,Fecha_Inicio,Fecha_Fin) VALUES (64,90,11,'9/28/2023','5/16/2024');
INSERT INTO descuento(Id_Desc,Id_Articulo,Porcentaje_Desc,Fecha_Inicio,Fecha_Fin) VALUES (65,93,12,'7/23/2023','1/3/2024');
INSERT INTO descuento(Id_Desc,Id_Articulo,Porcentaje_Desc,Fecha_Inicio,Fecha_Fin) VALUES (66,96,15,'9/19/2023','3/29/2024');
INSERT INTO descuento(Id_Desc,Id_Articulo,Porcentaje_Desc,Fecha_Inicio,Fecha_Fin) VALUES (67,99,10,'10/29/2023','5/16/2024');
INSERT INTO descuento(Id_Desc,Id_Articulo,Porcentaje_Desc,Fecha_Inicio,Fecha_Fin) VALUES (68,2,29,'8/20/2023','2/9/2024');
INSERT INTO descuento(Id_Desc,Id_Articulo,Porcentaje_Desc,Fecha_Inicio,Fecha_Fin) VALUES (69,5,31,'10/31/2023','1/13/2024');
INSERT INTO descuento(Id_Desc,Id_Articulo,Porcentaje_Desc,Fecha_Inicio,Fecha_Fin) VALUES (70,8,2,'10/24/2023','12/6/2023');
INSERT INTO descuento(Id_Desc,Id_Articulo,Porcentaje_Desc,Fecha_Inicio,Fecha_Fin) VALUES (71,11,68,'8/13/2023','1/25/2024');
INSERT INTO descuento(Id_Desc,Id_Articulo,Porcentaje_Desc,Fecha_Inicio,Fecha_Fin) VALUES (72,14,24,'9/3/2023','2/10/2024');
INSERT INTO descuento(Id_Desc,Id_Articulo,Porcentaje_Desc,Fecha_Inicio,Fecha_Fin) VALUES (73,17,26,'11/27/2023','1/26/2024');
INSERT INTO descuento(Id_Desc,Id_Articulo,Porcentaje_Desc,Fecha_Inicio,Fecha_Fin) VALUES (74,20,56,'10/27/2023','2/26/2024');
INSERT INTO descuento(Id_Desc,Id_Articulo,Porcentaje_Desc,Fecha_Inicio,Fecha_Fin) VALUES (75,23,40,'9/14/2023','12/3/2023');
INSERT INTO descuento(Id_Desc,Id_Articulo,Porcentaje_Desc,Fecha_Inicio,Fecha_Fin) VALUES (76,26,49,'7/15/2023','6/6/2024');
INSERT INTO descuento(Id_Desc,Id_Articulo,Porcentaje_Desc,Fecha_Inicio,Fecha_Fin) VALUES (77,29,52,'11/15/2023','4/5/2024');
INSERT INTO descuento(Id_Desc,Id_Articulo,Porcentaje_Desc,Fecha_Inicio,Fecha_Fin) VALUES (78,32,45,'8/12/2023','1/9/2024');
INSERT INTO descuento(Id_Desc,Id_Articulo,Porcentaje_Desc,Fecha_Inicio,Fecha_Fin) VALUES (79,35,42,'9/3/2023','2/14/2024');
INSERT INTO descuento(Id_Desc,Id_Articulo,Porcentaje_Desc,Fecha_Inicio,Fecha_Fin) VALUES (80,38,62,'10/24/2023','5/17/2024');
INSERT INTO descuento(Id_Desc,Id_Articulo,Porcentaje_Desc,Fecha_Inicio,Fecha_Fin) VALUES (81,41,37,'11/2/2023','5/29/2024');
INSERT INTO descuento(Id_Desc,Id_Articulo,Porcentaje_Desc,Fecha_Inicio,Fecha_Fin) VALUES (82,44,33,'10/27/2023','4/11/2024');
INSERT INTO descuento(Id_Desc,Id_Articulo,Porcentaje_Desc,Fecha_Inicio,Fecha_Fin) VALUES (83,47,37,'11/22/2023','2/18/2024');
INSERT INTO descuento(Id_Desc,Id_Articulo,Porcentaje_Desc,Fecha_Inicio,Fecha_Fin) VALUES (84,50,19,'7/25/2023','12/31/2023');
INSERT INTO descuento(Id_Desc,Id_Articulo,Porcentaje_Desc,Fecha_Inicio,Fecha_Fin) VALUES (85,53,30,'10/3/2023','6/23/2024');
INSERT INTO descuento(Id_Desc,Id_Articulo,Porcentaje_Desc,Fecha_Inicio,Fecha_Fin) VALUES (86,56,40,'8/20/2023','3/12/2024');
INSERT INTO descuento(Id_Desc,Id_Articulo,Porcentaje_Desc,Fecha_Inicio,Fecha_Fin) VALUES (87,59,39,'7/20/2023','6/1/2024');
INSERT INTO descuento(Id_Desc,Id_Articulo,Porcentaje_Desc,Fecha_Inicio,Fecha_Fin) VALUES (88,62,12,'8/28/2023','1/4/2024');
INSERT INTO descuento(Id_Desc,Id_Articulo,Porcentaje_Desc,Fecha_Inicio,Fecha_Fin) VALUES (89,65,58,'7/23/2023','12/19/2023');
INSERT INTO descuento(Id_Desc,Id_Articulo,Porcentaje_Desc,Fecha_Inicio,Fecha_Fin) VALUES (90,68,70,'7/22/2023','5/26/2024');
INSERT INTO descuento(Id_Desc,Id_Articulo,Porcentaje_Desc,Fecha_Inicio,Fecha_Fin) VALUES (91,71,11,'9/4/2023','3/30/2024');
INSERT INTO descuento(Id_Desc,Id_Articulo,Porcentaje_Desc,Fecha_Inicio,Fecha_Fin) VALUES (92,74,70,'11/28/2023','12/29/2023');
INSERT INTO descuento(Id_Desc,Id_Articulo,Porcentaje_Desc,Fecha_Inicio,Fecha_Fin) VALUES (93,77,37,'8/11/2023','2/12/2024');
INSERT INTO descuento(Id_Desc,Id_Articulo,Porcentaje_Desc,Fecha_Inicio,Fecha_Fin) VALUES (94,80,46,'9/1/2023','6/10/2024');
INSERT INTO descuento(Id_Desc,Id_Articulo,Porcentaje_Desc,Fecha_Inicio,Fecha_Fin) VALUES (95,83,50,'11/11/2023','5/3/2024');
INSERT INTO descuento(Id_Desc,Id_Articulo,Porcentaje_Desc,Fecha_Inicio,Fecha_Fin) VALUES (96,86,14,'7/10/2023','3/2/2024');
INSERT INTO descuento(Id_Desc,Id_Articulo,Porcentaje_Desc,Fecha_Inicio,Fecha_Fin) VALUES (97,89,55,'11/26/2023','5/17/2024');
INSERT INTO descuento(Id_Desc,Id_Articulo,Porcentaje_Desc,Fecha_Inicio,Fecha_Fin) VALUES (98,92,14,'7/27/2023','1/29/2024');
INSERT INTO descuento(Id_Desc,Id_Articulo,Porcentaje_Desc,Fecha_Inicio,Fecha_Fin) VALUES (99,95,37,'11/26/2023','12/14/2023');
INSERT INTO descuento(Id_Desc,Id_Articulo,Porcentaje_Desc,Fecha_Inicio,Fecha_Fin) VALUES (100,98,18,'11/9/2023','2/29/2024');

--TABLA PROMOCION
INSERT INTO promocion(Id_Promo,Id_Articulo,Tipo_Promo,Fecha_Inicio,Fecha_Fin) VALUES (1,1,'precio especial','7/19/2023','6/26/2024');
INSERT INTO promocion(Id_Promo,Id_Articulo,Tipo_Promo,Fecha_Inicio,Fecha_Fin) VALUES (2,4,'3 por 2','8/30/2023','1/16/2024');
INSERT INTO promocion(Id_Promo,Id_Articulo,Tipo_Promo,Fecha_Inicio,Fecha_Fin) VALUES (3,7,'rebaja','7/3/2023','2/21/2024');
INSERT INTO promocion(Id_Promo,Id_Articulo,Tipo_Promo,Fecha_Inicio,Fecha_Fin) VALUES (4,10,'2 por 1','10/13/2023','1/10/2024');
INSERT INTO promocion(Id_Promo,Id_Articulo,Tipo_Promo,Fecha_Inicio,Fecha_Fin) VALUES (5,13,'segundo a mitad de precio','7/20/2023','4/21/2024');
INSERT INTO promocion(Id_Promo,Id_Articulo,Tipo_Promo,Fecha_Inicio,Fecha_Fin) VALUES (6,16,'a partir de 3 20% de descuento','11/28/2023','11/30/2023');
INSERT INTO promocion(Id_Promo,Id_Articulo,Tipo_Promo,Fecha_Inicio,Fecha_Fin) VALUES (7,19,'rebaja','7/18/2023','12/25/2023');
INSERT INTO promocion(Id_Promo,Id_Articulo,Tipo_Promo,Fecha_Inicio,Fecha_Fin) VALUES (8,22,'a partir de 3 20% de descuento','9/26/2023','11/30/2023');
INSERT INTO promocion(Id_Promo,Id_Articulo,Tipo_Promo,Fecha_Inicio,Fecha_Fin) VALUES (9,25,'segundo a mitad de precio','9/12/2023','12/19/2023');
INSERT INTO promocion(Id_Promo,Id_Articulo,Tipo_Promo,Fecha_Inicio,Fecha_Fin) VALUES (10,28,'precio especial','9/28/2023','2/3/2024');
INSERT INTO promocion(Id_Promo,Id_Articulo,Tipo_Promo,Fecha_Inicio,Fecha_Fin) VALUES (11,31,'a partir de 3 20% de descuento','8/8/2023','5/27/2024');
INSERT INTO promocion(Id_Promo,Id_Articulo,Tipo_Promo,Fecha_Inicio,Fecha_Fin) VALUES (12,34,'precio especial','8/22/2023','5/10/2024');
INSERT INTO promocion(Id_Promo,Id_Articulo,Tipo_Promo,Fecha_Inicio,Fecha_Fin) VALUES (13,37,'precio especial','8/12/2023','4/10/2024');
INSERT INTO promocion(Id_Promo,Id_Articulo,Tipo_Promo,Fecha_Inicio,Fecha_Fin) VALUES (14,40,'rebaja','7/15/2023','4/5/2024');
INSERT INTO promocion(Id_Promo,Id_Articulo,Tipo_Promo,Fecha_Inicio,Fecha_Fin) VALUES (15,43,'2 por 1','10/5/2023','2/28/2024');
INSERT INTO promocion(Id_Promo,Id_Articulo,Tipo_Promo,Fecha_Inicio,Fecha_Fin) VALUES (16,46,'3 por 2','10/6/2023','5/2/2024');
INSERT INTO promocion(Id_Promo,Id_Articulo,Tipo_Promo,Fecha_Inicio,Fecha_Fin) VALUES (17,49,'rebaja','7/19/2023','5/23/2024');
INSERT INTO promocion(Id_Promo,Id_Articulo,Tipo_Promo,Fecha_Inicio,Fecha_Fin) VALUES (18,52,'a partir de 3 20% de descuento','10/5/2023','12/19/2023');
INSERT INTO promocion(Id_Promo,Id_Articulo,Tipo_Promo,Fecha_Inicio,Fecha_Fin) VALUES (19,55,'precio especial','8/9/2023','3/22/2024');
INSERT INTO promocion(Id_Promo,Id_Articulo,Tipo_Promo,Fecha_Inicio,Fecha_Fin) VALUES (20,58,'3 por 2','10/29/2023','4/13/2024');
INSERT INTO promocion(Id_Promo,Id_Articulo,Tipo_Promo,Fecha_Inicio,Fecha_Fin) VALUES (21,61,'precio especial','11/25/2023','5/11/2024');
INSERT INTO promocion(Id_Promo,Id_Articulo,Tipo_Promo,Fecha_Inicio,Fecha_Fin) VALUES (22,64,'precio especial','11/24/2023','3/21/2024');
INSERT INTO promocion(Id_Promo,Id_Articulo,Tipo_Promo,Fecha_Inicio,Fecha_Fin) VALUES (23,67,'a partir de 3 20% de descuento','8/19/2023','4/23/2024');
INSERT INTO promocion(Id_Promo,Id_Articulo,Tipo_Promo,Fecha_Inicio,Fecha_Fin) VALUES (24,70,'a partir de 3 20% de descuento','9/29/2023','4/15/2024');
INSERT INTO promocion(Id_Promo,Id_Articulo,Tipo_Promo,Fecha_Inicio,Fecha_Fin) VALUES (25,73,'segundo a mitad de precio','10/18/2023','6/29/2024');
INSERT INTO promocion(Id_Promo,Id_Articulo,Tipo_Promo,Fecha_Inicio,Fecha_Fin) VALUES (26,76,'3 por 2','7/21/2023','2/7/2024');
INSERT INTO promocion(Id_Promo,Id_Articulo,Tipo_Promo,Fecha_Inicio,Fecha_Fin) VALUES (27,79,'3 por 2','7/7/2023','12/26/2023');
INSERT INTO promocion(Id_Promo,Id_Articulo,Tipo_Promo,Fecha_Inicio,Fecha_Fin) VALUES (28,82,'3 por 2','11/14/2023','2/14/2024');
INSERT INTO promocion(Id_Promo,Id_Articulo,Tipo_Promo,Fecha_Inicio,Fecha_Fin) VALUES (29,85,'2 por 1','9/5/2023','4/10/2024');
INSERT INTO promocion(Id_Promo,Id_Articulo,Tipo_Promo,Fecha_Inicio,Fecha_Fin) VALUES (30,88,'rebaja','8/10/2023','4/22/2024');
INSERT INTO promocion(Id_Promo,Id_Articulo,Tipo_Promo,Fecha_Inicio,Fecha_Fin) VALUES (31,91,'precio especial','8/27/2023','3/3/2024');
INSERT INTO promocion(Id_Promo,Id_Articulo,Tipo_Promo,Fecha_Inicio,Fecha_Fin) VALUES (32,94,'3 por 2','10/29/2023','12/21/2023');
INSERT INTO promocion(Id_Promo,Id_Articulo,Tipo_Promo,Fecha_Inicio,Fecha_Fin) VALUES (33,97,'precio especial','7/16/2023','6/25/2024');
INSERT INTO promocion(Id_Promo,Id_Articulo,Tipo_Promo,Fecha_Inicio,Fecha_Fin) VALUES (34,100,'precio especial','9/15/2023','1/29/2024');
INSERT INTO promocion(Id_Promo,Id_Articulo,Tipo_Promo,Fecha_Inicio,Fecha_Fin) VALUES (35,3,'3 por 2','7/16/2023','6/15/2024');
INSERT INTO promocion(Id_Promo,Id_Articulo,Tipo_Promo,Fecha_Inicio,Fecha_Fin) VALUES (36,6,'2 por 1','10/29/2023','6/7/2024');
INSERT INTO promocion(Id_Promo,Id_Articulo,Tipo_Promo,Fecha_Inicio,Fecha_Fin) VALUES (37,9,'segundo a mitad de precio','8/18/2023','3/24/2024');
INSERT INTO promocion(Id_Promo,Id_Articulo,Tipo_Promo,Fecha_Inicio,Fecha_Fin) VALUES (38,12,'2 por 1','9/29/2023','4/21/2024');
INSERT INTO promocion(Id_Promo,Id_Articulo,Tipo_Promo,Fecha_Inicio,Fecha_Fin) VALUES (39,15,'2 por 1','10/6/2023','6/6/2024');
INSERT INTO promocion(Id_Promo,Id_Articulo,Tipo_Promo,Fecha_Inicio,Fecha_Fin) VALUES (40,18,'2 por 1','8/10/2023','1/3/2024');
INSERT INTO promocion(Id_Promo,Id_Articulo,Tipo_Promo,Fecha_Inicio,Fecha_Fin) VALUES (41,21,'3 por 2','9/19/2023','12/22/2023');
INSERT INTO promocion(Id_Promo,Id_Articulo,Tipo_Promo,Fecha_Inicio,Fecha_Fin) VALUES (42,24,'precio especial','10/10/2023','6/16/2024');
INSERT INTO promocion(Id_Promo,Id_Articulo,Tipo_Promo,Fecha_Inicio,Fecha_Fin) VALUES (43,27,'precio especial','10/25/2023','12/21/2023');
INSERT INTO promocion(Id_Promo,Id_Articulo,Tipo_Promo,Fecha_Inicio,Fecha_Fin) VALUES (44,30,'2 por 1','10/8/2023','5/10/2024');
INSERT INTO promocion(Id_Promo,Id_Articulo,Tipo_Promo,Fecha_Inicio,Fecha_Fin) VALUES (45,33,'3 por 2','9/1/2023','4/12/2024');
INSERT INTO promocion(Id_Promo,Id_Articulo,Tipo_Promo,Fecha_Inicio,Fecha_Fin) VALUES (46,36,'rebaja','8/26/2023','6/1/2024');
INSERT INTO promocion(Id_Promo,Id_Articulo,Tipo_Promo,Fecha_Inicio,Fecha_Fin) VALUES (47,39,'3 por 2','7/7/2023','3/16/2024');
INSERT INTO promocion(Id_Promo,Id_Articulo,Tipo_Promo,Fecha_Inicio,Fecha_Fin) VALUES (48,42,'precio especial','10/6/2023','11/29/2023');
INSERT INTO promocion(Id_Promo,Id_Articulo,Tipo_Promo,Fecha_Inicio,Fecha_Fin) VALUES (49,45,'rebaja','8/24/2023','4/9/2024');
INSERT INTO promocion(Id_Promo,Id_Articulo,Tipo_Promo,Fecha_Inicio,Fecha_Fin) VALUES (50,48,'2 por 1','10/29/2023','12/12/2023');
INSERT INTO promocion(Id_Promo,Id_Articulo,Tipo_Promo,Fecha_Inicio,Fecha_Fin) VALUES (51,51,'3 por 2','10/13/2023','6/12/2024');
INSERT INTO promocion(Id_Promo,Id_Articulo,Tipo_Promo,Fecha_Inicio,Fecha_Fin) VALUES (52,54,'a partir de 3 20% de descuento','8/9/2023','3/7/2024');
INSERT INTO promocion(Id_Promo,Id_Articulo,Tipo_Promo,Fecha_Inicio,Fecha_Fin) VALUES (53,57,'a partir de 3 20% de descuento','11/14/2023','3/10/2024');
INSERT INTO promocion(Id_Promo,Id_Articulo,Tipo_Promo,Fecha_Inicio,Fecha_Fin) VALUES (54,60,'precio especial','8/5/2023','3/13/2024');
INSERT INTO promocion(Id_Promo,Id_Articulo,Tipo_Promo,Fecha_Inicio,Fecha_Fin) VALUES (55,63,'segundo a mitad de precio','8/31/2023','1/13/2024');
INSERT INTO promocion(Id_Promo,Id_Articulo,Tipo_Promo,Fecha_Inicio,Fecha_Fin) VALUES (56,66,'2 por 1','10/24/2023','1/21/2024');
INSERT INTO promocion(Id_Promo,Id_Articulo,Tipo_Promo,Fecha_Inicio,Fecha_Fin) VALUES (57,69,'a partir de 3 20% de descuento','9/21/2023','6/17/2024');
INSERT INTO promocion(Id_Promo,Id_Articulo,Tipo_Promo,Fecha_Inicio,Fecha_Fin) VALUES (58,72,'3 por 2','9/11/2023','12/17/2023');
INSERT INTO promocion(Id_Promo,Id_Articulo,Tipo_Promo,Fecha_Inicio,Fecha_Fin) VALUES (59,75,'3 por 2','7/14/2023','5/29/2024');
INSERT INTO promocion(Id_Promo,Id_Articulo,Tipo_Promo,Fecha_Inicio,Fecha_Fin) VALUES (60,78,'3 por 2','11/13/2023','6/2/2024');
INSERT INTO promocion(Id_Promo,Id_Articulo,Tipo_Promo,Fecha_Inicio,Fecha_Fin) VALUES (61,81,'3 por 2','7/30/2023','3/9/2024');
INSERT INTO promocion(Id_Promo,Id_Articulo,Tipo_Promo,Fecha_Inicio,Fecha_Fin) VALUES (62,84,'2 por 1','7/1/2023','3/7/2024');
INSERT INTO promocion(Id_Promo,Id_Articulo,Tipo_Promo,Fecha_Inicio,Fecha_Fin) VALUES (63,87,'a partir de 3 20% de descuento','7/31/2023','6/5/2024');
INSERT INTO promocion(Id_Promo,Id_Articulo,Tipo_Promo,Fecha_Inicio,Fecha_Fin) VALUES (64,90,'precio especial','9/10/2023','6/1/2024');
INSERT INTO promocion(Id_Promo,Id_Articulo,Tipo_Promo,Fecha_Inicio,Fecha_Fin) VALUES (65,93,'2 por 1','9/17/2023','3/28/2024');
INSERT INTO promocion(Id_Promo,Id_Articulo,Tipo_Promo,Fecha_Inicio,Fecha_Fin) VALUES (66,96,'2 por 1','7/18/2023','5/2/2024');
INSERT INTO promocion(Id_Promo,Id_Articulo,Tipo_Promo,Fecha_Inicio,Fecha_Fin) VALUES (67,99,'a partir de 3 20% de descuento','8/19/2023','1/12/2024');
INSERT INTO promocion(Id_Promo,Id_Articulo,Tipo_Promo,Fecha_Inicio,Fecha_Fin) VALUES (68,2,'a partir de 3 20% de descuento','9/30/2023','2/28/2024');
INSERT INTO promocion(Id_Promo,Id_Articulo,Tipo_Promo,Fecha_Inicio,Fecha_Fin) VALUES (69,5,'2 por 1','10/3/2023','1/4/2024');
INSERT INTO promocion(Id_Promo,Id_Articulo,Tipo_Promo,Fecha_Inicio,Fecha_Fin) VALUES (70,8,'3 por 2','11/26/2023','1/7/2024');
INSERT INTO promocion(Id_Promo,Id_Articulo,Tipo_Promo,Fecha_Inicio,Fecha_Fin) VALUES (71,11,'precio especial','8/26/2023','2/22/2024');
INSERT INTO promocion(Id_Promo,Id_Articulo,Tipo_Promo,Fecha_Inicio,Fecha_Fin) VALUES (72,14,'3 por 2','11/2/2023','12/19/2023');
INSERT INTO promocion(Id_Promo,Id_Articulo,Tipo_Promo,Fecha_Inicio,Fecha_Fin) VALUES (73,17,'segundo a mitad de precio','11/25/2023','6/8/2024');
INSERT INTO promocion(Id_Promo,Id_Articulo,Tipo_Promo,Fecha_Inicio,Fecha_Fin) VALUES (74,20,'rebaja','9/19/2023','12/1/2023');
INSERT INTO promocion(Id_Promo,Id_Articulo,Tipo_Promo,Fecha_Inicio,Fecha_Fin) VALUES (75,23,'rebaja','11/20/2023','2/28/2024');
INSERT INTO promocion(Id_Promo,Id_Articulo,Tipo_Promo,Fecha_Inicio,Fecha_Fin) VALUES (76,26,'segundo a mitad de precio','7/28/2023','1/12/2024');
INSERT INTO promocion(Id_Promo,Id_Articulo,Tipo_Promo,Fecha_Inicio,Fecha_Fin) VALUES (77,29,'segundo a mitad de precio','9/10/2023','2/8/2024');
INSERT INTO promocion(Id_Promo,Id_Articulo,Tipo_Promo,Fecha_Inicio,Fecha_Fin) VALUES (78,32,'3 por 2','9/18/2023','1/22/2024');
INSERT INTO promocion(Id_Promo,Id_Articulo,Tipo_Promo,Fecha_Inicio,Fecha_Fin) VALUES (79,35,'3 por 2','7/7/2023','1/5/2024');
INSERT INTO promocion(Id_Promo,Id_Articulo,Tipo_Promo,Fecha_Inicio,Fecha_Fin) VALUES (80,38,'2 por 1','9/9/2023','5/12/2024');
INSERT INTO promocion(Id_Promo,Id_Articulo,Tipo_Promo,Fecha_Inicio,Fecha_Fin) VALUES (81,41,'a partir de 3 20% de descuento','10/16/2023','12/18/2023');
INSERT INTO promocion(Id_Promo,Id_Articulo,Tipo_Promo,Fecha_Inicio,Fecha_Fin) VALUES (82,44,'precio especial','8/29/2023','1/20/2024');
INSERT INTO promocion(Id_Promo,Id_Articulo,Tipo_Promo,Fecha_Inicio,Fecha_Fin) VALUES (83,47,'3 por 2','10/6/2023','5/28/2024');
INSERT INTO promocion(Id_Promo,Id_Articulo,Tipo_Promo,Fecha_Inicio,Fecha_Fin) VALUES (84,50,'precio especial','8/7/2023','4/1/2024');
INSERT INTO promocion(Id_Promo,Id_Articulo,Tipo_Promo,Fecha_Inicio,Fecha_Fin) VALUES (85,53,'a partir de 3 20% de descuento','9/8/2023','3/15/2024');
INSERT INTO promocion(Id_Promo,Id_Articulo,Tipo_Promo,Fecha_Inicio,Fecha_Fin) VALUES (86,56,'3 por 2','7/4/2023','12/3/2023');
INSERT INTO promocion(Id_Promo,Id_Articulo,Tipo_Promo,Fecha_Inicio,Fecha_Fin) VALUES (87,59,'rebaja','10/28/2023','5/29/2024');
INSERT INTO promocion(Id_Promo,Id_Articulo,Tipo_Promo,Fecha_Inicio,Fecha_Fin) VALUES (88,62,'a partir de 3 20% de descuento','7/28/2023','12/23/2023');
INSERT INTO promocion(Id_Promo,Id_Articulo,Tipo_Promo,Fecha_Inicio,Fecha_Fin) VALUES (89,65,'precio especial','9/28/2023','1/4/2024');
INSERT INTO promocion(Id_Promo,Id_Articulo,Tipo_Promo,Fecha_Inicio,Fecha_Fin) VALUES (90,68,'precio especial','11/12/2023','6/6/2024');
INSERT INTO promocion(Id_Promo,Id_Articulo,Tipo_Promo,Fecha_Inicio,Fecha_Fin) VALUES (91,71,'a partir de 3 20% de descuento','8/10/2023','2/5/2024');
INSERT INTO promocion(Id_Promo,Id_Articulo,Tipo_Promo,Fecha_Inicio,Fecha_Fin) VALUES (92,74,'2 por 1','8/13/2023','2/23/2024');
INSERT INTO promocion(Id_Promo,Id_Articulo,Tipo_Promo,Fecha_Inicio,Fecha_Fin) VALUES (93,77,'3 por 2','10/23/2023','5/22/2024');
INSERT INTO promocion(Id_Promo,Id_Articulo,Tipo_Promo,Fecha_Inicio,Fecha_Fin) VALUES (94,80,'3 por 2','7/20/2023','12/29/2023');
INSERT INTO promocion(Id_Promo,Id_Articulo,Tipo_Promo,Fecha_Inicio,Fecha_Fin) VALUES (95,83,'precio especial','8/27/2023','2/23/2024');
INSERT INTO promocion(Id_Promo,Id_Articulo,Tipo_Promo,Fecha_Inicio,Fecha_Fin) VALUES (96,86,'a partir de 3 20% de descuento','7/15/2023','5/18/2024');
INSERT INTO promocion(Id_Promo,Id_Articulo,Tipo_Promo,Fecha_Inicio,Fecha_Fin) VALUES (97,89,'2 por 1','10/12/2023','2/13/2024');
INSERT INTO promocion(Id_Promo,Id_Articulo,Tipo_Promo,Fecha_Inicio,Fecha_Fin) VALUES (98,92,'precio especial','8/20/2023','4/21/2024');
INSERT INTO promocion(Id_Promo,Id_Articulo,Tipo_Promo,Fecha_Inicio,Fecha_Fin) VALUES (99,95,'a partir de 3 20% de descuento','8/21/2023','12/4/2023');
INSERT INTO promocion(Id_Promo,Id_Articulo,Tipo_Promo,Fecha_Inicio,Fecha_Fin) VALUES (100,98,'rebaja','9/3/2023','4/12/2024');

--TABLA NOTI_EVENTO
INSERT INTO noti_Evento(Id_Noti_Evento,Id_Evento) VALUES (1,1);
INSERT INTO noti_Evento(Id_Noti_Evento,Id_Evento) VALUES (2,8);
INSERT INTO noti_Evento(Id_Noti_Evento,Id_Evento) VALUES (3,15);
INSERT INTO noti_Evento(Id_Noti_Evento,Id_Evento) VALUES (4,22);
INSERT INTO noti_Evento(Id_Noti_Evento,Id_Evento) VALUES (5,29);
INSERT INTO noti_Evento(Id_Noti_Evento,Id_Evento) VALUES (6,36);
INSERT INTO noti_Evento(Id_Noti_Evento,Id_Evento) VALUES (7,43);
INSERT INTO noti_Evento(Id_Noti_Evento,Id_Evento) VALUES (8,50);
INSERT INTO noti_Evento(Id_Noti_Evento,Id_Evento) VALUES (9,57);
INSERT INTO noti_Evento(Id_Noti_Evento,Id_Evento) VALUES (10,64);
INSERT INTO noti_Evento(Id_Noti_Evento,Id_Evento) VALUES (11,71);
INSERT INTO noti_Evento(Id_Noti_Evento,Id_Evento) VALUES (12,78);
INSERT INTO noti_Evento(Id_Noti_Evento,Id_Evento) VALUES (13,85);
INSERT INTO noti_Evento(Id_Noti_Evento,Id_Evento) VALUES (14,92);
INSERT INTO noti_Evento(Id_Noti_Evento,Id_Evento) VALUES (15,99);
INSERT INTO noti_Evento(Id_Noti_Evento,Id_Evento) VALUES (16,6);
INSERT INTO noti_Evento(Id_Noti_Evento,Id_Evento) VALUES (17,13);
INSERT INTO noti_Evento(Id_Noti_Evento,Id_Evento) VALUES (18,20);
INSERT INTO noti_Evento(Id_Noti_Evento,Id_Evento) VALUES (19,27);
INSERT INTO noti_Evento(Id_Noti_Evento,Id_Evento) VALUES (20,34);
INSERT INTO noti_Evento(Id_Noti_Evento,Id_Evento) VALUES (21,41);
INSERT INTO noti_Evento(Id_Noti_Evento,Id_Evento) VALUES (22,48);
INSERT INTO noti_Evento(Id_Noti_Evento,Id_Evento) VALUES (23,55);
INSERT INTO noti_Evento(Id_Noti_Evento,Id_Evento) VALUES (24,62);
INSERT INTO noti_Evento(Id_Noti_Evento,Id_Evento) VALUES (25,69);
INSERT INTO noti_Evento(Id_Noti_Evento,Id_Evento) VALUES (26,76);
INSERT INTO noti_Evento(Id_Noti_Evento,Id_Evento) VALUES (27,83);
INSERT INTO noti_Evento(Id_Noti_Evento,Id_Evento) VALUES (28,90);
INSERT INTO noti_Evento(Id_Noti_Evento,Id_Evento) VALUES (29,97);
INSERT INTO noti_Evento(Id_Noti_Evento,Id_Evento) VALUES (30,4);
INSERT INTO noti_Evento(Id_Noti_Evento,Id_Evento) VALUES (31,11);
INSERT INTO noti_Evento(Id_Noti_Evento,Id_Evento) VALUES (32,18);
INSERT INTO noti_Evento(Id_Noti_Evento,Id_Evento) VALUES (33,25);
INSERT INTO noti_Evento(Id_Noti_Evento,Id_Evento) VALUES (34,32);
INSERT INTO noti_Evento(Id_Noti_Evento,Id_Evento) VALUES (35,39);
INSERT INTO noti_Evento(Id_Noti_Evento,Id_Evento) VALUES (36,46);
INSERT INTO noti_Evento(Id_Noti_Evento,Id_Evento) VALUES (37,53);
INSERT INTO noti_Evento(Id_Noti_Evento,Id_Evento) VALUES (38,60);
INSERT INTO noti_Evento(Id_Noti_Evento,Id_Evento) VALUES (39,67);
INSERT INTO noti_Evento(Id_Noti_Evento,Id_Evento) VALUES (40,74);
INSERT INTO noti_Evento(Id_Noti_Evento,Id_Evento) VALUES (41,81);
INSERT INTO noti_Evento(Id_Noti_Evento,Id_Evento) VALUES (42,88);
INSERT INTO noti_Evento(Id_Noti_Evento,Id_Evento) VALUES (43,95);
INSERT INTO noti_Evento(Id_Noti_Evento,Id_Evento) VALUES (44,2);
INSERT INTO noti_Evento(Id_Noti_Evento,Id_Evento) VALUES (45,9);
INSERT INTO noti_Evento(Id_Noti_Evento,Id_Evento) VALUES (46,16);
INSERT INTO noti_Evento(Id_Noti_Evento,Id_Evento) VALUES (47,23);
INSERT INTO noti_Evento(Id_Noti_Evento,Id_Evento) VALUES (48,30);
INSERT INTO noti_Evento(Id_Noti_Evento,Id_Evento) VALUES (49,37);
INSERT INTO noti_Evento(Id_Noti_Evento,Id_Evento) VALUES (50,44);
INSERT INTO noti_Evento(Id_Noti_Evento,Id_Evento) VALUES (51,51);
INSERT INTO noti_Evento(Id_Noti_Evento,Id_Evento) VALUES (52,58);
INSERT INTO noti_Evento(Id_Noti_Evento,Id_Evento) VALUES (53,65);
INSERT INTO noti_Evento(Id_Noti_Evento,Id_Evento) VALUES (54,72);
INSERT INTO noti_Evento(Id_Noti_Evento,Id_Evento) VALUES (55,79);
INSERT INTO noti_Evento(Id_Noti_Evento,Id_Evento) VALUES (56,86);
INSERT INTO noti_Evento(Id_Noti_Evento,Id_Evento) VALUES (57,93);
INSERT INTO noti_Evento(Id_Noti_Evento,Id_Evento) VALUES (58,100);
INSERT INTO noti_Evento(Id_Noti_Evento,Id_Evento) VALUES (59,7);
INSERT INTO noti_Evento(Id_Noti_Evento,Id_Evento) VALUES (60,14);
INSERT INTO noti_Evento(Id_Noti_Evento,Id_Evento) VALUES (61,21);
INSERT INTO noti_Evento(Id_Noti_Evento,Id_Evento) VALUES (62,28);
INSERT INTO noti_Evento(Id_Noti_Evento,Id_Evento) VALUES (63,35);
INSERT INTO noti_Evento(Id_Noti_Evento,Id_Evento) VALUES (64,42);
INSERT INTO noti_Evento(Id_Noti_Evento,Id_Evento) VALUES (65,49);
INSERT INTO noti_Evento(Id_Noti_Evento,Id_Evento) VALUES (66,56);
INSERT INTO noti_Evento(Id_Noti_Evento,Id_Evento) VALUES (67,63);
INSERT INTO noti_Evento(Id_Noti_Evento,Id_Evento) VALUES (68,70);
INSERT INTO noti_Evento(Id_Noti_Evento,Id_Evento) VALUES (69,77);
INSERT INTO noti_Evento(Id_Noti_Evento,Id_Evento) VALUES (70,84);
INSERT INTO noti_Evento(Id_Noti_Evento,Id_Evento) VALUES (71,91);
INSERT INTO noti_Evento(Id_Noti_Evento,Id_Evento) VALUES (72,98);
INSERT INTO noti_Evento(Id_Noti_Evento,Id_Evento) VALUES (73,5);
INSERT INTO noti_Evento(Id_Noti_Evento,Id_Evento) VALUES (74,12);
INSERT INTO noti_Evento(Id_Noti_Evento,Id_Evento) VALUES (75,19);
INSERT INTO noti_Evento(Id_Noti_Evento,Id_Evento) VALUES (76,26);
INSERT INTO noti_Evento(Id_Noti_Evento,Id_Evento) VALUES (77,33);
INSERT INTO noti_Evento(Id_Noti_Evento,Id_Evento) VALUES (78,40);
INSERT INTO noti_Evento(Id_Noti_Evento,Id_Evento) VALUES (79,47);
INSERT INTO noti_Evento(Id_Noti_Evento,Id_Evento) VALUES (80,54);
INSERT INTO noti_Evento(Id_Noti_Evento,Id_Evento) VALUES (81,61);
INSERT INTO noti_Evento(Id_Noti_Evento,Id_Evento) VALUES (82,68);
INSERT INTO noti_Evento(Id_Noti_Evento,Id_Evento) VALUES (83,75);
INSERT INTO noti_Evento(Id_Noti_Evento,Id_Evento) VALUES (84,82);
INSERT INTO noti_Evento(Id_Noti_Evento,Id_Evento) VALUES (85,89);
INSERT INTO noti_Evento(Id_Noti_Evento,Id_Evento) VALUES (86,96);
INSERT INTO noti_Evento(Id_Noti_Evento,Id_Evento) VALUES (87,3);
INSERT INTO noti_Evento(Id_Noti_Evento,Id_Evento) VALUES (88,10);
INSERT INTO noti_Evento(Id_Noti_Evento,Id_Evento) VALUES (89,17);
INSERT INTO noti_Evento(Id_Noti_Evento,Id_Evento) VALUES (90,24);
INSERT INTO noti_Evento(Id_Noti_Evento,Id_Evento) VALUES (91,31);
INSERT INTO noti_Evento(Id_Noti_Evento,Id_Evento) VALUES (92,38);
INSERT INTO noti_Evento(Id_Noti_Evento,Id_Evento) VALUES (93,45);
INSERT INTO noti_Evento(Id_Noti_Evento,Id_Evento) VALUES (94,52);
INSERT INTO noti_Evento(Id_Noti_Evento,Id_Evento) VALUES (95,59);
INSERT INTO noti_Evento(Id_Noti_Evento,Id_Evento) VALUES (96,66);
INSERT INTO noti_Evento(Id_Noti_Evento,Id_Evento) VALUES (97,73);
INSERT INTO noti_Evento(Id_Noti_Evento,Id_Evento) VALUES (98,80);
INSERT INTO noti_Evento(Id_Noti_Evento,Id_Evento) VALUES (99,87);
INSERT INTO noti_Evento(Id_Noti_Evento,Id_Evento) VALUES (100,94);

--TABLA RECIBIR_PROMO
INSERT INTO recibir_Promo(CURP,Id_Promo) VALUES ('QOEG346379UTTIPE02',68);
INSERT INTO recibir_Promo(CURP,Id_Promo) VALUES ('YARJ581280FIGFFN96',21);
INSERT INTO recibir_Promo(CURP,Id_Promo) VALUES ('QOEG346379UTTIPE02',38);
INSERT INTO recibir_Promo(CURP,Id_Promo) VALUES ('UQUW280839XPXHYO18',91);
INSERT INTO recibir_Promo(CURP,Id_Promo) VALUES ('XFMX283818TMOOFO41',9);
INSERT INTO recibir_Promo(CURP,Id_Promo) VALUES ('FPBE214145VPZANR14',37);
INSERT INTO recibir_Promo(CURP,Id_Promo) VALUES ('KNUD230727QKLAJJ47',38);
INSERT INTO recibir_Promo(CURP,Id_Promo) VALUES ('AGKN604503ZEZOII74',22);
INSERT INTO recibir_Promo(CURP,Id_Promo) VALUES ('JWWF687250ADJAFR47',75);
INSERT INTO recibir_Promo(CURP,Id_Promo) VALUES ('ZBLD452689PPFCTA09',61);
INSERT INTO recibir_Promo(CURP,Id_Promo) VALUES ('SDLW732875PYJUJW88',67);
INSERT INTO recibir_Promo(CURP,Id_Promo) VALUES ('QOEG346379UTTIPE02',50);
INSERT INTO recibir_Promo(CURP,Id_Promo) VALUES ('SFLP766257YZSRPG41',91);
INSERT INTO recibir_Promo(CURP,Id_Promo) VALUES ('XOOP595603XCYDPZ72',80);
INSERT INTO recibir_Promo(CURP,Id_Promo) VALUES ('TWML412744EGSOHK00',18);
INSERT INTO recibir_Promo(CURP,Id_Promo) VALUES ('JMJI509158RXJCZR76',100);
INSERT INTO recibir_Promo(CURP,Id_Promo) VALUES ('SGGC538211YLECJT60',51);
INSERT INTO recibir_Promo(CURP,Id_Promo) VALUES ('YWHZ231910YPDDSX53',65);
INSERT INTO recibir_Promo(CURP,Id_Promo) VALUES ('TBNT133724DGBJJT10',10);
INSERT INTO recibir_Promo(CURP,Id_Promo) VALUES ('AGKN604503ZEZOII74',9);
INSERT INTO recibir_Promo(CURP,Id_Promo) VALUES ('SFLP766257YZSRPG41',71);
INSERT INTO recibir_Promo(CURP,Id_Promo) VALUES ('FFRM030547QTRKCL75',74);
INSERT INTO recibir_Promo(CURP,Id_Promo) VALUES ('SMHA617525KWOXET21',2);
INSERT INTO recibir_Promo(CURP,Id_Promo) VALUES ('KYDE625409UKWHRW68',84);
INSERT INTO recibir_Promo(CURP,Id_Promo) VALUES ('ULFT460745EJINST69',21);
INSERT INTO recibir_Promo(CURP,Id_Promo) VALUES ('QDRA733534NQFJSO90',64);
INSERT INTO recibir_Promo(CURP,Id_Promo) VALUES ('YWHZ231910YPDDSX53',97);
INSERT INTO recibir_Promo(CURP,Id_Promo) VALUES ('CJID564695VOEPDH55',64);
INSERT INTO recibir_Promo(CURP,Id_Promo) VALUES ('YLWS620183GRDAJD31',41);
INSERT INTO recibir_Promo(CURP,Id_Promo) VALUES ('ZEXG545185JIYOSE30',11);
INSERT INTO recibir_Promo(CURP,Id_Promo) VALUES ('DADK477291QIMUKB45',63);
INSERT INTO recibir_Promo(CURP,Id_Promo) VALUES ('SFLP766257YZSRPG41',17);
INSERT INTO recibir_Promo(CURP,Id_Promo) VALUES ('ICKD274844ZTQPAC71',27);
INSERT INTO recibir_Promo(CURP,Id_Promo) VALUES ('IRPS913715XIBLUH97',20);
INSERT INTO recibir_Promo(CURP,Id_Promo) VALUES ('AHIU658776BHZVLR52',8);
INSERT INTO recibir_Promo(CURP,Id_Promo) VALUES ('UDNB658138GLCXWK17',30);
INSERT INTO recibir_Promo(CURP,Id_Promo) VALUES ('SGGC538211YLECJT60',40);
INSERT INTO recibir_Promo(CURP,Id_Promo) VALUES ('SIRY386689JQDTSH51',3);
INSERT INTO recibir_Promo(CURP,Id_Promo) VALUES ('GLFX019664ZDUIMG01',91);
INSERT INTO recibir_Promo(CURP,Id_Promo) VALUES ('SIRY386689JQDTSH51',46);
INSERT INTO recibir_Promo(CURP,Id_Promo) VALUES ('LYYK143730PXMFMV42',28);
INSERT INTO recibir_Promo(CURP,Id_Promo) VALUES ('SGXN532205TPTAHI13',71);
INSERT INTO recibir_Promo(CURP,Id_Promo) VALUES ('IGAX733890TOELTU18',74);
INSERT INTO recibir_Promo(CURP,Id_Promo) VALUES ('CJID564695VOEPDH55',85);
INSERT INTO recibir_Promo(CURP,Id_Promo) VALUES ('ZEXG545185JIYOSE30',4);
INSERT INTO recibir_Promo(CURP,Id_Promo) VALUES ('YUWE822425ZPTZHX45',46);
INSERT INTO recibir_Promo(CURP,Id_Promo) VALUES ('JMJI509158RXJCZR76',46);
INSERT INTO recibir_Promo(CURP,Id_Promo) VALUES ('YARJ581280FIGFFN96',85);
INSERT INTO recibir_Promo(CURP,Id_Promo) VALUES ('SFLP766257YZSRPG41',2);
INSERT INTO recibir_Promo(CURP,Id_Promo) VALUES ('XFMX283818TMOOFO41',18);
INSERT INTO recibir_Promo(CURP,Id_Promo) VALUES ('ZEXG545185JIYOSE30',58);
INSERT INTO recibir_Promo(CURP,Id_Promo) VALUES ('VOMU204468NEUSKK65',17);
INSERT INTO recibir_Promo(CURP,Id_Promo) VALUES ('ZEXG545185JIYOSE30',47);
INSERT INTO recibir_Promo(CURP,Id_Promo) VALUES ('KNUD230727QKLAJJ47',17);
INSERT INTO recibir_Promo(CURP,Id_Promo) VALUES ('FWNY918683YSEBQV99',47);
INSERT INTO recibir_Promo(CURP,Id_Promo) VALUES ('VWIL590879VQXCLF40',61);
INSERT INTO recibir_Promo(CURP,Id_Promo) VALUES ('FWNY918683YSEBQV99',96);
INSERT INTO recibir_Promo(CURP,Id_Promo) VALUES ('MYZI648893HPRZRK19',44);
INSERT INTO recibir_Promo(CURP,Id_Promo) VALUES ('FKWN319629ORUINV81',87);
INSERT INTO recibir_Promo(CURP,Id_Promo) VALUES ('KHDA717872FQKHCH34',45);
INSERT INTO recibir_Promo(CURP,Id_Promo) VALUES ('AMZO879309WMXTOG73',53);
INSERT INTO recibir_Promo(CURP,Id_Promo) VALUES ('OOGS321614BKYFEV65',79);
INSERT INTO recibir_Promo(CURP,Id_Promo) VALUES ('DADK477291QIMUKB45',62);
INSERT INTO recibir_Promo(CURP,Id_Promo) VALUES ('SAPH883684XPXYYX56',63);
INSERT INTO recibir_Promo(CURP,Id_Promo) VALUES ('BXZI709362NJDULY24',23);
INSERT INTO recibir_Promo(CURP,Id_Promo) VALUES ('CKQT416923FTJOOG79',49);
INSERT INTO recibir_Promo(CURP,Id_Promo) VALUES ('AEQX465168PWZDZH17',93);
INSERT INTO recibir_Promo(CURP,Id_Promo) VALUES ('WGFC986417VPONQZ88',62);
INSERT INTO recibir_Promo(CURP,Id_Promo) VALUES ('CJID564695VOEPDH55',25);
INSERT INTO recibir_Promo(CURP,Id_Promo) VALUES ('OUUN259373WQOXNB07',50);
INSERT INTO recibir_Promo(CURP,Id_Promo) VALUES ('XHKN967348VEKJEK02',94);
INSERT INTO recibir_Promo(CURP,Id_Promo) VALUES ('AEQX465168PWZDZH17',13);
INSERT INTO recibir_Promo(CURP,Id_Promo) VALUES ('MUPY156740MHHJLQ06',53);
INSERT INTO recibir_Promo(CURP,Id_Promo) VALUES ('ZEXG545185JIYOSE30',43);
INSERT INTO recibir_Promo(CURP,Id_Promo) VALUES ('EKGS257075GQSNSN64',76);
INSERT INTO recibir_Promo(CURP,Id_Promo) VALUES ('ZQEV159470TEZBXW21',31);
INSERT INTO recibir_Promo(CURP,Id_Promo) VALUES ('SNHB732437KCTANA80',88);
INSERT INTO recibir_Promo(CURP,Id_Promo) VALUES ('OOGS321614BKYFEV65',20);
INSERT INTO recibir_Promo(CURP,Id_Promo) VALUES ('XFMX283818TMOOFO41',42);
INSERT INTO recibir_Promo(CURP,Id_Promo) VALUES ('ZPYC793203MDLPCA50',99);
INSERT INTO recibir_Promo(CURP,Id_Promo) VALUES ('TWML412744EGSOHK00',93);
INSERT INTO recibir_Promo(CURP,Id_Promo) VALUES ('DADK477291QIMUKB45',84);
INSERT INTO recibir_Promo(CURP,Id_Promo) VALUES ('XOOP595603XCYDPZ72',24);
INSERT INTO recibir_Promo(CURP,Id_Promo) VALUES ('KNUD230727QKLAJJ47',81);
INSERT INTO recibir_Promo(CURP,Id_Promo) VALUES ('KYDE625409UKWHRW68',71);
INSERT INTO recibir_Promo(CURP,Id_Promo) VALUES ('TWML412744EGSOHK00',31);
INSERT INTO recibir_Promo(CURP,Id_Promo) VALUES ('AWVT436113DFZWMS23',19);
INSERT INTO recibir_Promo(CURP,Id_Promo) VALUES ('SIRY386689JQDTSH51',21);
INSERT INTO recibir_Promo(CURP,Id_Promo) VALUES ('SNHB732437KCTANA80',37);
INSERT INTO recibir_Promo(CURP,Id_Promo) VALUES ('FPBE214145VPZANR14',10);
INSERT INTO recibir_Promo(CURP,Id_Promo) VALUES ('SIRY386689JQDTSH51',19);
INSERT INTO recibir_Promo(CURP,Id_Promo) VALUES ('BMBW029311WSYUNT48',45);
INSERT INTO recibir_Promo(CURP,Id_Promo) VALUES ('VWIL590879VQXCLF40',12);
INSERT INTO recibir_Promo(CURP,Id_Promo) VALUES ('HMWF604075LVJXTS42',1);
INSERT INTO recibir_Promo(CURP,Id_Promo) VALUES ('VOMU204468NEUSKK65',100);
INSERT INTO recibir_Promo(CURP,Id_Promo) VALUES ('AHIU658776BHZVLR52',13);
INSERT INTO recibir_Promo(CURP,Id_Promo) VALUES ('PPZX494266TGCNQF11',49);
INSERT INTO recibir_Promo(CURP,Id_Promo) VALUES ('YZUY849364MVCUJR09',100);
INSERT INTO recibir_Promo(CURP,Id_Promo) VALUES ('XLAA947857HDSDHA65',91);
INSERT INTO recibir_Promo(CURP,Id_Promo) VALUES ('OOGS321614BKYFEV65',23);
INSERT INTO recibir_Promo(CURP,Id_Promo) VALUES ('HMWF604075LVJXTS42',47);
INSERT INTO recibir_Promo(CURP,Id_Promo) VALUES ('XLAA947857HDSDHA65',28);
INSERT INTO recibir_Promo(CURP,Id_Promo) VALUES ('KHDA717872FQKHCH34',49);
INSERT INTO recibir_Promo(CURP,Id_Promo) VALUES ('SDLW732875PYJUJW88',97);
INSERT INTO recibir_Promo(CURP,Id_Promo) VALUES ('GLFX019664ZDUIMG01',29);
INSERT INTO recibir_Promo(CURP,Id_Promo) VALUES ('HRFI604029EIPLNK04',97);
INSERT INTO recibir_Promo(CURP,Id_Promo) VALUES ('HRFI604029EIPLNK04',77);
INSERT INTO recibir_Promo(CURP,Id_Promo) VALUES ('OOGS321614BKYFEV65',26);
INSERT INTO recibir_Promo(CURP,Id_Promo) VALUES ('IGAX733890TOELTU18',14);
INSERT INTO recibir_Promo(CURP,Id_Promo) VALUES ('SOQN334996EYNXKJ85',22);
INSERT INTO recibir_Promo(CURP,Id_Promo) VALUES ('AMZO879309WMXTOG73',60);
INSERT INTO recibir_Promo(CURP,Id_Promo) VALUES ('YWHZ231910YPDDSX53',17);
INSERT INTO recibir_Promo(CURP,Id_Promo) VALUES ('LYYK143730PXMFMV42',34);
INSERT INTO recibir_Promo(CURP,Id_Promo) VALUES ('SGGC538211YLECJT60',68);
INSERT INTO recibir_Promo(CURP,Id_Promo) VALUES ('XOOP595603XCYDPZ72',95);
INSERT INTO recibir_Promo(CURP,Id_Promo) VALUES ('MBEV622378EHBNUB11',92);
INSERT INTO recibir_Promo(CURP,Id_Promo) VALUES ('KAXQ214057AFBOEW44',67);
INSERT INTO recibir_Promo(CURP,Id_Promo) VALUES ('AEQX465168PWZDZH17',36);
INSERT INTO recibir_Promo(CURP,Id_Promo) VALUES ('WEBN117225EVFTDE29',89);
INSERT INTO recibir_Promo(CURP,Id_Promo) VALUES ('HFJX182973GKZOAP69',45);
INSERT INTO recibir_Promo(CURP,Id_Promo) VALUES ('YZUY849364MVCUJR09',30);
INSERT INTO recibir_Promo(CURP,Id_Promo) VALUES ('LDMX057604IXOHLS53',93);
INSERT INTO recibir_Promo(CURP,Id_Promo) VALUES ('UQUW280839XPXHYO18',79);
INSERT INTO recibir_Promo(CURP,Id_Promo) VALUES ('HFJX182973GKZOAP69',89);
INSERT INTO recibir_Promo(CURP,Id_Promo) VALUES ('YLWS620183GRDAJD31',65);
INSERT INTO recibir_Promo(CURP,Id_Promo) VALUES ('IONC919934QJOWYD53',76);
INSERT INTO recibir_Promo(CURP,Id_Promo) VALUES ('UDNB658138GLCXWK17',60);
INSERT INTO recibir_Promo(CURP,Id_Promo) VALUES ('PPZX494266TGCNQF11',53);
INSERT INTO recibir_Promo(CURP,Id_Promo) VALUES ('MBEV622378EHBNUB11',3);
INSERT INTO recibir_Promo(CURP,Id_Promo) VALUES ('CKQT416923FTJOOG79',69);
INSERT INTO recibir_Promo(CURP,Id_Promo) VALUES ('HFJX182973GKZOAP69',56);
INSERT INTO recibir_Promo(CURP,Id_Promo) VALUES ('CJID564695VOEPDH55',81);
INSERT INTO recibir_Promo(CURP,Id_Promo) VALUES ('KHDA717872FQKHCH34',17);
INSERT INTO recibir_Promo(CURP,Id_Promo) VALUES ('FKWN319629ORUINV81',78);
INSERT INTO recibir_Promo(CURP,Id_Promo) VALUES ('OUUN259373WQOXNB07',54);
INSERT INTO recibir_Promo(CURP,Id_Promo) VALUES ('LSUY687743SUYSHM65',25);
INSERT INTO recibir_Promo(CURP,Id_Promo) VALUES ('YUWE822425ZPTZHX45',6);
INSERT INTO recibir_Promo(CURP,Id_Promo) VALUES ('YLWS620183GRDAJD31',83);
INSERT INTO recibir_Promo(CURP,Id_Promo) VALUES ('OUUN259373WQOXNB07',21);
INSERT INTO recibir_Promo(CURP,Id_Promo) VALUES ('PVRG878125JVHPXM04',78);
INSERT INTO recibir_Promo(CURP,Id_Promo) VALUES ('JWWF687250ADJAFR47',70);
INSERT INTO recibir_Promo(CURP,Id_Promo) VALUES ('VNHO144246PZNJNV90',37);
INSERT INTO recibir_Promo(CURP,Id_Promo) VALUES ('HRFI604029EIPLNK04',84);
INSERT INTO recibir_Promo(CURP,Id_Promo) VALUES ('ZPYC793203MDLPCA50',35);
INSERT INTO recibir_Promo(CURP,Id_Promo) VALUES ('FKWN319629ORUINV81',20);
INSERT INTO recibir_Promo(CURP,Id_Promo) VALUES ('SMHA617525KWOXET21',22);
INSERT INTO recibir_Promo(CURP,Id_Promo) VALUES ('VAZA063542DTIGVC08',14);
INSERT INTO recibir_Promo(CURP,Id_Promo) VALUES ('WEBN117225EVFTDE29',67);
INSERT INTO recibir_Promo(CURP,Id_Promo) VALUES ('AWVT436113DFZWMS23',48);
INSERT INTO recibir_Promo(CURP,Id_Promo) VALUES ('KYDE625409UKWHRW68',78);
INSERT INTO recibir_Promo(CURP,Id_Promo) VALUES ('WGFC986417VPONQZ88',6);
INSERT INTO recibir_Promo(CURP,Id_Promo) VALUES ('AGKN604503ZEZOII74',2);
INSERT INTO recibir_Promo(CURP,Id_Promo) VALUES ('ZQEV159470TEZBXW21',13);
INSERT INTO recibir_Promo(CURP,Id_Promo) VALUES ('LYYK143730PXMFMV42',27);
INSERT INTO recibir_Promo(CURP,Id_Promo) VALUES ('BMBW029311WSYUNT48',91);
INSERT INTO recibir_Promo(CURP,Id_Promo) VALUES ('HFJX182973GKZOAP69',51);
INSERT INTO recibir_Promo(CURP,Id_Promo) VALUES ('MUPY156740MHHJLQ06',98);
INSERT INTO recibir_Promo(CURP,Id_Promo) VALUES ('SNHB732437KCTANA80',70);
INSERT INTO recibir_Promo(CURP,Id_Promo) VALUES ('GLYF109106URYHWW93',52);
INSERT INTO recibir_Promo(CURP,Id_Promo) VALUES ('JWWF687250ADJAFR47',95);
INSERT INTO recibir_Promo(CURP,Id_Promo) VALUES ('LYYK143730PXMFMV42',51);
INSERT INTO recibir_Promo(CURP,Id_Promo) VALUES ('VNHO144246PZNJNV90',25);
INSERT INTO recibir_Promo(CURP,Id_Promo) VALUES ('MUPY156740MHHJLQ06',100);
INSERT INTO recibir_Promo(CURP,Id_Promo) VALUES ('TUYC467868QNLOLG73',82);
INSERT INTO recibir_Promo(CURP,Id_Promo) VALUES ('OUUN259373WQOXNB07',49);
INSERT INTO recibir_Promo(CURP,Id_Promo) VALUES ('JEKC172153DEJFXF41',59);
INSERT INTO recibir_Promo(CURP,Id_Promo) VALUES ('HMWF604075LVJXTS42',37);
INSERT INTO recibir_Promo(CURP,Id_Promo) VALUES ('IRPS913715XIBLUH97',17);
INSERT INTO recibir_Promo(CURP,Id_Promo) VALUES ('LYYK143730PXMFMV42',95);
INSERT INTO recibir_Promo(CURP,Id_Promo) VALUES ('GLFX019664ZDUIMG01',2);
INSERT INTO recibir_Promo(CURP,Id_Promo) VALUES ('CWXJ107795ZPLILI81',64);
INSERT INTO recibir_Promo(CURP,Id_Promo) VALUES ('KHDA717872FQKHCH34',3);
INSERT INTO recibir_Promo(CURP,Id_Promo) VALUES ('SAPH883684XPXYYX56',79);
INSERT INTO recibir_Promo(CURP,Id_Promo) VALUES ('YWHZ231910YPDDSX53',14);
INSERT INTO recibir_Promo(CURP,Id_Promo) VALUES ('DADK477291QIMUKB45',97);
INSERT INTO recibir_Promo(CURP,Id_Promo) VALUES ('MBEV622378EHBNUB11',68);
INSERT INTO recibir_Promo(CURP,Id_Promo) VALUES ('XLAA947857HDSDHA65',94);
INSERT INTO recibir_Promo(CURP,Id_Promo) VALUES ('JMJI509158RXJCZR76',92);
INSERT INTO recibir_Promo(CURP,Id_Promo) VALUES ('ICKD274844ZTQPAC71',58);
INSERT INTO recibir_Promo(CURP,Id_Promo) VALUES ('CKQT416923FTJOOG79',86);
INSERT INTO recibir_Promo(CURP,Id_Promo) VALUES ('UDNB658138GLCXWK17',52);
INSERT INTO recibir_Promo(CURP,Id_Promo) VALUES ('SGGC538211YLECJT60',94);
INSERT INTO recibir_Promo(CURP,Id_Promo) VALUES ('TUYC467868QNLOLG73',52);
INSERT INTO recibir_Promo(CURP,Id_Promo) VALUES ('TBNT133724DGBJJT10',29);
INSERT INTO recibir_Promo(CURP,Id_Promo) VALUES ('EQUK887358QSAOME68',98);
INSERT INTO recibir_Promo(CURP,Id_Promo) VALUES ('VAZA063542DTIGVC08',48);
INSERT INTO recibir_Promo(CURP,Id_Promo) VALUES ('ZEXG545185JIYOSE30',79);
INSERT INTO recibir_Promo(CURP,Id_Promo) VALUES ('AEQX465168PWZDZH17',58);
INSERT INTO recibir_Promo(CURP,Id_Promo) VALUES ('GLYF109106URYHWW93',50);
INSERT INTO recibir_Promo(CURP,Id_Promo) VALUES ('TUYC467868QNLOLG73',83);
INSERT INTO recibir_Promo(CURP,Id_Promo) VALUES ('FKWN319629ORUINV81',85);
INSERT INTO recibir_Promo(CURP,Id_Promo) VALUES ('KYDE625409UKWHRW68',72);
INSERT INTO recibir_Promo(CURP,Id_Promo) VALUES ('JEKC172153DEJFXF41',29);
INSERT INTO recibir_Promo(CURP,Id_Promo) VALUES ('MUPY156740MHHJLQ06',63);
INSERT INTO recibir_Promo(CURP,Id_Promo) VALUES ('XHKN967348VEKJEK02',69);
INSERT INTO recibir_Promo(CURP,Id_Promo) VALUES ('CJID564695VOEPDH55',80);
INSERT INTO recibir_Promo(CURP,Id_Promo) VALUES ('KWUF270332UJCODI42',4);

--TABLA RECIBIR_DESC
INSERT INTO recibir_Desc(CURP,Id_Desc) VALUES ('VOMU204468NEUSKK65',12);
INSERT INTO recibir_Desc(CURP,Id_Desc) VALUES ('ICKD274844ZTQPAC71',88);
INSERT INTO recibir_Desc(CURP,Id_Desc) VALUES ('TPUY647479VLZOTV45',56);
INSERT INTO recibir_Desc(CURP,Id_Desc) VALUES ('HMWF604075LVJXTS42',66);
INSERT INTO recibir_Desc(CURP,Id_Desc) VALUES ('SGXN532205TPTAHI13',58);
INSERT INTO recibir_Desc(CURP,Id_Desc) VALUES ('OOGS321614BKYFEV65',37);
INSERT INTO recibir_Desc(CURP,Id_Desc) VALUES ('HFJX182973GKZOAP69',61);
INSERT INTO recibir_Desc(CURP,Id_Desc) VALUES ('YUWE822425ZPTZHX45',76);
INSERT INTO recibir_Desc(CURP,Id_Desc) VALUES ('LSUY687743SUYSHM65',14);
INSERT INTO recibir_Desc(CURP,Id_Desc) VALUES ('RBQR974407ABJQMV06',44);
INSERT INTO recibir_Desc(CURP,Id_Desc) VALUES ('TBNT133724DGBJJT10',47);
INSERT INTO recibir_Desc(CURP,Id_Desc) VALUES ('KAXQ214057AFBOEW44',93);
INSERT INTO recibir_Desc(CURP,Id_Desc) VALUES ('RBQR974407ABJQMV06',71);
INSERT INTO recibir_Desc(CURP,Id_Desc) VALUES ('VNHO144246PZNJNV90',3);
INSERT INTO recibir_Desc(CURP,Id_Desc) VALUES ('YUWE822425ZPTZHX45',29);
INSERT INTO recibir_Desc(CURP,Id_Desc) VALUES ('WEBN117225EVFTDE29',17);
INSERT INTO recibir_Desc(CURP,Id_Desc) VALUES ('GLFX019664ZDUIMG01',87);
INSERT INTO recibir_Desc(CURP,Id_Desc) VALUES ('FFRM030547QTRKCL75',37);
INSERT INTO recibir_Desc(CURP,Id_Desc) VALUES ('WEBN117225EVFTDE29',61);
INSERT INTO recibir_Desc(CURP,Id_Desc) VALUES ('ICKD274844ZTQPAC71',52);
INSERT INTO recibir_Desc(CURP,Id_Desc) VALUES ('HFJX182973GKZOAP69',89);
INSERT INTO recibir_Desc(CURP,Id_Desc) VALUES ('LSUY687743SUYSHM65',74);
INSERT INTO recibir_Desc(CURP,Id_Desc) VALUES ('YUWE822425ZPTZHX45',65);
INSERT INTO recibir_Desc(CURP,Id_Desc) VALUES ('FFRM030547QTRKCL75',54);
INSERT INTO recibir_Desc(CURP,Id_Desc) VALUES ('AWVT436113DFZWMS23',49);
INSERT INTO recibir_Desc(CURP,Id_Desc) VALUES ('EKGS257075GQSNSN64',42);
INSERT INTO recibir_Desc(CURP,Id_Desc) VALUES ('VNHO144246PZNJNV90',66);
INSERT INTO recibir_Desc(CURP,Id_Desc) VALUES ('EQUK887358QSAOME68',19);
INSERT INTO recibir_Desc(CURP,Id_Desc) VALUES ('WEBN117225EVFTDE29',43);
INSERT INTO recibir_Desc(CURP,Id_Desc) VALUES ('HFJX182973GKZOAP69',43);
INSERT INTO recibir_Desc(CURP,Id_Desc) VALUES ('FFRM030547QTRKCL75',45);
INSERT INTO recibir_Desc(CURP,Id_Desc) VALUES ('BMBW029311WSYUNT48',84);
INSERT INTO recibir_Desc(CURP,Id_Desc) VALUES ('KNUD230727QKLAJJ47',51);
INSERT INTO recibir_Desc(CURP,Id_Desc) VALUES ('CWXJ107795ZPLILI81',57);
INSERT INTO recibir_Desc(CURP,Id_Desc) VALUES ('KAXQ214057AFBOEW44',47);
INSERT INTO recibir_Desc(CURP,Id_Desc) VALUES ('LKXB754121YKMFWH30',4);
INSERT INTO recibir_Desc(CURP,Id_Desc) VALUES ('DADK477291QIMUKB45',35);
INSERT INTO recibir_Desc(CURP,Id_Desc) VALUES ('OOGS321614BKYFEV65',68);
INSERT INTO recibir_Desc(CURP,Id_Desc) VALUES ('VWIL590879VQXCLF40',51);
INSERT INTO recibir_Desc(CURP,Id_Desc) VALUES ('AMZO879309WMXTOG73',93);
INSERT INTO recibir_Desc(CURP,Id_Desc) VALUES ('CWXJ107795ZPLILI81',26);
INSERT INTO recibir_Desc(CURP,Id_Desc) VALUES ('KAXQ214057AFBOEW44',91);
INSERT INTO recibir_Desc(CURP,Id_Desc) VALUES ('ZBLD452689PPFCTA09',73);
INSERT INTO recibir_Desc(CURP,Id_Desc) VALUES ('AGKN604503ZEZOII74',43);
INSERT INTO recibir_Desc(CURP,Id_Desc) VALUES ('JRIN792719IZATRO21',97);
INSERT INTO recibir_Desc(CURP,Id_Desc) VALUES ('ZEXG545185JIYOSE30',34);
INSERT INTO recibir_Desc(CURP,Id_Desc) VALUES ('RBQR974407ABJQMV06',78);
INSERT INTO recibir_Desc(CURP,Id_Desc) VALUES ('YWHZ231910YPDDSX53',10);
INSERT INTO recibir_Desc(CURP,Id_Desc) VALUES ('LYYK143730PXMFMV42',18);
INSERT INTO recibir_Desc(CURP,Id_Desc) VALUES ('SAPH883684XPXYYX56',82);
INSERT INTO recibir_Desc(CURP,Id_Desc) VALUES ('UUVT364170YCTNPX59',52);
INSERT INTO recibir_Desc(CURP,Id_Desc) VALUES ('SGGC538211YLECJT60',50);
INSERT INTO recibir_Desc(CURP,Id_Desc) VALUES ('VAZA063542DTIGVC08',73);
INSERT INTO recibir_Desc(CURP,Id_Desc) VALUES ('KHDA717872FQKHCH34',32);
INSERT INTO recibir_Desc(CURP,Id_Desc) VALUES ('RBQR974407ABJQMV06',21);
INSERT INTO recibir_Desc(CURP,Id_Desc) VALUES ('JWWF687250ADJAFR47',79);
INSERT INTO recibir_Desc(CURP,Id_Desc) VALUES ('LDMX057604IXOHLS53',72);
INSERT INTO recibir_Desc(CURP,Id_Desc) VALUES ('VNHO144246PZNJNV90',45);
INSERT INTO recibir_Desc(CURP,Id_Desc) VALUES ('KHDA717872FQKHCH34',17);
INSERT INTO recibir_Desc(CURP,Id_Desc) VALUES ('CKQT416923FTJOOG79',42);
INSERT INTO recibir_Desc(CURP,Id_Desc) VALUES ('OJZC294570KHATSL35',28);
INSERT INTO recibir_Desc(CURP,Id_Desc) VALUES ('HMWF604075LVJXTS42',33);
INSERT INTO recibir_Desc(CURP,Id_Desc) VALUES ('VOMU204468NEUSKK65',4);
INSERT INTO recibir_Desc(CURP,Id_Desc) VALUES ('XHKN967348VEKJEK02',56);
INSERT INTO recibir_Desc(CURP,Id_Desc) VALUES ('VOMU204468NEUSKK65',8);
INSERT INTO recibir_Desc(CURP,Id_Desc) VALUES ('KYDE625409UKWHRW68',2);
INSERT INTO recibir_Desc(CURP,Id_Desc) VALUES ('AGKN604503ZEZOII74',38);
INSERT INTO recibir_Desc(CURP,Id_Desc) VALUES ('LKXB754121YKMFWH30',47);
INSERT INTO recibir_Desc(CURP,Id_Desc) VALUES ('UQUW280839XPXHYO18',48);
INSERT INTO recibir_Desc(CURP,Id_Desc) VALUES ('XHKN967348VEKJEK02',37);
INSERT INTO recibir_Desc(CURP,Id_Desc) VALUES ('OJZC294570KHATSL35',97);
INSERT INTO recibir_Desc(CURP,Id_Desc) VALUES ('KYDE625409UKWHRW68',52);
INSERT INTO recibir_Desc(CURP,Id_Desc) VALUES ('KAXQ214057AFBOEW44',80);
INSERT INTO recibir_Desc(CURP,Id_Desc) VALUES ('FFRM030547QTRKCL75',91);
INSERT INTO recibir_Desc(CURP,Id_Desc) VALUES ('OUUN259373WQOXNB07',23);
INSERT INTO recibir_Desc(CURP,Id_Desc) VALUES ('EQWO975166MAAYTB37',63);
INSERT INTO recibir_Desc(CURP,Id_Desc) VALUES ('AMZO879309WMXTOG73',82);
INSERT INTO recibir_Desc(CURP,Id_Desc) VALUES ('YNHG346710AEYEPR74',63);
INSERT INTO recibir_Desc(CURP,Id_Desc) VALUES ('GZYL371625TXGPNC51',26);
INSERT INTO recibir_Desc(CURP,Id_Desc) VALUES ('MYZI648893HPRZRK19',71);
INSERT INTO recibir_Desc(CURP,Id_Desc) VALUES ('UQUW280839XPXHYO18',1);
INSERT INTO recibir_Desc(CURP,Id_Desc) VALUES ('XHKN967348VEKJEK02',82);
INSERT INTO recibir_Desc(CURP,Id_Desc) VALUES ('SNHB732437KCTANA80',67);
INSERT INTO recibir_Desc(CURP,Id_Desc) VALUES ('MUPY156740MHHJLQ06',8);
INSERT INTO recibir_Desc(CURP,Id_Desc) VALUES ('YNHG346710AEYEPR74',48);
INSERT INTO recibir_Desc(CURP,Id_Desc) VALUES ('VAZA063542DTIGVC08',13);
INSERT INTO recibir_Desc(CURP,Id_Desc) VALUES ('VAXB403614RDQZIU83',41);
INSERT INTO recibir_Desc(CURP,Id_Desc) VALUES ('KHDA717872FQKHCH34',85);
INSERT INTO recibir_Desc(CURP,Id_Desc) VALUES ('VNNS103082OPKCWQ85',33);
INSERT INTO recibir_Desc(CURP,Id_Desc) VALUES ('QDRA733534NQFJSO90',89);
INSERT INTO recibir_Desc(CURP,Id_Desc) VALUES ('FFRM030547QTRKCL75',100);
INSERT INTO recibir_Desc(CURP,Id_Desc) VALUES ('HRFI604029EIPLNK04',97);
INSERT INTO recibir_Desc(CURP,Id_Desc) VALUES ('UDNB658138GLCXWK17',30);
INSERT INTO recibir_Desc(CURP,Id_Desc) VALUES ('TZMV668764YAKXCO99',85);
INSERT INTO recibir_Desc(CURP,Id_Desc) VALUES ('SFLP766257YZSRPG41',1);
INSERT INTO recibir_Desc(CURP,Id_Desc) VALUES ('VWIL590879VQXCLF40',68);
INSERT INTO recibir_Desc(CURP,Id_Desc) VALUES ('TUYC467868QNLOLG73',89);
INSERT INTO recibir_Desc(CURP,Id_Desc) VALUES ('SOQN334996EYNXKJ85',21);
INSERT INTO recibir_Desc(CURP,Id_Desc) VALUES ('EUYI051511CRNGCJ76',39);
INSERT INTO recibir_Desc(CURP,Id_Desc) VALUES ('ZBLD452689PPFCTA09',25);
INSERT INTO recibir_Desc(CURP,Id_Desc) VALUES ('YUWE822425ZPTZHX45',96);
INSERT INTO recibir_Desc(CURP,Id_Desc) VALUES ('AHIU658776BHZVLR52',75);
INSERT INTO recibir_Desc(CURP,Id_Desc) VALUES ('OOGS321614BKYFEV65',1);
INSERT INTO recibir_Desc(CURP,Id_Desc) VALUES ('QDRA733534NQFJSO90',87);
INSERT INTO recibir_Desc(CURP,Id_Desc) VALUES ('XOOP595603XCYDPZ72',96);
INSERT INTO recibir_Desc(CURP,Id_Desc) VALUES ('ZPYC793203MDLPCA50',10);
INSERT INTO recibir_Desc(CURP,Id_Desc) VALUES ('JRIN792719IZATRO21',32);
INSERT INTO recibir_Desc(CURP,Id_Desc) VALUES ('TXYX466795ZAWQNL05',53);
INSERT INTO recibir_Desc(CURP,Id_Desc) VALUES ('PPZX494266TGCNQF11',62);
INSERT INTO recibir_Desc(CURP,Id_Desc) VALUES ('ICKD274844ZTQPAC71',89);
INSERT INTO recibir_Desc(CURP,Id_Desc) VALUES ('FPBE214145VPZANR14',45);
INSERT INTO recibir_Desc(CURP,Id_Desc) VALUES ('ULFT460745EJINST69',15);
INSERT INTO recibir_Desc(CURP,Id_Desc) VALUES ('LSUY687743SUYSHM65',11);
INSERT INTO recibir_Desc(CURP,Id_Desc) VALUES ('SDLW732875PYJUJW88',99);
INSERT INTO recibir_Desc(CURP,Id_Desc) VALUES ('TZMV668764YAKXCO99',63);
INSERT INTO recibir_Desc(CURP,Id_Desc) VALUES ('XVDV044391BBUEZF53',10);
INSERT INTO recibir_Desc(CURP,Id_Desc) VALUES ('UDNB658138GLCXWK17',12);
INSERT INTO recibir_Desc(CURP,Id_Desc) VALUES ('KNUD230727QKLAJJ47',73);
INSERT INTO recibir_Desc(CURP,Id_Desc) VALUES ('AHIU658776BHZVLR52',83);
INSERT INTO recibir_Desc(CURP,Id_Desc) VALUES ('UQUW280839XPXHYO18',88);
INSERT INTO recibir_Desc(CURP,Id_Desc) VALUES ('GLYF109106URYHWW93',51);
INSERT INTO recibir_Desc(CURP,Id_Desc) VALUES ('GLYF109106URYHWW93',70);
INSERT INTO recibir_Desc(CURP,Id_Desc) VALUES ('SOQN334996EYNXKJ85',30);
INSERT INTO recibir_Desc(CURP,Id_Desc) VALUES ('IGAX733890TOELTU18',68);
INSERT INTO recibir_Desc(CURP,Id_Desc) VALUES ('VAXB403614RDQZIU83',29);
INSERT INTO recibir_Desc(CURP,Id_Desc) VALUES ('TPUY647479VLZOTV45',30);
INSERT INTO recibir_Desc(CURP,Id_Desc) VALUES ('TPUY647479VLZOTV45',9);
INSERT INTO recibir_Desc(CURP,Id_Desc) VALUES ('WEBN117225EVFTDE29',54);
INSERT INTO recibir_Desc(CURP,Id_Desc) VALUES ('ZPYC793203MDLPCA50',40);
INSERT INTO recibir_Desc(CURP,Id_Desc) VALUES ('YZUY849364MVCUJR09',71);
INSERT INTO recibir_Desc(CURP,Id_Desc) VALUES ('HMWF604075LVJXTS42',67);
INSERT INTO recibir_Desc(CURP,Id_Desc) VALUES ('CJID564695VOEPDH55',61);
INSERT INTO recibir_Desc(CURP,Id_Desc) VALUES ('LDMX057604IXOHLS53',6);
INSERT INTO recibir_Desc(CURP,Id_Desc) VALUES ('GZYL371625TXGPNC51',71);
INSERT INTO recibir_Desc(CURP,Id_Desc) VALUES ('UDNB658138GLCXWK17',79);
INSERT INTO recibir_Desc(CURP,Id_Desc) VALUES ('JEKC172153DEJFXF41',69);
INSERT INTO recibir_Desc(CURP,Id_Desc) VALUES ('QZHW140881RLMNGN43',47);
INSERT INTO recibir_Desc(CURP,Id_Desc) VALUES ('XFMX283818TMOOFO41',29);
INSERT INTO recibir_Desc(CURP,Id_Desc) VALUES ('EQUK887358QSAOME68',99);
INSERT INTO recibir_Desc(CURP,Id_Desc) VALUES ('CKQT416923FTJOOG79',46);
INSERT INTO recibir_Desc(CURP,Id_Desc) VALUES ('ICKD274844ZTQPAC71',55);
INSERT INTO recibir_Desc(CURP,Id_Desc) VALUES ('YLWS620183GRDAJD31',34);
INSERT INTO recibir_Desc(CURP,Id_Desc) VALUES ('FFRM030547QTRKCL75',81);
INSERT INTO recibir_Desc(CURP,Id_Desc) VALUES ('SGGC538211YLECJT60',31);
INSERT INTO recibir_Desc(CURP,Id_Desc) VALUES ('EUYI051511CRNGCJ76',91);
INSERT INTO recibir_Desc(CURP,Id_Desc) VALUES ('SONB105542ZLTNUY20',97);
INSERT INTO recibir_Desc(CURP,Id_Desc) VALUES ('ZEXG545185JIYOSE30',8);
INSERT INTO recibir_Desc(CURP,Id_Desc) VALUES ('YLWS620183GRDAJD31',60);
INSERT INTO recibir_Desc(CURP,Id_Desc) VALUES ('AMZO879309WMXTOG73',24);
INSERT INTO recibir_Desc(CURP,Id_Desc) VALUES ('KAXQ214057AFBOEW44',23);
INSERT INTO recibir_Desc(CURP,Id_Desc) VALUES ('FFRM030547QTRKCL75',70);
INSERT INTO recibir_Desc(CURP,Id_Desc) VALUES ('TWML412744EGSOHK00',68);
INSERT INTO recibir_Desc(CURP,Id_Desc) VALUES ('PVRG878125JVHPXM04',2);
INSERT INTO recibir_Desc(CURP,Id_Desc) VALUES ('KHDA717872FQKHCH34',19);
INSERT INTO recibir_Desc(CURP,Id_Desc) VALUES ('UDNB658138GLCXWK17',73);
INSERT INTO recibir_Desc(CURP,Id_Desc) VALUES ('VOMU204468NEUSKK65',33);
INSERT INTO recibir_Desc(CURP,Id_Desc) VALUES ('VOMU204468NEUSKK65',58);
INSERT INTO recibir_Desc(CURP,Id_Desc) VALUES ('OOGS321614BKYFEV65',18);
INSERT INTO recibir_Desc(CURP,Id_Desc) VALUES ('HRFI604029EIPLNK04',65);
INSERT INTO recibir_Desc(CURP,Id_Desc) VALUES ('XKSK907624GVKKCD37',37);
INSERT INTO recibir_Desc(CURP,Id_Desc) VALUES ('KHDA717872FQKHCH34',1);
INSERT INTO recibir_Desc(CURP,Id_Desc) VALUES ('JRIN792719IZATRO21',10);
INSERT INTO recibir_Desc(CURP,Id_Desc) VALUES ('VWIL590879VQXCLF40',96);
INSERT INTO recibir_Desc(CURP,Id_Desc) VALUES ('YZUY849364MVCUJR09',64);
INSERT INTO recibir_Desc(CURP,Id_Desc) VALUES ('QZHW140881RLMNGN43',42);
INSERT INTO recibir_Desc(CURP,Id_Desc) VALUES ('TZMV668764YAKXCO99',60);
INSERT INTO recibir_Desc(CURP,Id_Desc) VALUES ('EQUK887358QSAOME68',82);
INSERT INTO recibir_Desc(CURP,Id_Desc) VALUES ('AMZO879309WMXTOG73',72);
INSERT INTO recibir_Desc(CURP,Id_Desc) VALUES ('JEKC172153DEJFXF41',75);
INSERT INTO recibir_Desc(CURP,Id_Desc) VALUES ('SGGC538211YLECJT60',68);
INSERT INTO recibir_Desc(CURP,Id_Desc) VALUES ('MYZI648893HPRZRK19',86);
INSERT INTO recibir_Desc(CURP,Id_Desc) VALUES ('PVRG878125JVHPXM04',22);
INSERT INTO recibir_Desc(CURP,Id_Desc) VALUES ('EUYI051511CRNGCJ76',45);
INSERT INTO recibir_Desc(CURP,Id_Desc) VALUES ('XKSK907624GVKKCD37',58);
INSERT INTO recibir_Desc(CURP,Id_Desc) VALUES ('WEBN117225EVFTDE29',29);
INSERT INTO recibir_Desc(CURP,Id_Desc) VALUES ('ZCDK397690PVVJOV67',59);
INSERT INTO recibir_Desc(CURP,Id_Desc) VALUES ('ZBLD452689PPFCTA09',40);
INSERT INTO recibir_Desc(CURP,Id_Desc) VALUES ('OOGS321614BKYFEV65',40);
INSERT INTO recibir_Desc(CURP,Id_Desc) VALUES ('XVDV044391BBUEZF53',51);
INSERT INTO recibir_Desc(CURP,Id_Desc) VALUES ('SMHA617525KWOXET21',87);
INSERT INTO recibir_Desc(CURP,Id_Desc) VALUES ('JWWF687250ADJAFR47',35);
INSERT INTO recibir_Desc(CURP,Id_Desc) VALUES ('OOGS321614BKYFEV65',4);
INSERT INTO recibir_Desc(CURP,Id_Desc) VALUES ('LKXB754121YKMFWH30',34);
INSERT INTO recibir_Desc(CURP,Id_Desc) VALUES ('XKSK907624GVKKCD37',43);
INSERT INTO recibir_Desc(CURP,Id_Desc) VALUES ('PPZX494266TGCNQF11',89);
INSERT INTO recibir_Desc(CURP,Id_Desc) VALUES ('CJID564695VOEPDH55',6);
INSERT INTO recibir_Desc(CURP,Id_Desc) VALUES ('ZBLD452689PPFCTA09',39);
INSERT INTO recibir_Desc(CURP,Id_Desc) VALUES ('IRPS913715XIBLUH97',32);
INSERT INTO recibir_Desc(CURP,Id_Desc) VALUES ('EQUK887358QSAOME68',58);
INSERT INTO recibir_Desc(CURP,Id_Desc) VALUES ('FPBE214145VPZANR14',4);
INSERT INTO recibir_Desc(CURP,Id_Desc) VALUES ('KAXQ214057AFBOEW44',65);
INSERT INTO recibir_Desc(CURP,Id_Desc) VALUES ('XKSK907624GVKKCD37',81);
INSERT INTO recibir_Desc(CURP,Id_Desc) VALUES ('JWWF687250ADJAFR47',49);
INSERT INTO recibir_Desc(CURP,Id_Desc) VALUES ('ZQEV159470TEZBXW21',52);
INSERT INTO recibir_Desc(CURP,Id_Desc) VALUES ('AWVT436113DFZWMS23',9);
INSERT INTO recibir_Desc(CURP,Id_Desc) VALUES ('GLYF109106URYHWW93',62);
INSERT INTO recibir_Desc(CURP,Id_Desc) VALUES ('JEKC172153DEJFXF41',82);

--TABLA RECIBIR_NOTI_EVEN
INSERT INTO recibir_Noti_Even(CURP,Id_Noti_Evento) VALUES ('YNHG346710AEYEPR74',67);
INSERT INTO recibir_Noti_Even(CURP,Id_Noti_Evento) VALUES ('ULFT460745EJINST69',84);
INSERT INTO recibir_Noti_Even(CURP,Id_Noti_Evento) VALUES ('ZEXG545185JIYOSE30',55);
INSERT INTO recibir_Noti_Even(CURP,Id_Noti_Evento) VALUES ('IGAX733890TOELTU18',62);
INSERT INTO recibir_Noti_Even(CURP,Id_Noti_Evento) VALUES ('LDMX057604IXOHLS53',59);
INSERT INTO recibir_Noti_Even(CURP,Id_Noti_Evento) VALUES ('UUVT364170YCTNPX59',63);
INSERT INTO recibir_Noti_Even(CURP,Id_Noti_Evento) VALUES ('TPUY647479VLZOTV45',72);
INSERT INTO recibir_Noti_Even(CURP,Id_Noti_Evento) VALUES ('SNHB732437KCTANA80',94);
INSERT INTO recibir_Noti_Even(CURP,Id_Noti_Evento) VALUES ('ZCDK397690PVVJOV67',80);
INSERT INTO recibir_Noti_Even(CURP,Id_Noti_Evento) VALUES ('LSUY687743SUYSHM65',88);
INSERT INTO recibir_Noti_Even(CURP,Id_Noti_Evento) VALUES ('YWHZ231910YPDDSX53',29);
INSERT INTO recibir_Noti_Even(CURP,Id_Noti_Evento) VALUES ('SIRY386689JQDTSH51',79);
INSERT INTO recibir_Noti_Even(CURP,Id_Noti_Evento) VALUES ('SGXN532205TPTAHI13',77);
INSERT INTO recibir_Noti_Even(CURP,Id_Noti_Evento) VALUES ('EAHG013511ECYJFB21',77);
INSERT INTO recibir_Noti_Even(CURP,Id_Noti_Evento) VALUES ('VWIL590879VQXCLF40',7);
INSERT INTO recibir_Noti_Even(CURP,Id_Noti_Evento) VALUES ('IGAX733890TOELTU18',32);
INSERT INTO recibir_Noti_Even(CURP,Id_Noti_Evento) VALUES ('KYDE625409UKWHRW68',7);
INSERT INTO recibir_Noti_Even(CURP,Id_Noti_Evento) VALUES ('IONC919934QJOWYD53',47);
INSERT INTO recibir_Noti_Even(CURP,Id_Noti_Evento) VALUES ('SFLP766257YZSRPG41',35);
INSERT INTO recibir_Noti_Even(CURP,Id_Noti_Evento) VALUES ('JMJI509158RXJCZR76',63);
INSERT INTO recibir_Noti_Even(CURP,Id_Noti_Evento) VALUES ('PPZX494266TGCNQF11',30);
INSERT INTO recibir_Noti_Even(CURP,Id_Noti_Evento) VALUES ('BMBW029311WSYUNT48',6);
INSERT INTO recibir_Noti_Even(CURP,Id_Noti_Evento) VALUES ('BMBW029311WSYUNT48',16);
INSERT INTO recibir_Noti_Even(CURP,Id_Noti_Evento) VALUES ('WEBN117225EVFTDE29',96);
INSERT INTO recibir_Noti_Even(CURP,Id_Noti_Evento) VALUES ('ZBLD452689PPFCTA09',55);
INSERT INTO recibir_Noti_Even(CURP,Id_Noti_Evento) VALUES ('CWXJ107795ZPLILI81',100);
INSERT INTO recibir_Noti_Even(CURP,Id_Noti_Evento) VALUES ('VNNS103082OPKCWQ85',52);
INSERT INTO recibir_Noti_Even(CURP,Id_Noti_Evento) VALUES ('WEBN117225EVFTDE29',34);
INSERT INTO recibir_Noti_Even(CURP,Id_Noti_Evento) VALUES ('LDMX057604IXOHLS53',36);
INSERT INTO recibir_Noti_Even(CURP,Id_Noti_Evento) VALUES ('DADK477291QIMUKB45',3);
INSERT INTO recibir_Noti_Even(CURP,Id_Noti_Evento) VALUES ('VAZA063542DTIGVC08',17);
INSERT INTO recibir_Noti_Even(CURP,Id_Noti_Evento) VALUES ('SFLP766257YZSRPG41',85);
INSERT INTO recibir_Noti_Even(CURP,Id_Noti_Evento) VALUES ('PVRG878125JVHPXM04',94);
INSERT INTO recibir_Noti_Even(CURP,Id_Noti_Evento) VALUES ('FFRM030547QTRKCL75',18);
INSERT INTO recibir_Noti_Even(CURP,Id_Noti_Evento) VALUES ('MUPY156740MHHJLQ06',89);
INSERT INTO recibir_Noti_Even(CURP,Id_Noti_Evento) VALUES ('XLAA947857HDSDHA65',2);
INSERT INTO recibir_Noti_Even(CURP,Id_Noti_Evento) VALUES ('CJID564695VOEPDH55',14);
INSERT INTO recibir_Noti_Even(CURP,Id_Noti_Evento) VALUES ('VAXB403614RDQZIU83',93);
INSERT INTO recibir_Noti_Even(CURP,Id_Noti_Evento) VALUES ('SGGC538211YLECJT60',19);
INSERT INTO recibir_Noti_Even(CURP,Id_Noti_Evento) VALUES ('LSUY687743SUYSHM65',60);
INSERT INTO recibir_Noti_Even(CURP,Id_Noti_Evento) VALUES ('AGKN604503ZEZOII74',69);
INSERT INTO recibir_Noti_Even(CURP,Id_Noti_Evento) VALUES ('QOEG346379UTTIPE02',18);
INSERT INTO recibir_Noti_Even(CURP,Id_Noti_Evento) VALUES ('KYDE625409UKWHRW68',43);
INSERT INTO recibir_Noti_Even(CURP,Id_Noti_Evento) VALUES ('YNHG346710AEYEPR74',13);
INSERT INTO recibir_Noti_Even(CURP,Id_Noti_Evento) VALUES ('GLYF109106URYHWW93',64);
INSERT INTO recibir_Noti_Even(CURP,Id_Noti_Evento) VALUES ('XHKN967348VEKJEK02',3);
INSERT INTO recibir_Noti_Even(CURP,Id_Noti_Evento) VALUES ('YWHZ231910YPDDSX53',45);
INSERT INTO recibir_Noti_Even(CURP,Id_Noti_Evento) VALUES ('MUPY156740MHHJLQ06',53);
INSERT INTO recibir_Noti_Even(CURP,Id_Noti_Evento) VALUES ('XFMX283818TMOOFO41',11);
INSERT INTO recibir_Noti_Even(CURP,Id_Noti_Evento) VALUES ('AWVT436113DFZWMS23',50);
INSERT INTO recibir_Noti_Even(CURP,Id_Noti_Evento) VALUES ('AWVT436113DFZWMS23',89);
INSERT INTO recibir_Noti_Even(CURP,Id_Noti_Evento) VALUES ('EKGS257075GQSNSN64',8);
INSERT INTO recibir_Noti_Even(CURP,Id_Noti_Evento) VALUES ('BXZI709362NJDULY24',66);
INSERT INTO recibir_Noti_Even(CURP,Id_Noti_Evento) VALUES ('HMWF604075LVJXTS42',9);
INSERT INTO recibir_Noti_Even(CURP,Id_Noti_Evento) VALUES ('JWWF687250ADJAFR47',30);
INSERT INTO recibir_Noti_Even(CURP,Id_Noti_Evento) VALUES ('SDLW732875PYJUJW88',95);
INSERT INTO recibir_Noti_Even(CURP,Id_Noti_Evento) VALUES ('VNHO144246PZNJNV90',47);
INSERT INTO recibir_Noti_Even(CURP,Id_Noti_Evento) VALUES ('SOQN334996EYNXKJ85',32);
INSERT INTO recibir_Noti_Even(CURP,Id_Noti_Evento) VALUES ('XLAA947857HDSDHA65',44);
INSERT INTO recibir_Noti_Even(CURP,Id_Noti_Evento) VALUES ('SMHA617525KWOXET21',42);
INSERT INTO recibir_Noti_Even(CURP,Id_Noti_Evento) VALUES ('TPUY647479VLZOTV45',99);
INSERT INTO recibir_Noti_Even(CURP,Id_Noti_Evento) VALUES ('KHDA717872FQKHCH34',90);
INSERT INTO recibir_Noti_Even(CURP,Id_Noti_Evento) VALUES ('TXYX466795ZAWQNL05',17);
INSERT INTO recibir_Noti_Even(CURP,Id_Noti_Evento) VALUES ('SIRY386689JQDTSH51',40);
INSERT INTO recibir_Noti_Even(CURP,Id_Noti_Evento) VALUES ('FWNY918683YSEBQV99',38);
INSERT INTO recibir_Noti_Even(CURP,Id_Noti_Evento) VALUES ('KWUF270332UJCODI42',54);
INSERT INTO recibir_Noti_Even(CURP,Id_Noti_Evento) VALUES ('QZHW140881RLMNGN43',100);
INSERT INTO recibir_Noti_Even(CURP,Id_Noti_Evento) VALUES ('RBQR974407ABJQMV06',35);
INSERT INTO recibir_Noti_Even(CURP,Id_Noti_Evento) VALUES ('GZYL371625TXGPNC51',36);
INSERT INTO recibir_Noti_Even(CURP,Id_Noti_Evento) VALUES ('KAXQ214057AFBOEW44',23);
INSERT INTO recibir_Noti_Even(CURP,Id_Noti_Evento) VALUES ('SONB105542ZLTNUY20',23);
INSERT INTO recibir_Noti_Even(CURP,Id_Noti_Evento) VALUES ('YLWS620183GRDAJD31',38);
INSERT INTO recibir_Noti_Even(CURP,Id_Noti_Evento) VALUES ('MBEV622378EHBNUB11',92);
INSERT INTO recibir_Noti_Even(CURP,Id_Noti_Evento) VALUES ('SGXN532205TPTAHI13',83);
INSERT INTO recibir_Noti_Even(CURP,Id_Noti_Evento) VALUES ('SMHA617525KWOXET21',7);
INSERT INTO recibir_Noti_Even(CURP,Id_Noti_Evento) VALUES ('KNUD230727QKLAJJ47',96);
INSERT INTO recibir_Noti_Even(CURP,Id_Noti_Evento) VALUES ('JWWF687250ADJAFR47',86);
INSERT INTO recibir_Noti_Even(CURP,Id_Noti_Evento) VALUES ('JEKC172153DEJFXF41',92);
INSERT INTO recibir_Noti_Even(CURP,Id_Noti_Evento) VALUES ('VAXB403614RDQZIU83',8);
INSERT INTO recibir_Noti_Even(CURP,Id_Noti_Evento) VALUES ('CKQT416923FTJOOG79',73);
INSERT INTO recibir_Noti_Even(CURP,Id_Noti_Evento) VALUES ('TWML412744EGSOHK00',75);
INSERT INTO recibir_Noti_Even(CURP,Id_Noti_Evento) VALUES ('EKGS257075GQSNSN64',76);
INSERT INTO recibir_Noti_Even(CURP,Id_Noti_Evento) VALUES ('SOQN334996EYNXKJ85',69);
INSERT INTO recibir_Noti_Even(CURP,Id_Noti_Evento) VALUES ('FPBE214145VPZANR14',85);
INSERT INTO recibir_Noti_Even(CURP,Id_Noti_Evento) VALUES ('WEBN117225EVFTDE29',16);
INSERT INTO recibir_Noti_Even(CURP,Id_Noti_Evento) VALUES ('OOGS321614BKYFEV65',80);
INSERT INTO recibir_Noti_Even(CURP,Id_Noti_Evento) VALUES ('LDMX057604IXOHLS53',28);
INSERT INTO recibir_Noti_Even(CURP,Id_Noti_Evento) VALUES ('VAXB403614RDQZIU83',82);
INSERT INTO recibir_Noti_Even(CURP,Id_Noti_Evento) VALUES ('AHIU658776BHZVLR52',9);
INSERT INTO recibir_Noti_Even(CURP,Id_Noti_Evento) VALUES ('VNNS103082OPKCWQ85',17);
INSERT INTO recibir_Noti_Even(CURP,Id_Noti_Evento) VALUES ('VWIL590879VQXCLF40',26);
INSERT INTO recibir_Noti_Even(CURP,Id_Noti_Evento) VALUES ('ZEXG545185JIYOSE30',27);
INSERT INTO recibir_Noti_Even(CURP,Id_Noti_Evento) VALUES ('UUVT364170YCTNPX59',57);
INSERT INTO recibir_Noti_Even(CURP,Id_Noti_Evento) VALUES ('ZEXG545185JIYOSE30',28);
INSERT INTO recibir_Noti_Even(CURP,Id_Noti_Evento) VALUES ('KHDA717872FQKHCH34',59);
INSERT INTO recibir_Noti_Even(CURP,Id_Noti_Evento) VALUES ('EQUK887358QSAOME68',97);
INSERT INTO recibir_Noti_Even(CURP,Id_Noti_Evento) VALUES ('FPBE214145VPZANR14',98);
INSERT INTO recibir_Noti_Even(CURP,Id_Noti_Evento) VALUES ('BMBW029311WSYUNT48',21);
INSERT INTO recibir_Noti_Even(CURP,Id_Noti_Evento) VALUES ('WGFC986417VPONQZ88',51);
INSERT INTO recibir_Noti_Even(CURP,Id_Noti_Evento) VALUES ('UQUW280839XPXHYO18',23);
INSERT INTO recibir_Noti_Even(CURP,Id_Noti_Evento) VALUES ('PVRG878125JVHPXM04',61);
INSERT INTO recibir_Noti_Even(CURP,Id_Noti_Evento) VALUES ('MBEV622378EHBNUB11',89);
INSERT INTO recibir_Noti_Even(CURP,Id_Noti_Evento) VALUES ('UUVT364170YCTNPX59',18);
INSERT INTO recibir_Noti_Even(CURP,Id_Noti_Evento) VALUES ('YZUY849364MVCUJR09',75);
INSERT INTO recibir_Noti_Even(CURP,Id_Noti_Evento) VALUES ('SOQN334996EYNXKJ85',21);
INSERT INTO recibir_Noti_Even(CURP,Id_Noti_Evento) VALUES ('SMHA617525KWOXET21',95);
INSERT INTO recibir_Noti_Even(CURP,Id_Noti_Evento) VALUES ('XKSK907624GVKKCD37',93);
INSERT INTO recibir_Noti_Even(CURP,Id_Noti_Evento) VALUES ('SGXN532205TPTAHI13',87);
INSERT INTO recibir_Noti_Even(CURP,Id_Noti_Evento) VALUES ('TXYX466795ZAWQNL05',76);
INSERT INTO recibir_Noti_Even(CURP,Id_Noti_Evento) VALUES ('JWWF687250ADJAFR47',62);
INSERT INTO recibir_Noti_Even(CURP,Id_Noti_Evento) VALUES ('EQUK887358QSAOME68',74);
INSERT INTO recibir_Noti_Even(CURP,Id_Noti_Evento) VALUES ('EKGS257075GQSNSN64',98);
INSERT INTO recibir_Noti_Even(CURP,Id_Noti_Evento) VALUES ('ZQEV159470TEZBXW21',93);
INSERT INTO recibir_Noti_Even(CURP,Id_Noti_Evento) VALUES ('TZMV668764YAKXCO99',56);
INSERT INTO recibir_Noti_Even(CURP,Id_Noti_Evento) VALUES ('FKWN319629ORUINV81',73);
INSERT INTO recibir_Noti_Even(CURP,Id_Noti_Evento) VALUES ('TPUY647479VLZOTV45',58);
INSERT INTO recibir_Noti_Even(CURP,Id_Noti_Evento) VALUES ('VAZA063542DTIGVC08',81);
INSERT INTO recibir_Noti_Even(CURP,Id_Noti_Evento) VALUES ('SGGC538211YLECJT60',34);
INSERT INTO recibir_Noti_Even(CURP,Id_Noti_Evento) VALUES ('YNHG346710AEYEPR74',74);
INSERT INTO recibir_Noti_Even(CURP,Id_Noti_Evento) VALUES ('SDLW732875PYJUJW88',45);
INSERT INTO recibir_Noti_Even(CURP,Id_Noti_Evento) VALUES ('IGAX733890TOELTU18',3);
INSERT INTO recibir_Noti_Even(CURP,Id_Noti_Evento) VALUES ('VAZA063542DTIGVC08',7);
INSERT INTO recibir_Noti_Even(CURP,Id_Noti_Evento) VALUES ('ZBLD452689PPFCTA09',71);
INSERT INTO recibir_Noti_Even(CURP,Id_Noti_Evento) VALUES ('YUWE822425ZPTZHX45',54);
INSERT INTO recibir_Noti_Even(CURP,Id_Noti_Evento) VALUES ('AEQX465168PWZDZH17',49);
INSERT INTO recibir_Noti_Even(CURP,Id_Noti_Evento) VALUES ('XLAA947857HDSDHA65',91);
INSERT INTO recibir_Noti_Even(CURP,Id_Noti_Evento) VALUES ('LSUY687743SUYSHM65',89);
INSERT INTO recibir_Noti_Even(CURP,Id_Noti_Evento) VALUES ('CJID564695VOEPDH55',22);
INSERT INTO recibir_Noti_Even(CURP,Id_Noti_Evento) VALUES ('FWNY918683YSEBQV99',6);
INSERT INTO recibir_Noti_Even(CURP,Id_Noti_Evento) VALUES ('UDNB658138GLCXWK17',61);
INSERT INTO recibir_Noti_Even(CURP,Id_Noti_Evento) VALUES ('QZHW140881RLMNGN43',82);
INSERT INTO recibir_Noti_Even(CURP,Id_Noti_Evento) VALUES ('KWUF270332UJCODI42',87);
INSERT INTO recibir_Noti_Even(CURP,Id_Noti_Evento) VALUES ('VAXB403614RDQZIU83',34);
INSERT INTO recibir_Noti_Even(CURP,Id_Noti_Evento) VALUES ('SOQN334996EYNXKJ85',66);
INSERT INTO recibir_Noti_Even(CURP,Id_Noti_Evento) VALUES ('TWML412744EGSOHK00',47);
INSERT INTO recibir_Noti_Even(CURP,Id_Noti_Evento) VALUES ('QZHW140881RLMNGN43',59);
INSERT INTO recibir_Noti_Even(CURP,Id_Noti_Evento) VALUES ('TBNT133724DGBJJT10',90);
INSERT INTO recibir_Noti_Even(CURP,Id_Noti_Evento) VALUES ('KHDA717872FQKHCH34',29);
INSERT INTO recibir_Noti_Even(CURP,Id_Noti_Evento) VALUES ('HMWF604075LVJXTS42',12);
INSERT INTO recibir_Noti_Even(CURP,Id_Noti_Evento) VALUES ('FWNY918683YSEBQV99',85);
INSERT INTO recibir_Noti_Even(CURP,Id_Noti_Evento) VALUES ('YARJ581280FIGFFN96',12);
INSERT INTO recibir_Noti_Even(CURP,Id_Noti_Evento) VALUES ('ICKD274844ZTQPAC71',86);
INSERT INTO recibir_Noti_Even(CURP,Id_Noti_Evento) VALUES ('AEQX465168PWZDZH17',67);
INSERT INTO recibir_Noti_Even(CURP,Id_Noti_Evento) VALUES ('IONC919934QJOWYD53',17);
INSERT INTO recibir_Noti_Even(CURP,Id_Noti_Evento) VALUES ('KNUD230727QKLAJJ47',8);
INSERT INTO recibir_Noti_Even(CURP,Id_Noti_Evento) VALUES ('SOQN334996EYNXKJ85',7);
INSERT INTO recibir_Noti_Even(CURP,Id_Noti_Evento) VALUES ('VAZA063542DTIGVC08',86);
INSERT INTO recibir_Noti_Even(CURP,Id_Noti_Evento) VALUES ('SIRY386689JQDTSH51',7);
INSERT INTO recibir_Noti_Even(CURP,Id_Noti_Evento) VALUES ('CJID564695VOEPDH55',1);
INSERT INTO recibir_Noti_Even(CURP,Id_Noti_Evento) VALUES ('UQUW280839XPXHYO18',83);
INSERT INTO recibir_Noti_Even(CURP,Id_Noti_Evento) VALUES ('QDRA733534NQFJSO90',31);
INSERT INTO recibir_Noti_Even(CURP,Id_Noti_Evento) VALUES ('XFMX283818TMOOFO41',33);
INSERT INTO recibir_Noti_Even(CURP,Id_Noti_Evento) VALUES ('LYYK143730PXMFMV42',2);
INSERT INTO recibir_Noti_Even(CURP,Id_Noti_Evento) VALUES ('EUYI051511CRNGCJ76',78);
INSERT INTO recibir_Noti_Even(CURP,Id_Noti_Evento) VALUES ('AMZO879309WMXTOG73',43);
INSERT INTO recibir_Noti_Even(CURP,Id_Noti_Evento) VALUES ('XFMX283818TMOOFO41',38);
INSERT INTO recibir_Noti_Even(CURP,Id_Noti_Evento) VALUES ('SMHA617525KWOXET21',83);
INSERT INTO recibir_Noti_Even(CURP,Id_Noti_Evento) VALUES ('OUUN259373WQOXNB07',92);
INSERT INTO recibir_Noti_Even(CURP,Id_Noti_Evento) VALUES ('MYZI648893HPRZRK19',18);
INSERT INTO recibir_Noti_Even(CURP,Id_Noti_Evento) VALUES ('GZYL371625TXGPNC51',72);
INSERT INTO recibir_Noti_Even(CURP,Id_Noti_Evento) VALUES ('MYZI648893HPRZRK19',88);
INSERT INTO recibir_Noti_Even(CURP,Id_Noti_Evento) VALUES ('XOOP595603XCYDPZ72',35);
INSERT INTO recibir_Noti_Even(CURP,Id_Noti_Evento) VALUES ('SAPH883684XPXYYX56',73);
INSERT INTO recibir_Noti_Even(CURP,Id_Noti_Evento) VALUES ('QZHW140881RLMNGN43',85);
INSERT INTO recibir_Noti_Even(CURP,Id_Noti_Evento) VALUES ('IRPS913715XIBLUH97',6);
INSERT INTO recibir_Noti_Even(CURP,Id_Noti_Evento) VALUES ('AGKN604503ZEZOII74',7);
INSERT INTO recibir_Noti_Even(CURP,Id_Noti_Evento) VALUES ('TPUY647479VLZOTV45',74);
INSERT INTO recibir_Noti_Even(CURP,Id_Noti_Evento) VALUES ('GZYL371625TXGPNC51',38);
INSERT INTO recibir_Noti_Even(CURP,Id_Noti_Evento) VALUES ('JWWF687250ADJAFR47',49);
INSERT INTO recibir_Noti_Even(CURP,Id_Noti_Evento) VALUES ('SOQN334996EYNXKJ85',94);
INSERT INTO recibir_Noti_Even(CURP,Id_Noti_Evento) VALUES ('VAZA063542DTIGVC08',100);
INSERT INTO recibir_Noti_Even(CURP,Id_Noti_Evento) VALUES ('SNHB732437KCTANA80',27);
INSERT INTO recibir_Noti_Even(CURP,Id_Noti_Evento) VALUES ('XLAA947857HDSDHA65',27);
INSERT INTO recibir_Noti_Even(CURP,Id_Noti_Evento) VALUES ('SMHA617525KWOXET21',20);
INSERT INTO recibir_Noti_Even(CURP,Id_Noti_Evento) VALUES ('ZBLD452689PPFCTA09',40);
INSERT INTO recibir_Noti_Even(CURP,Id_Noti_Evento) VALUES ('TBNT133724DGBJJT10',64);
INSERT INTO recibir_Noti_Even(CURP,Id_Noti_Evento) VALUES ('EQWO975166MAAYTB37',66);
INSERT INTO recibir_Noti_Even(CURP,Id_Noti_Evento) VALUES ('YUWE822425ZPTZHX45',83);
INSERT INTO recibir_Noti_Even(CURP,Id_Noti_Evento) VALUES ('SGGC538211YLECJT60',11);
INSERT INTO recibir_Noti_Even(CURP,Id_Noti_Evento) VALUES ('AMZO879309WMXTOG73',13);
INSERT INTO recibir_Noti_Even(CURP,Id_Noti_Evento) VALUES ('YZUY849364MVCUJR09',62);
INSERT INTO recibir_Noti_Even(CURP,Id_Noti_Evento) VALUES ('YUWE822425ZPTZHX45',51);
INSERT INTO recibir_Noti_Even(CURP,Id_Noti_Evento) VALUES ('EQUK887358QSAOME68',3);
INSERT INTO recibir_Noti_Even(CURP,Id_Noti_Evento) VALUES ('AGKN604503ZEZOII74',79);
INSERT INTO recibir_Noti_Even(CURP,Id_Noti_Evento) VALUES ('KAXQ214057AFBOEW44',3);
INSERT INTO recibir_Noti_Even(CURP,Id_Noti_Evento) VALUES ('OJZC294570KHATSL35',49);
INSERT INTO recibir_Noti_Even(CURP,Id_Noti_Evento) VALUES ('LSUY687743SUYSHM65',68);
INSERT INTO recibir_Noti_Even(CURP,Id_Noti_Evento) VALUES ('KYDE625409UKWHRW68',20);
INSERT INTO recibir_Noti_Even(CURP,Id_Noti_Evento) VALUES ('XVDV044391BBUEZF53',24);
INSERT INTO recibir_Noti_Even(CURP,Id_Noti_Evento) VALUES ('VOMU204468NEUSKK65',45);
INSERT INTO recibir_Noti_Even(CURP,Id_Noti_Evento) VALUES ('KNUD230727QKLAJJ47',42);
INSERT INTO recibir_Noti_Even(CURP,Id_Noti_Evento) VALUES ('WEBN117225EVFTDE29',19);
INSERT INTO recibir_Noti_Even(CURP,Id_Noti_Evento) VALUES ('SGXN532205TPTAHI13',16);
INSERT INTO recibir_Noti_Even(CURP,Id_Noti_Evento) VALUES ('UDNB658138GLCXWK17',65);
INSERT INTO recibir_Noti_Even(CURP,Id_Noti_Evento) VALUES ('ZPYC793203MDLPCA50',52);
INSERT INTO recibir_Noti_Even(CURP,Id_Noti_Evento) VALUES ('IONC919934QJOWYD53',21);
INSERT INTO recibir_Noti_Even(CURP,Id_Noti_Evento) VALUES ('SIRY386689JQDTSH51',74);
INSERT INTO recibir_Noti_Even(CURP,Id_Noti_Evento) VALUES ('QDRA733534NQFJSO90',85);

--TABLA ASISTIR
INSERT INTO asistir(Id_Evento,CURP) VALUES (43,'IRPS913715XIBLUH97');
INSERT INTO asistir(Id_Evento,CURP) VALUES (63,'PPZX494266TGCNQF11');
INSERT INTO asistir(Id_Evento,CURP) VALUES (100,'EUYI051511CRNGCJ76');
INSERT INTO asistir(Id_Evento,CURP) VALUES (81,'AGKN604503ZEZOII74');
INSERT INTO asistir(Id_Evento,CURP) VALUES (5,'OOGS321614BKYFEV65');
INSERT INTO asistir(Id_Evento,CURP) VALUES (94,'UDNB658138GLCXWK17');
INSERT INTO asistir(Id_Evento,CURP) VALUES (39,'JWWF687250ADJAFR47');
INSERT INTO asistir(Id_Evento,CURP) VALUES (53,'WGFC986417VPONQZ88');
INSERT INTO asistir(Id_Evento,CURP) VALUES (57,'XOOP595603XCYDPZ72');
INSERT INTO asistir(Id_Evento,CURP) VALUES (21,'YWHZ231910YPDDSX53');
INSERT INTO asistir(Id_Evento,CURP) VALUES (74,'SGXN532205TPTAHI13');
INSERT INTO asistir(Id_Evento,CURP) VALUES (34,'FKWN319629ORUINV81');
INSERT INTO asistir(Id_Evento,CURP) VALUES (70,'HFJX182973GKZOAP69');
INSERT INTO asistir(Id_Evento,CURP) VALUES (42,'ZQEV159470TEZBXW21');
INSERT INTO asistir(Id_Evento,CURP) VALUES (38,'VAZA063542DTIGVC08');
INSERT INTO asistir(Id_Evento,CURP) VALUES (20,'VWIL590879VQXCLF40');
INSERT INTO asistir(Id_Evento,CURP) VALUES (75,'EQWO975166MAAYTB37');
INSERT INTO asistir(Id_Evento,CURP) VALUES (33,'TBNT133724DGBJJT10');
INSERT INTO asistir(Id_Evento,CURP) VALUES (73,'IGAX733890TOELTU18');
INSERT INTO asistir(Id_Evento,CURP) VALUES (56,'KYDE625409UKWHRW68');
INSERT INTO asistir(Id_Evento,CURP) VALUES (16,'XLAA947857HDSDHA65');
INSERT INTO asistir(Id_Evento,CURP) VALUES (54,'TUYC467868QNLOLG73');
INSERT INTO asistir(Id_Evento,CURP) VALUES (36,'LSUY687743SUYSHM65');
INSERT INTO asistir(Id_Evento,CURP) VALUES (29,'JWWF687250ADJAFR47');
INSERT INTO asistir(Id_Evento,CURP) VALUES (65,'SONB105542ZLTNUY20');
INSERT INTO asistir(Id_Evento,CURP) VALUES (55,'LKXB754121YKMFWH30');
INSERT INTO asistir(Id_Evento,CURP) VALUES (42,'JMJI509158RXJCZR76');
INSERT INTO asistir(Id_Evento,CURP) VALUES (74,'PPZX494266TGCNQF11');
INSERT INTO asistir(Id_Evento,CURP) VALUES (29,'XLAA947857HDSDHA65');
INSERT INTO asistir(Id_Evento,CURP) VALUES (75,'CWXJ107795ZPLILI81');
INSERT INTO asistir(Id_Evento,CURP) VALUES (71,'LYYK143730PXMFMV42');
INSERT INTO asistir(Id_Evento,CURP) VALUES (76,'LKXB754121YKMFWH30');
INSERT INTO asistir(Id_Evento,CURP) VALUES (41,'SOQN334996EYNXKJ85');
INSERT INTO asistir(Id_Evento,CURP) VALUES (56,'XFMX283818TMOOFO41');
INSERT INTO asistir(Id_Evento,CURP) VALUES (92,'GZYL371625TXGPNC51');
INSERT INTO asistir(Id_Evento,CURP) VALUES (59,'EKGS257075GQSNSN64');
INSERT INTO asistir(Id_Evento,CURP) VALUES (85,'YNHG346710AEYEPR74');
INSERT INTO asistir(Id_Evento,CURP) VALUES (98,'VOMU204468NEUSKK65');
INSERT INTO asistir(Id_Evento,CURP) VALUES (9,'TWML412744EGSOHK00');
INSERT INTO asistir(Id_Evento,CURP) VALUES (40,'AHIU658776BHZVLR52');
INSERT INTO asistir(Id_Evento,CURP) VALUES (30,'KHDA717872FQKHCH34');
INSERT INTO asistir(Id_Evento,CURP) VALUES (26,'HRFI604029EIPLNK04');
INSERT INTO asistir(Id_Evento,CURP) VALUES (95,'IRPS913715XIBLUH97');
INSERT INTO asistir(Id_Evento,CURP) VALUES (24,'CKQT416923FTJOOG79');
INSERT INTO asistir(Id_Evento,CURP) VALUES (65,'IRPS913715XIBLUH97');
INSERT INTO asistir(Id_Evento,CURP) VALUES (81,'FWNY918683YSEBQV99');
INSERT INTO asistir(Id_Evento,CURP) VALUES (60,'AWVT436113DFZWMS23');
INSERT INTO asistir(Id_Evento,CURP) VALUES (76,'XVDV044391BBUEZF53');
INSERT INTO asistir(Id_Evento,CURP) VALUES (42,'TWML412744EGSOHK00');
INSERT INTO asistir(Id_Evento,CURP) VALUES (44,'QOEG346379UTTIPE02');
INSERT INTO asistir(Id_Evento,CURP) VALUES (99,'IGAX733890TOELTU18');
INSERT INTO asistir(Id_Evento,CURP) VALUES (100,'TBNT133724DGBJJT10');
INSERT INTO asistir(Id_Evento,CURP) VALUES (72,'MBEV622378EHBNUB11');
INSERT INTO asistir(Id_Evento,CURP) VALUES (47,'CJID564695VOEPDH55');
INSERT INTO asistir(Id_Evento,CURP) VALUES (94,'HRFI604029EIPLNK04');
INSERT INTO asistir(Id_Evento,CURP) VALUES (40,'ZQEV159470TEZBXW21');
INSERT INTO asistir(Id_Evento,CURP) VALUES (94,'MBEV622378EHBNUB11');
INSERT INTO asistir(Id_Evento,CURP) VALUES (42,'FPBE214145VPZANR14');
INSERT INTO asistir(Id_Evento,CURP) VALUES (54,'KNUD230727QKLAJJ47');
INSERT INTO asistir(Id_Evento,CURP) VALUES (30,'IRPS913715XIBLUH97');
INSERT INTO asistir(Id_Evento,CURP) VALUES (45,'SGXN532205TPTAHI13');
INSERT INTO asistir(Id_Evento,CURP) VALUES (36,'SAPH883684XPXYYX56');
INSERT INTO asistir(Id_Evento,CURP) VALUES (75,'SONB105542ZLTNUY20');
INSERT INTO asistir(Id_Evento,CURP) VALUES (99,'FKWN319629ORUINV81');
INSERT INTO asistir(Id_Evento,CURP) VALUES (9,'IGAX733890TOELTU18');
INSERT INTO asistir(Id_Evento,CURP) VALUES (30,'XVDV044391BBUEZF53');
INSERT INTO asistir(Id_Evento,CURP) VALUES (85,'LSUY687743SUYSHM65');
INSERT INTO asistir(Id_Evento,CURP) VALUES (25,'KHDA717872FQKHCH34');
INSERT INTO asistir(Id_Evento,CURP) VALUES (74,'JMJI509158RXJCZR76');
INSERT INTO asistir(Id_Evento,CURP) VALUES (5,'TWML412744EGSOHK00');
INSERT INTO asistir(Id_Evento,CURP) VALUES (4,'YZUY849364MVCUJR09');
INSERT INTO asistir(Id_Evento,CURP) VALUES (23,'CJID564695VOEPDH55');
INSERT INTO asistir(Id_Evento,CURP) VALUES (92,'BXZI709362NJDULY24');
INSERT INTO asistir(Id_Evento,CURP) VALUES (19,'SONB105542ZLTNUY20');
INSERT INTO asistir(Id_Evento,CURP) VALUES (5,'EUYI051511CRNGCJ76');
INSERT INTO asistir(Id_Evento,CURP) VALUES (94,'VAXB403614RDQZIU83');
INSERT INTO asistir(Id_Evento,CURP) VALUES (46,'DADK477291QIMUKB45');
INSERT INTO asistir(Id_Evento,CURP) VALUES (100,'AWVT436113DFZWMS23');
INSERT INTO asistir(Id_Evento,CURP) VALUES (51,'SGGC538211YLECJT60');
INSERT INTO asistir(Id_Evento,CURP) VALUES (28,'TBNT133724DGBJJT10');
INSERT INTO asistir(Id_Evento,CURP) VALUES (87,'KAXQ214057AFBOEW44');
INSERT INTO asistir(Id_Evento,CURP) VALUES (76,'TBNT133724DGBJJT10');
INSERT INTO asistir(Id_Evento,CURP) VALUES (64,'ZQEV159470TEZBXW21');
INSERT INTO asistir(Id_Evento,CURP) VALUES (54,'SGXN532205TPTAHI13');
INSERT INTO asistir(Id_Evento,CURP) VALUES (48,'WEBN117225EVFTDE29');
INSERT INTO asistir(Id_Evento,CURP) VALUES (13,'VWIL590879VQXCLF40');
INSERT INTO asistir(Id_Evento,CURP) VALUES (7,'YUWE822425ZPTZHX45');
INSERT INTO asistir(Id_Evento,CURP) VALUES (32,'ZCDK397690PVVJOV67');
INSERT INTO asistir(Id_Evento,CURP) VALUES (100,'TXYX466795ZAWQNL05');
INSERT INTO asistir(Id_Evento,CURP) VALUES (22,'MUPY156740MHHJLQ06');
INSERT INTO asistir(Id_Evento,CURP) VALUES (93,'HMWF604075LVJXTS42');
INSERT INTO asistir(Id_Evento,CURP) VALUES (41,'PVRG878125JVHPXM04');
INSERT INTO asistir(Id_Evento,CURP) VALUES (18,'EKGS257075GQSNSN64');
INSERT INTO asistir(Id_Evento,CURP) VALUES (26,'QDRA733534NQFJSO90');
INSERT INTO asistir(Id_Evento,CURP) VALUES (31,'KNUD230727QKLAJJ47');
INSERT INTO asistir(Id_Evento,CURP) VALUES (71,'ICKD274844ZTQPAC71');
INSERT INTO asistir(Id_Evento,CURP) VALUES (39,'YLWS620183GRDAJD31');
INSERT INTO asistir(Id_Evento,CURP) VALUES (85,'SNHB732437KCTANA80');
INSERT INTO asistir(Id_Evento,CURP) VALUES (83,'XKSK907624GVKKCD37');
INSERT INTO asistir(Id_Evento,CURP) VALUES (23,'YZUY849364MVCUJR09');
INSERT INTO asistir(Id_Evento,CURP) VALUES (20,'QZHW140881RLMNGN43');
INSERT INTO asistir(Id_Evento,CURP) VALUES (10,'HFJX182973GKZOAP69');
INSERT INTO asistir(Id_Evento,CURP) VALUES (4,'LYYK143730PXMFMV42');
INSERT INTO asistir(Id_Evento,CURP) VALUES (57,'XVDV044391BBUEZF53');
INSERT INTO asistir(Id_Evento,CURP) VALUES (30,'ZBLD452689PPFCTA09');
INSERT INTO asistir(Id_Evento,CURP) VALUES (50,'XVDV044391BBUEZF53');
INSERT INTO asistir(Id_Evento,CURP) VALUES (89,'EQUK887358QSAOME68');
INSERT INTO asistir(Id_Evento,CURP) VALUES (42,'QOEG346379UTTIPE02');
INSERT INTO asistir(Id_Evento,CURP) VALUES (10,'HRFI604029EIPLNK04');
INSERT INTO asistir(Id_Evento,CURP) VALUES (68,'IONC919934QJOWYD53');
INSERT INTO asistir(Id_Evento,CURP) VALUES (73,'EAHG013511ECYJFB21');
INSERT INTO asistir(Id_Evento,CURP) VALUES (66,'YUWE822425ZPTZHX45');
INSERT INTO asistir(Id_Evento,CURP) VALUES (65,'EQWO975166MAAYTB37');
INSERT INTO asistir(Id_Evento,CURP) VALUES (21,'BXZI709362NJDULY24');
INSERT INTO asistir(Id_Evento,CURP) VALUES (99,'VAXB403614RDQZIU83');
INSERT INTO asistir(Id_Evento,CURP) VALUES (73,'LKXB754121YKMFWH30');
INSERT INTO asistir(Id_Evento,CURP) VALUES (78,'JWWF687250ADJAFR47');
INSERT INTO asistir(Id_Evento,CURP) VALUES (70,'PVRG878125JVHPXM04');
INSERT INTO asistir(Id_Evento,CURP) VALUES (33,'CJID564695VOEPDH55');
INSERT INTO asistir(Id_Evento,CURP) VALUES (29,'AEQX465168PWZDZH17');
INSERT INTO asistir(Id_Evento,CURP) VALUES (96,'OJZC294570KHATSL35');
INSERT INTO asistir(Id_Evento,CURP) VALUES (29,'ULFT460745EJINST69');
INSERT INTO asistir(Id_Evento,CURP) VALUES (15,'XHKN967348VEKJEK02');
INSERT INTO asistir(Id_Evento,CURP) VALUES (13,'QOEG346379UTTIPE02');
INSERT INTO asistir(Id_Evento,CURP) VALUES (65,'TXYX466795ZAWQNL05');
INSERT INTO asistir(Id_Evento,CURP) VALUES (14,'SNHB732437KCTANA80');
INSERT INTO asistir(Id_Evento,CURP) VALUES (47,'RBQR974407ABJQMV06');
INSERT INTO asistir(Id_Evento,CURP) VALUES (17,'OOGS321614BKYFEV65');
INSERT INTO asistir(Id_Evento,CURP) VALUES (52,'ZBLD452689PPFCTA09');
INSERT INTO asistir(Id_Evento,CURP) VALUES (41,'KNUD230727QKLAJJ47');
INSERT INTO asistir(Id_Evento,CURP) VALUES (74,'VOMU204468NEUSKK65');
INSERT INTO asistir(Id_Evento,CURP) VALUES (3,'DADK477291QIMUKB45');
INSERT INTO asistir(Id_Evento,CURP) VALUES (83,'ZCDK397690PVVJOV67');
INSERT INTO asistir(Id_Evento,CURP) VALUES (7,'ZBLD452689PPFCTA09');
INSERT INTO asistir(Id_Evento,CURP) VALUES (26,'PPZX494266TGCNQF11');
INSERT INTO asistir(Id_Evento,CURP) VALUES (31,'RBQR974407ABJQMV06');
INSERT INTO asistir(Id_Evento,CURP) VALUES (77,'MUPY156740MHHJLQ06');
INSERT INTO asistir(Id_Evento,CURP) VALUES (94,'FFRM030547QTRKCL75');
INSERT INTO asistir(Id_Evento,CURP) VALUES (54,'LKXB754121YKMFWH30');
INSERT INTO asistir(Id_Evento,CURP) VALUES (8,'VNHO144246PZNJNV90');
INSERT INTO asistir(Id_Evento,CURP) VALUES (90,'VOMU204468NEUSKK65');
INSERT INTO asistir(Id_Evento,CURP) VALUES (19,'XVDV044391BBUEZF53');
INSERT INTO asistir(Id_Evento,CURP) VALUES (61,'ZPYC793203MDLPCA50');
INSERT INTO asistir(Id_Evento,CURP) VALUES (30,'HRFI604029EIPLNK04');
INSERT INTO asistir(Id_Evento,CURP) VALUES (42,'FFRM030547QTRKCL75');
INSERT INTO asistir(Id_Evento,CURP) VALUES (2,'YNHG346710AEYEPR74');
INSERT INTO asistir(Id_Evento,CURP) VALUES (75,'EUYI051511CRNGCJ76');
INSERT INTO asistir(Id_Evento,CURP) VALUES (73,'MYZI648893HPRZRK19');
INSERT INTO asistir(Id_Evento,CURP) VALUES (36,'CKQT416923FTJOOG79');
INSERT INTO asistir(Id_Evento,CURP) VALUES (28,'KHDA717872FQKHCH34');
INSERT INTO asistir(Id_Evento,CURP) VALUES (79,'CJID564695VOEPDH55');
INSERT INTO asistir(Id_Evento,CURP) VALUES (87,'BXZI709362NJDULY24');
INSERT INTO asistir(Id_Evento,CURP) VALUES (75,'TUYC467868QNLOLG73');
INSERT INTO asistir(Id_Evento,CURP) VALUES (32,'AEQX465168PWZDZH17');
INSERT INTO asistir(Id_Evento,CURP) VALUES (66,'IGAX733890TOELTU18');
INSERT INTO asistir(Id_Evento,CURP) VALUES (83,'YWHZ231910YPDDSX53');
INSERT INTO asistir(Id_Evento,CURP) VALUES (84,'JWWF687250ADJAFR47');
INSERT INTO asistir(Id_Evento,CURP) VALUES (21,'OOGS321614BKYFEV65');
INSERT INTO asistir(Id_Evento,CURP) VALUES (82,'KAXQ214057AFBOEW44');
INSERT INTO asistir(Id_Evento,CURP) VALUES (1,'EQWO975166MAAYTB37');
INSERT INTO asistir(Id_Evento,CURP) VALUES (83,'EKGS257075GQSNSN64');
INSERT INTO asistir(Id_Evento,CURP) VALUES (21,'HMWF604075LVJXTS42');
INSERT INTO asistir(Id_Evento,CURP) VALUES (62,'LKXB754121YKMFWH30');
INSERT INTO asistir(Id_Evento,CURP) VALUES (14,'FPBE214145VPZANR14');
INSERT INTO asistir(Id_Evento,CURP) VALUES (80,'WGFC986417VPONQZ88');
INSERT INTO asistir(Id_Evento,CURP) VALUES (12,'UUVT364170YCTNPX59');
INSERT INTO asistir(Id_Evento,CURP) VALUES (16,'BMBW029311WSYUNT48');
INSERT INTO asistir(Id_Evento,CURP) VALUES (98,'VAZA063542DTIGVC08');
INSERT INTO asistir(Id_Evento,CURP) VALUES (93,'VOMU204468NEUSKK65');
INSERT INTO asistir(Id_Evento,CURP) VALUES (72,'SONB105542ZLTNUY20');
INSERT INTO asistir(Id_Evento,CURP) VALUES (77,'LDMX057604IXOHLS53');
INSERT INTO asistir(Id_Evento,CURP) VALUES (6,'CWXJ107795ZPLILI81');
INSERT INTO asistir(Id_Evento,CURP) VALUES (16,'RBQR974407ABJQMV06');
INSERT INTO asistir(Id_Evento,CURP) VALUES (25,'SGGC538211YLECJT60');
INSERT INTO asistir(Id_Evento,CURP) VALUES (68,'GLFX019664ZDUIMG01');
INSERT INTO asistir(Id_Evento,CURP) VALUES (3,'JRIN792719IZATRO21');
INSERT INTO asistir(Id_Evento,CURP) VALUES (96,'IONC919934QJOWYD53');
INSERT INTO asistir(Id_Evento,CURP) VALUES (68,'MBEV622378EHBNUB11');
INSERT INTO asistir(Id_Evento,CURP) VALUES (71,'VNNS103082OPKCWQ85');
INSERT INTO asistir(Id_Evento,CURP) VALUES (21,'SMHA617525KWOXET21');
INSERT INTO asistir(Id_Evento,CURP) VALUES (85,'AEQX465168PWZDZH17');
INSERT INTO asistir(Id_Evento,CURP) VALUES (25,'JWWF687250ADJAFR47');
INSERT INTO asistir(Id_Evento,CURP) VALUES (79,'VNNS103082OPKCWQ85');
INSERT INTO asistir(Id_Evento,CURP) VALUES (12,'HRFI604029EIPLNK04');
INSERT INTO asistir(Id_Evento,CURP) VALUES (5,'LDMX057604IXOHLS53');
INSERT INTO asistir(Id_Evento,CURP) VALUES (100,'LDMX057604IXOHLS53');
INSERT INTO asistir(Id_Evento,CURP) VALUES (4,'LDMX057604IXOHLS53');
INSERT INTO asistir(Id_Evento,CURP) VALUES (46,'GLFX019664ZDUIMG01');
INSERT INTO asistir(Id_Evento,CURP) VALUES (7,'CKQT416923FTJOOG79');
INSERT INTO asistir(Id_Evento,CURP) VALUES (63,'MUPY156740MHHJLQ06');
INSERT INTO asistir(Id_Evento,CURP) VALUES (56,'SIRY386689JQDTSH51');
INSERT INTO asistir(Id_Evento,CURP) VALUES (76,'BXZI709362NJDULY24');
INSERT INTO asistir(Id_Evento,CURP) VALUES (3,'MUPY156740MHHJLQ06');
INSERT INTO asistir(Id_Evento,CURP) VALUES (63,'FPBE214145VPZANR14');
INSERT INTO asistir(Id_Evento,CURP) VALUES (91,'VWIL590879VQXCLF40');
INSERT INTO asistir(Id_Evento,CURP) VALUES (66,'HMWF604075LVJXTS42');
INSERT INTO asistir(Id_Evento,CURP) VALUES (2,'MUPY156740MHHJLQ06');
INSERT INTO asistir(Id_Evento,CURP) VALUES (1,'BXZI709362NJDULY24');
INSERT INTO asistir(Id_Evento,CURP) VALUES (87,'TWML412744EGSOHK00');
INSERT INTO asistir(Id_Evento,CURP) VALUES (95,'IGAX733890TOELTU18');

--TABLA ASOCIAR
insert into asociar (Id_Articulo, Num_Ticket_Art) values (82, 47);
insert into asociar (Id_Articulo, Num_Ticket_Art) values (52, 50);
insert into asociar (Id_Articulo, Num_Ticket_Art) values (44, 15);
insert into asociar (Id_Articulo, Num_Ticket_Art) values (55, 93);
insert into asociar (Id_Articulo, Num_Ticket_Art) values (38, 5);
insert into asociar (Id_Articulo, Num_Ticket_Art) values (78, 12);
insert into asociar (Id_Articulo, Num_Ticket_Art) values (63, 18);
insert into asociar (Id_Articulo, Num_Ticket_Art) values (25, 42);
insert into asociar (Id_Articulo, Num_Ticket_Art) values (77, 81);
insert into asociar (Id_Articulo, Num_Ticket_Art) values (97, 12);
insert into asociar (Id_Articulo, Num_Ticket_Art) values (57, 50);
insert into asociar (Id_Articulo, Num_Ticket_Art) values (67, 86);
insert into asociar (Id_Articulo, Num_Ticket_Art) values (7, 71);
insert into asociar (Id_Articulo, Num_Ticket_Art) values (30, 29);
insert into asociar (Id_Articulo, Num_Ticket_Art) values (75, 47);
insert into asociar (Id_Articulo, Num_Ticket_Art) values (72, 80);
insert into asociar (Id_Articulo, Num_Ticket_Art) values (52, 49);
insert into asociar (Id_Articulo, Num_Ticket_Art) values (51, 3);
insert into asociar (Id_Articulo, Num_Ticket_Art) values (50, 55);
insert into asociar (Id_Articulo, Num_Ticket_Art) values (35, 26);
insert into asociar (Id_Articulo, Num_Ticket_Art) values (26, 81);
insert into asociar (Id_Articulo, Num_Ticket_Art) values (4, 39);
insert into asociar (Id_Articulo, Num_Ticket_Art) values (21, 46);
insert into asociar (Id_Articulo, Num_Ticket_Art) values (38, 70);
insert into asociar (Id_Articulo, Num_Ticket_Art) values (5, 76);
insert into asociar (Id_Articulo, Num_Ticket_Art) values (85, 66);
insert into asociar (Id_Articulo, Num_Ticket_Art) values (86, 25);
insert into asociar (Id_Articulo, Num_Ticket_Art) values (98, 53);
insert into asociar (Id_Articulo, Num_Ticket_Art) values (3, 38);
insert into asociar (Id_Articulo, Num_Ticket_Art) values (33, 29);
insert into asociar (Id_Articulo, Num_Ticket_Art) values (43, 28);
insert into asociar (Id_Articulo, Num_Ticket_Art) values (77, 87);
insert into asociar (Id_Articulo, Num_Ticket_Art) values (17, 50);
insert into asociar (Id_Articulo, Num_Ticket_Art) values (43, 63);
insert into asociar (Id_Articulo, Num_Ticket_Art) values (58, 82);
insert into asociar (Id_Articulo, Num_Ticket_Art) values (57, 78);
insert into asociar (Id_Articulo, Num_Ticket_Art) values (27, 12);
insert into asociar (Id_Articulo, Num_Ticket_Art) values (68, 78);
insert into asociar (Id_Articulo, Num_Ticket_Art) values (42, 70);
insert into asociar (Id_Articulo, Num_Ticket_Art) values (35, 73);
insert into asociar (Id_Articulo, Num_Ticket_Art) values (46, 59);
insert into asociar (Id_Articulo, Num_Ticket_Art) values (63, 91);
insert into asociar (Id_Articulo, Num_Ticket_Art) values (41, 50);
insert into asociar (Id_Articulo, Num_Ticket_Art) values (30, 60);
insert into asociar (Id_Articulo, Num_Ticket_Art) values (80, 38);
insert into asociar (Id_Articulo, Num_Ticket_Art) values (42, 64);
insert into asociar (Id_Articulo, Num_Ticket_Art) values (85, 71);
insert into asociar (Id_Articulo, Num_Ticket_Art) values (94, 29);
insert into asociar (Id_Articulo, Num_Ticket_Art) values (56, 31);
insert into asociar (Id_Articulo, Num_Ticket_Art) values (53, 52);
insert into asociar (Id_Articulo, Num_Ticket_Art) values (18, 100);
insert into asociar (Id_Articulo, Num_Ticket_Art) values (49, 81);
insert into asociar (Id_Articulo, Num_Ticket_Art) values (58, 91);
insert into asociar (Id_Articulo, Num_Ticket_Art) values (67, 23);
insert into asociar (Id_Articulo, Num_Ticket_Art) values (44, 36);
insert into asociar (Id_Articulo, Num_Ticket_Art) values (43, 95);
insert into asociar (Id_Articulo, Num_Ticket_Art) values (62, 88);
insert into asociar (Id_Articulo, Num_Ticket_Art) values (91, 74);
insert into asociar (Id_Articulo, Num_Ticket_Art) values (54, 21);
insert into asociar (Id_Articulo, Num_Ticket_Art) values (69, 75);
insert into asociar (Id_Articulo, Num_Ticket_Art) values (18, 31);
insert into asociar (Id_Articulo, Num_Ticket_Art) values (79, 34);
insert into asociar (Id_Articulo, Num_Ticket_Art) values (46, 49);
insert into asociar (Id_Articulo, Num_Ticket_Art) values (79, 88);
insert into asociar (Id_Articulo, Num_Ticket_Art) values (59, 98);
insert into asociar (Id_Articulo, Num_Ticket_Art) values (46, 53);
insert into asociar (Id_Articulo, Num_Ticket_Art) values (81, 50);
insert into asociar (Id_Articulo, Num_Ticket_Art) values (48, 67);
insert into asociar (Id_Articulo, Num_Ticket_Art) values (92, 100);
insert into asociar (Id_Articulo, Num_Ticket_Art) values (69, 78);
insert into asociar (Id_Articulo, Num_Ticket_Art) values (60, 97);
insert into asociar (Id_Articulo, Num_Ticket_Art) values (50, 100);
insert into asociar (Id_Articulo, Num_Ticket_Art) values (38, 81);
insert into asociar (Id_Articulo, Num_Ticket_Art) values (11, 25);
insert into asociar (Id_Articulo, Num_Ticket_Art) values (100, 61);
insert into asociar (Id_Articulo, Num_Ticket_Art) values (20, 2);
insert into asociar (Id_Articulo, Num_Ticket_Art) values (35, 55);
insert into asociar (Id_Articulo, Num_Ticket_Art) values (100, 57);
insert into asociar (Id_Articulo, Num_Ticket_Art) values (83, 87);
insert into asociar (Id_Articulo, Num_Ticket_Art) values (86, 54);
insert into asociar (Id_Articulo, Num_Ticket_Art) values (34, 63);
insert into asociar (Id_Articulo, Num_Ticket_Art) values (31, 86);
insert into asociar (Id_Articulo, Num_Ticket_Art) values (19, 28);
insert into asociar (Id_Articulo, Num_Ticket_Art) values (5, 57);
insert into asociar (Id_Articulo, Num_Ticket_Art) values (92, 43);
insert into asociar (Id_Articulo, Num_Ticket_Art) values (82, 98);
insert into asociar (Id_Articulo, Num_Ticket_Art) values (31, 40);
insert into asociar (Id_Articulo, Num_Ticket_Art) values (45, 21);
insert into asociar (Id_Articulo, Num_Ticket_Art) values (41, 64);
insert into asociar (Id_Articulo, Num_Ticket_Art) values (75, 22);
insert into asociar (Id_Articulo, Num_Ticket_Art) values (76, 90);
insert into asociar (Id_Articulo, Num_Ticket_Art) values (21, 87);
insert into asociar (Id_Articulo, Num_Ticket_Art) values (67, 66);
insert into asociar (Id_Articulo, Num_Ticket_Art) values (4, 77);
insert into asociar (Id_Articulo, Num_Ticket_Art) values (60, 23);
insert into asociar (Id_Articulo, Num_Ticket_Art) values (44, 100);
insert into asociar (Id_Articulo, Num_Ticket_Art) values (75, 68);
insert into asociar (Id_Articulo, Num_Ticket_Art) values (17, 16);
insert into asociar (Id_Articulo, Num_Ticket_Art) values (62, 69);



